tree
version=v4
num_class=1
num_tree_per_iteration=1
label_index=0
max_feature_idx=14
objective=binary sigmoid:1
feature_names=meal_type target_cal goal body_type activity diet spicy_pref bmi food_id food_meal_type calories_kcal protein_g carbs_g fat_g abs_cal_diff
feature_infos=-1:1:0:2 [540:1040] -1:2:0:1 -1:2:0:1 -1:2:1:0 -1:0:1 -1:2:0:1 [17.399999999999999:26.699999999999999] [16:553] -1:1:0:2 [330:680] [3:45] [0:70] [12:40] [10:490]
tree_sizes=2269 3904 3633 3443 3055 3900 3809 3170 3504 4155 4346 3669 5316 3475 2205 3843 4080 3184 2945 4266 2935 4072 4111 4068 4783 3824 4495 3799 4302 2672 3542 4158 4710 4592 3210 3709 4783 4037 4259 3741 4407 5020 6354 4568 4483 6534 5074 4822 4904 5620 3482 5600 6413 6791 4602 4621 3832 3474 4257 4474 3487 3851 2988 4298 3408 3989 4125 3560 3565 2887 3665 3539 3675 3654 5596 3497 2197 2215 3378 3401 2615 3140 3830

Tree=0
num_leaves=20
num_cat=0
split_feature=13 10 14 14 12 10 8 14 14 14 8 13 10 10 11 10 14 10 10
split_gain=12654 10703 18139 12583.3 21772.2 11902.2 8273.98 7588.63 8035 21329 10121.2 5185.32 5018.07 3908.5 3126.01 4512.77 2495.02 541.792 210.893
threshold=17.000000000000004 625.00000000000011 325.00000000000006 75.000000000000014 32.500000000000007 590.00000000000011 437.50000000000006 385.00000000000006 15.000000000000002 90.000000000000014 159.00000000000003 39.000000000000007 470.00000000000006 565.00000000000011 16.500000000000004 535.00000000000011 270.00000000000006 590.00000000000011 510.00000000000006
decision_type=2 2 2 2 2 2 2 2 2 2 2 2 2 2 2 2 2 2 2
left_child=16 2 3 11 -5 6 12 8 -3 -10 -11 14 -6 -4 -2 18 -1 -17 -16
right_child=1 7 13 4 5 -7 -8 -9 9 10 -12 -13 -14 -15 15 17 -18 -19 -20
leaf_value=-0.54385479616824162 -0.76742747011140477 -0.60284593108403717 -0.767998881513415 -0.54451840426136933 -0.63376632595422888 -0.76781532382475459 -0.56844149048615944 -0.56918784188643112 -0.76794147970226034 -0.54377245735950297 -0.65553532845619444 -0.76781802432750956 -0.68116434139343307 -0.6918166229625774 -0.59916420560480366 -0.71454282228003785 -0.61063616909058571 -0.6866792716541984 -0.64270147439532488
leaf_weight=2180.4444606900215 1101.555563762784 7525.3333894014359 5384.4444845616817 4620.888923317194 9600.0000715255737 2400.6666845530272 2670.444464340806 3684.2222496718168 3879.1111400127411 2468.8889072835445 11165.555638745427 2420.4444624781609 13353.555655047297 2445.1111293286085 1438.6666773855686 2376.0000177025795 4077.333363711834 6478.4444927126169 401.33333632349968
leaf_count=4906 4957 21415 24230 10445 30293 10803 6671 9236 17456 5555 37667 10892 48474 9136 4033 9421 11917 23874 1297
internal_value=-0.655689 -0.660843 -0.67383 -0.662058 -0.644964 -0.661576 -0.651595 -0.636132 -0.64603 -0.664629 -0.635199 -0.701314 -0.661321 -0.74423 -0.68762 -0.679334 -0.587158 -0.694166 -0.608309
internal_weight=89672.4 83414.7 54691.6 46862 32645.6 28024.7 25624 28723.1 25038.9 17513.6 13634.4 14216.4 22953.6 7829.56 11796 10694.4 6257.78 8854.44 1840
internal_count=302678 285855 194526 161160 106686 96241 85438 91329 82093 60678 43222 54474 78767 33366 43582 38625 16823 33295 5330
is_linear=0
shrinkage=1


Tree=1
num_leaves=35
num_cat=1
split_feature=13 10 14 14 12 10 0 8 14 14 14 8 13 10 10 14 10 10 8 7 7 7 7 7 7 8 7 7 7 7 7 7 7 7
split_gain=10783.9 9437.07 16306.8 11225 18371.2 10965.9 7734.85 6923.4 6308.93 7043.78 18990.7 8331.06 4569.83 3694.65 3647.38 2046.39 482.794 183.205 52.3684 10.7595 6.50356 5.1971 8.58844 4.83845 3.5444 3.24371 4.03683 3.19798 2.35031 2.12992 1.78389 1.42304 1.37291 0.523045
threshold=17.000000000000004 625.00000000000011 325.00000000000006 75.000000000000014 32.500000000000007 590.00000000000011 0 437.50000000000006 385.00000000000006 15.000000000000002 90.000000000000014 159.00000000000003 27.500000000000004 565.00000000000011 535.00000000000011 270.00000000000006 590.00000000000011 510.00000000000006 420.50000000000006 20.950000000000003 19.450000000000003 21.450000000000003 22.250000000000004 25.750000000000004 17.950000000000003 247.00000000000003 19.250000000000004 18.450000000000003 19.650000000000002 18.750000000000004 25.350000000000005 18.050000000000004 21.650000000000002 18.450000000000003
decision_type=2 2 2 2 2 2 1 2 2 2 2 2 2 2 2 2 2 2 2 2 2 2 2 2 2 2 2 2 2 2 2 2 2 2
left_child=15 2 3 6 -5 7 14 12 9 -3 -11 -12 -6 -4 17 -1 23 18 -2 25 -18 -21 32 -16 -13 26 33 31 -28 -29 -24 -27 -23 -15
right_child=1 8 13 4 5 -7 -8 -9 -10 10 11 24 -14 19 16 -17 20 -19 -20 21 -22 22 30 -25 -26 27 28 29 -30 -31 -32 -33 -34 -35
leaf_value=0.1355192054141868 0.10113694791722992 0.084122278960383282 -0.073047272735426799 0.13492374238549018 0.047236404090020813 -0.072873297079270247 -0.072977919094172547 0.11352098540318656 0.11357209216319841 -0.072989515256705592 0.13557131058619484 0.023752235477382019 0.0011986148922268772 0.0030569778881664625 -0.020039394590139249 0.076291235296584867 0.011405478686870071 0.045332507650728292 0.075876493858361371 0.014423937283080846 0.0061215054949920085 0.0017711789214330332 0.0062647154140585155 -0.0035242445222170189 0.035642086186228487 0 -0.011579895333784817 0.00937341302706521 -0.0032813386079934299 0.0013314266589541336 0.016388521340498691 -0.010767230264018881 -0.0061464453629778504 -0.00074642060275601754
leaf_weight=2294.1383538246155 504.13434149324894 7771.0602955520153 5211.728061363101 4860.4764864742756 14544.54226885736 2374.2829319089651 3447.809479907155 2786.7545961141586 3798.4529832601547 3734.3383803963661 2540.525613963604 169.61591830849648 8565.204545840621 112.93892604112625 2295.5573676526546 4192.3929809331894 686.58341030776501 411.06896907091141 927.94587142765522 147.62095844745636 5830.0574435442686 62.916763916611671 345.4863997399807 57.581977218389511 11178.22890804708 61.582839593291283 149.17720349133015 90.706853985786438 264.56165745854378 634.28101573884487 58.914990946650505 60.026594549417496 159.84859807789326 307.69187724590302
leaf_count=4936 1292 21437 24075 10507 46595 10967 15925 6714 9158 17250 5466 582 31838 419 9158 11941 2487 1315 2624 530 21439 234 1272 221 37212 231 578 330 1001 2368 209 233 610 1156
internal_value=0.0353405 0.0305436 0.0183335 0.0293017 0.0452235 0.0297577 -0.00795195 0.0391938 0.0535152 0.0444886 0.0269708 0.0538852 0.0301834 -0.0492605 0.0130197 0.0974229 -0.000303537 0.0768174 0.0854433 0.00129237 0.0067025 0.00613559 0.00391047 -0.019673 0.0354898 -0.000933472 -0.00314494 0.00119896 -0.00659412 0.00251947 0.00822014 -0.00588677 -0.0037154 0.000205953
internal_weight=90638.2 84151.7 54959.5 47292 33131.3 28270.8 14160.7 25896.5 29192.2 25393.8 17622.7 13888.4 23109.7 7667.48 10712.9 6486.53 8869.78 1843.15 1432.08 2455.75 6516.64 774.788 627.167 2353.14 11347.8 1680.97 834.37 846.597 413.739 724.988 404.401 121.609 222.765 420.631
internal_count=302310 285433 194328 161082 106621 96114 54461 85147 91105 81947 60510 43260 78433 33246 38536 16877 33305 5231 3916 9171 23926 2855 2325 9379 37794 6316 3154 3162 1579 2698 1481 464 844 1575
cat_boundaries=0 1
cat_threshold=2
is_linear=0
shrinkage=0.05


Tree=2
num_leaves=33
num_cat=7
split_feature=13 10 14 14 12 2 2 0 2 8 12 8 10 10 12 0 2 2 10 8 10 8 7 7 8 7 7 7 7 7 7 7
split_gain=9535.31 8133.66 15063.4 9656.72 15866.9 21196.6 8645.83 7312.98 5564.17 12703.1 5612.1 4520.72 3463.77 3327.1 3114.5 2096.05 1677.67 1648.58 584.758 208.801 172.461 35.9929 4.4232 2.48615 2.16576 3.76605 2.51532 5.40659 2.63216 2.32923 1.01617 0.160244
threshold=17.000000000000004 625.00000000000011 325.00000000000006 75.000000000000014 32.500000000000007 0 1 2 3 159.00000000000003 57.500000000000007 437.50000000000006 565.00000000000011 535.00000000000011 57.500000000000007 4 5 6 590.00000000000011 159.00000000000003 510.00000000000006 420.50000000000006 24.050000000000004 25.750000000000004 247.00000000000003 22.050000000000004 19.150000000000002 18.950000000000003 19.650000000000002 21.650000000000002 24.650000000000002 22.950000000000003
decision_type=2 2 2 2 2 1 1 1 1 2 2 2 2 2 2 1 1 1 2 2 2 2 2 2 2 2 2 2 2 2 2 2
left_child=16 2 3 7 -5 -6 -3 13 9 -8 19 15 -4 20 -11 -7 -1 23 -19 -10 21 -2 24 -15 25 29 27 -26 -28 -14 -24 -27
right_child=1 6 12 4 5 11 8 -9 10 14 -12 -13 22 17 -16 -17 -18 18 -20 -21 -22 -23 30 -25 26 31 28 -29 -30 -31 -32 -33
leaf_value=0.071751629649841941 0.094618355407865007 -0.071022518635559362 -0.071413913495131057 0.12404292319306048 -0.073170247083258533 0.12887329707255832 -0.071228373859753974 -0.071342941445676947 0.12471793539742371 0.033329059242056917 0.033059925581875954 0.10527716045653449 -0.00062138050117373092 0.015249994634415929 0.077621241784151238 0.035540363527828737 0.12467095146031865 -0.018765061462787863 -0.073998620797070508 0.10434848856757371 0.042462673825868102 0.072854204847109139 -0.012357090319912129 0.023125594910306711 0.0026308680958191935 0.0090041356883414862 0.0093589340379579469 -0.011303387522024672 0.0025377698016677448 -0.010313718205335744 -0.0030452215415745546 0.0028037759388195825
leaf_weight=4242.398611754179 525.72175270318985 1400.2596941292286 5126.8926105350256 5042.0534147322178 4381.8550113588572 611.85208261013031 2261.5530949234962 3348.0372602343559 2660.6188327670097 8087.1324794590473 3339.8551225364208 2854.4988528043032 936.57977479696274 5762.6632762253284 7845.5506307631731 20638.547914758325 2380.8680914640427 2361.7033826857805 596.7440025806427 3926.9075999110937 410.29505157470703 960.24986699223518 53.690627411007881 158.65884478390217 300.22203466296196 82.764073997735977 200.8444858789444 79.403633952140808 575.96864652633667 58.128531962633133 111.80142669379711 59.260194569826126
leaf_count=11794 1306 6651 24353 10564 20254 1386 10742 15901 5546 26640 11010 6670 3519 20597 21185 67810 4963 9476 2674 9220 1295 2638 209 552 1116 301 732 308 2140 226 421 219
internal_value=0.0331965 0.0286735 0.0173437 0.027763 0.0423683 0.027872 0.0498579 -0.00691021 0.0559018 0.0394319 0.0860116 0.0462645 -0.0480543 0.0131515 0.0551775 0.0382894 0.0909414 0.000278977 -0.0301347 0.11276 0.0730867 0.0811686 0.000727756 0.0155081 0.00132623 -0.000184345 0.00284277 -0.00037064 0.00446146 -0.00133456 -0.00688318 0.00710051
internal_weight=91383.6 84760.3 55238.4 47652.9 33528.8 28486.8 29521.9 14124.1 28121.6 18194.2 9927.38 24104.9 7585.56 10776 15932.7 21250.4 6623.27 8879.77 2958.45 6587.53 1896.27 1485.97 2458.66 5921.32 2293.17 1136.73 1156.44 379.626 776.813 994.708 165.492 142.024
internal_count=302418 285661 194667 161123 106684 96120 90994 54439 84343 58567 25776 75866 33544 38538 47825 69196 16757 33299 12150 14766 5239 3944 9191 21149 8561 4265 4296 1424 2872 3745 630 520
cat_boundaries=0 1 2 3 4 5 6 7
cat_threshold=1 2 2 4 2 4 4
is_linear=0
shrinkage=0.05


Tree=3
num_leaves=31
num_cat=5
split_feature=13 10 14 14 12 2 2 2 8 12 13 8 10 12 11 10 8 2 2 8 10 7 7 7 7 7 7 7 8 7
split_gain=8364.68 7372.18 13471.2 8793.43 13925.9 18938.4 7575.83 4753.06 11505.5 4862.97 4167.13 3925.56 3254.73 2777.03 2443.39 3069.89 1766.1 1490.79 1471.28 171.442 154.666 4.5283 3.37169 2.85804 6.08157 3.43016 2.45659 0.780847 0.108267 0.0910487
threshold=17.000000000000004 625.00000000000011 325.00000000000006 75.000000000000014 32.500000000000007 0 1 2 159.00000000000003 57.500000000000007 39.000000000000007 437.50000000000006 565.00000000000011 57.500000000000007 16.500000000000004 535.00000000000011 101.00000000000001 3 4 159.00000000000003 510.00000000000006 18.650000000000002 24.050000000000004 22.650000000000002 22.150000000000002 23.050000000000004 17.950000000000003 24.950000000000003 450.00000000000006 18.450000000000003
decision_type=2 2 2 2 2 1 1 1 2 2 2 2 2 2 2 2 2 1 1 2 2 2 2 2 2 2 2 2 2 2
left_child=18 2 3 10 -5 -6 -3 8 -8 19 14 16 -4 -10 -2 20 -7 -17 -1 -9 -16 26 23 24 -23 -25 -14 -24 -11 -28
right_child=1 6 12 4 5 11 7 9 13 28 -12 -13 21 -15 15 17 -18 -19 -20 -21 -22 22 27 25 -26 -27 29 -29 -30 -31
leaf_value=0.066867426664931576 -0.069357451695982675 -0.069524101269777441 -0.069925315182136169 0.11535678391190096 -0.071516717524592946 0.11836227242907876 -0.069742933474947033 0.11593514111430026 0.031362818290580408 0.029053802379039859 -0.069749820983010441 0.097801095771999677 0.0025746968986100861 0.072787631175156381 0.075925573679464176 0.01338317813202866 0.03309758929248096 -0.030207889006315627 0.11590377896402429 0.097408486591297472 0.038924157177180133 0.0020171316003082889 -0.0086006094372026113 0.015920277643771834 -0.010851871176101974 0.0013970803123592188 -0.0083063529996580728 -0.0008899400008780217 0.032978703322618104 -0.0039298588358987327
leaf_weight=4308.6077121198177 1013.5997141748667 1324.0864983201027 4947.284130692482 5140.0073089599609 4230.8136338144541 617.8303168118 2199.1889457404613 2674.4085132479668 8204.8145239502192 1664.5963202118874 2242.1415002644062 2872.3165708780289 74.985448151826859 8034.7868976593018 1526.3960088938475 5940.0411786288023 20926.53986287117 2915.7503373771906 2439.5942012071609 3952.8080878257751 396.67242074012756 1683.3123452812433 80.405445009469986 68.951277673244476 86.297237887978554 106.13804027438164 162.43674105405807 81.428420752286911 1703.6485492885113 109.34687320888042
leaf_count=11774 4957 6476 24202 10539 20110 1355 10757 5457 26764 5467 10967 6576 278 21270 3973 21186 68102 12137 4978 9076 1241 6272 310 244 333 394 624 305 5528 414
internal_value=0.0311968 0.0269344 0.0161175 0.0258342 0.0396495 0.0260286 0.0469936 0.0524437 0.0373534 0.0802108 -0.00742633 0.0429552 -0.0466146 0.0518936 0.00446827 0.011473 0.0355988 -0.000981331 0.0847476 0.105056 0.06856 0.000466194 0.00136114 0.0019644 0.00130401 0.00793768 -0.00471601 -0.00528946 0.0311456 -0.00692495
internal_weight=91729.2 84981 55222.7 47822.1 33787.5 28647.5 29758.3 28434.3 18438.8 9995.46 14034.6 24416.7 7400.59 16239.6 11792.5 10778.9 21544.4 8855.79 6748.2 6627.22 1923.07 2453.3 2106.53 1944.7 1769.61 175.089 346.769 161.834 3368.24 271.784
internal_count=302066 285314 194519 161143 106682 96143 90795 84319 58791 25528 54461 76033 33376 48034 43494 38537 69457 33323 16752 14533 5214 9174 7858 7243 6605 638 1316 615 10995 1038
cat_boundaries=0 1 2 3 4 5
cat_threshold=1 2 4 4 4
is_linear=0
shrinkage=0.05


Tree=4
num_leaves=27
num_cat=3
split_feature=14 14 12 12 14 14 10 8 12 11 10 14 14 2 2 10 10 14 10 2 10 8 11 8 11 8
split_gain=7225.14 7424.68 16420.6 10308.2 8624.57 5635.26 4512.4 4265.46 4389.56 3674.61 5370.72 3554.87 7193.85 2285.61 1791.46 1326.52 945.72 658.455 625.937 1161.39 386.081 340.825 404.504 115.743 57.7595 47.9495
threshold=475.00000000000006 75.000000000000014 57.500000000000007 32.500000000000007 175.00000000000003 205.00000000000003 335.00000000000006 208.00000000000003 25.000000000000004 6.5000000000000009 565.00000000000011 150.00000000000003 115.00000000000001 0 1 625.00000000000011 535.00000000000011 15.000000000000002 535.00000000000011 2 590.00000000000011 238.00000000000003 32.500000000000007 437.50000000000006 5.5000000000000009 503.00000000000006
decision_type=2 2 2 2 2 2 2 2 2 2 2 2 2 1 1 2 2 2 2 1 2 2 2 2 2 2
left_child=1 2 7 -3 11 13 -7 8 -1 24 -11 12 -5 -6 -4 18 25 -10 -9 -20 -21 -14 -23 -13 -8 -16
right_child=-2 3 14 4 5 6 9 15 17 10 -12 23 21 -15 16 -17 -18 -19 19 20 -22 22 -24 -25 -26 -27
leaf_value=0.083052635523601523 -0.068321832544034553 0.10813347762987152 0.068353391154319917 0.10925997272888294 0.0089619747740594512 -0.068087915289890194 0.062118204283544864 0.059410857594133948 -0.014954320901540853 -0.0066891636478395109 0.037993299280753054 0.10866802159323546 -0.0085243716714478394 -0.068325026184443249 0.036716996870594702 -0.067614172720121324 -0.019018605231980377 -0.068609193821532424 0.011757373607860076 -0.015117850198341307 -0.07146385207460644 0.029630277526138699 -0.0064908333555915776 0.09146638821395503 0.073737609690940439 0.062722653115726432
leaf_weight=545.98024171590805 1837.5749409347773 5187.8411906063557 8221.5099928379059 3327.163008660078 1706.9863694906235 1154.7526271045208 4396.615747988224 510.15194782614708 642.56432287395 9504.64232160151 22949.716826975346 2446.2479397058487 924.87477637827396 2157.1156049966812 397.92171567678452 646.22270813584328 1000.1680718809366 5927.3943087309599 5950.4625945240259 665.18274474143982 565.43424671888351 4960.6496437191963 911.86728447675705 2963.0190912038088 2130.6608522683382 485.52558782696724
leaf_count=1311 9271 10499 21432 6783 6015 5826 11868 1373 2615 36312 71764 4927 3358 10898 1232 3259 4110 29896 21187 2708 2628 15958 3356 6688 5828 1290
internal_value=0.0295764 0.031577 0.00875245 0.0405867 0.0346827 0.023364 0.0289177 -0.0236501 -0.0520553 0.0318094 0.0249079 0.0667046 0.0491287 -0.0342352 0.0582838 0.000620793 0.0141773 -0.0633999 0.00644079 0.0025934 -0.0414149 0.0195712 0.0240115 0.0994409 0.0660257 0.0516072
internal_weight=92118.2 90280.7 25558.5 64722.2 59534.3 44000.5 40136.4 15453.4 7115.94 38981.6 32454.4 15533.8 10124.6 3864.1 10105.1 8337.45 1883.62 6569.96 7691.23 7181.08 1230.62 6797.39 5872.52 5409.27 6527.28 883.447
internal_count=302392 293121 93041 200080 189581 148511 131598 64977 33822 125772 108076 41070 29455 16913 28064 31155 6632 32511 27896 26523 5336 22672 19314 11615 17696 2522
cat_boundaries=0 1 2 3
cat_threshold=4 4 4
is_linear=0
shrinkage=0.05


Tree=5
num_leaves=35
num_cat=0
split_feature=14 14 12 12 14 14 10 8 12 11 10 14 14 1 1 1 10 14 10 1 10 8 11 1 8 11 7 7 7 7 7 7 7 7
split_gain=6503.25 6625.17 14441 9194.26 7814.32 5064.5 4227.4 4093.49 3952.93 3256.17 4688.18 3046.38 6361.99 2159.01 1532.92 1265.7 836.174 637.054 616.31 1216.95 310.982 252.932 329.196 123.867 34.459 27.874 5.4303 3.94819 3.45553 2.71785 0.895613 2.80078 2.11753 0.599457
threshold=475.00000000000006 75.000000000000014 57.500000000000007 32.500000000000007 175.00000000000003 205.00000000000003 335.00000000000006 208.00000000000003 25.000000000000004 6.5000000000000009 625.00000000000011 150.00000000000003 115.00000000000001 750.00000000000011 600.00000000000011 690.00000000000011 535.00000000000011 15.000000000000002 535.00000000000011 600.00000000000011 590.00000000000011 238.00000000000003 32.500000000000007 690.00000000000011 503.00000000000006 5.5000000000000009 21.350000000000005 20.450000000000003 20.850000000000005 22.450000000000003 24.250000000000004 23.550000000000004 24.850000000000005 22.750000000000004
decision_type=2 2 2 2 2 2 2 2 2 2 2 2 2 2 2 2 2 2 2 2 2 2 2 2 2 2 2 2 2 2 2 2 2 2
left_child=1 2 7 -3 11 13 -7 8 -1 25 -11 12 -5 26 16 18 24 -10 -9 20 -20 -14 -23 -13 -4 -8 28 -21 -6 -28 31 33 -32 -18
right_child=-2 3 14 4 5 6 9 15 17 10 -12 23 21 -15 -16 -17 30 -19 19 27 -22 22 -24 -25 -26 -27 29 -29 -30 -31 32 -33 -34 -35
leaf_value=0.076072203601178751 -0.067072520644526665 0.10209446056733854 0.035648696368582859 0.1031392874408474 0.0094579038926776715 -0.066862971819195247 0.058805980145290364 0.058470644215033368 -0.014303267163590584 0.0085690643057557657 0.047668175756252394 0.10260887293066932 -0.004959956066070928 -0.067086860999024042 0.063777630473513591 -0.066379993895706507 -0.018706131607706303 -0.067364601053245834 -0.018769585366232019 0.0096086901571050699 -0.069890182339237092 0.027976329809823692 -0.0050679021697963133 0.08532814793991822 0.057788395402325443 0.067564220022827859 0.0023011139289150643 0.013021029043791496 0.017971816127213828 0.008164636125646085 -0.0024836938539445595 -0.032146543992837347 -0.016247339142958516 -0.010625987110273724
leaf_weight=554.92003691196442 1749.3501471728086 5213.4781487882137 427.00671815872192 3371.373353689909 564.93565087020397 1148.6383867412806 4487.966570019722 526.81508660316467 637.2695375084877 20084.136079624295 12399.981229797006 2474.8388353586197 923.38251337409019 2087.0668323040009 8262.2495647072792 630.12544989585876 665.46276345849037 5716.1452421247959 659.48384736478329 1408.1877071559429 553.51362697780132 5059.1188523024321 879.15407328307629 2991.2249373793602 483.89458554983139 2209.2410278320312 360.54371567070484 4536.5732237994671 202.10567194223404 563.1066402643919 56.844282299280167 56.416881680488586 94.411573842167854 104.49945129454136
leaf_count=1328 9113 10484 1306 6813 1979 5983 11959 1390 2608 71690 35824 4954 3331 10888 21330 3280 2759 29772 2729 5012 2645 16145 3232 6711 1278 5967 1289 16011 689 1980 227 245 390 426
internal_value=0.0281531 0.0300037 0.0083284 0.038459 0.0328948 0.0221016 0.0272888 -0.0224675 -0.0508826 0.0300665 0.0235058 0.0631824 0.0469961 -0.0331869 0.0544943 0.00116814 0.013732 -0.0620811 0.00679257 0.00290579 -0.0425185 0.0192937 0.0230755 0.0933345 0.047964 0.061799 0.00877965 0.0122386 0.011968 0.00597854 -0.0182754 -0.0192341 -0.0118596 -0.0178239
internal_weight=92143.5 90394.1 25373.8 65020.3 59806.8 44107.7 40330 15223 6908.33 39181.3 32484.1 15699.1 10233 3777.76 10150.8 8314.7 1888.54 6353.41 7684.57 7157.76 1213 6861.66 5938.27 5466.06 910.901 6697.21 1690.69 5944.76 767.041 923.65 977.635 826.379 151.256 769.962
internal_count=301767 292654 92736 199918 189434 148248 131423 64775 33708 125440 107514 41186 29521 16825 27961 31067 6631 32380 27787 26397 5374 22708 19377 11665 2584 17926 5937 21023 2668 3269 4047 3430 617 3185
is_linear=0
shrinkage=0.05


Tree=6
num_leaves=34
num_cat=0
split_feature=14 14 12 12 14 14 8 10 12 14 14 1 1 1 1 1 10 10 14 10 1 10 8 11 1 8 7 7 7 7 7 7 7
split_gain=6005.39 5885.33 12947.8 8340.1 6827.39 4721.29 4107.8 3755.74 3366.74 2823.94 5886.78 2820.56 14038.5 1947.71 1391.45 1183.4 703.997 694.555 610.208 523.972 1101.75 307.604 254.659 313.282 113.526 49.783 5.93567 5.70295 8.76954 4.74261 2.87278 0.420558 4.77632
threshold=475.00000000000006 75.000000000000014 57.500000000000007 32.500000000000007 175.00000000000003 205.00000000000003 208.00000000000003 335.00000000000006 25.000000000000004 150.00000000000003 115.00000000000001 750.00000000000011 830.00000000000011 750.00000000000011 600.00000000000011 690.00000000000011 345.00000000000006 535.00000000000011 15.000000000000002 535.00000000000011 600.00000000000011 590.00000000000011 238.00000000000003 32.500000000000007 690.00000000000011 503.00000000000006 24.450000000000003 21.350000000000005 22.550000000000004 25.450000000000003 20.850000000000005 23.650000000000002 22.750000000000004
decision_type=2 2 2 2 2 2 2 2 2 2 2 2 2 2 2 2 2 2 2 2 2 2 2 2 2 2 2 2 2 2 2 2 2
left_child=1 2 6 -3 9 13 8 -7 -1 10 -5 16 -13 27 17 19 -9 25 -10 -8 21 -21 -12 -24 -11 -4 31 30 -29 -22 -6 32 -19
right_child=-2 3 14 4 5 7 15 11 18 24 22 12 -14 -15 -16 -17 -18 26 -20 20 29 -23 23 -25 -26 -27 -28 28 -30 -31 -32 -33 -34
leaf_value=0.068448613409210129 -0.065934910378305733 0.096952220837979733 0.029659195001517411 0.097758742507289567 0.0076168632770446127 -0.065701441111995745 0.05534652283384385 0.030089443804590322 -0.014157294968808871 0.09745325464914717 -0.0068227006633831385 -0.070210967957318668 0.033893390658380797 -0.065949447285965537 0.060161753339677652 -0.065212986271318774 0.056097029580803315 -0.01872097536874321 -0.066223656630931743 -0.016753285745236688 0.011987144687859171 -0.068416587459457792 0.025883035927189903 -0.0061972208852569778 0.080899945206890866 0.055029380501080798 -0.0054280634615093207 -0.0015691817551971778 0.0080917061307581809 0.019629542908888145 0.015254671767946379 -0.02648618698508522 -0.006384999308299737
leaf_weight=538.67386728525162 1707.8726154118776 5222.1574621200562 415.70991602540016 3383.9488429427147 556.85982976853848 1077.6672495603561 517.92582079768181 3795.4421997070312 635.70847369730473 2453.3383811712265 942.58500605821609 3751.8309376239777 23269.537425905466 2017.3208713531494 8335.4646539092064 597.53461980819702 8647.1950769275427 668.96145401895046 5561.5633560717106 647.31223636865616 5800.519361615181 527.40385890007019 5033.3309428244829 889.40486395359039 2994.2819224298 488.82347974181175 128.84306253492832 400.18008896708488 525.94349607825279 251.39711362123489 206.14305813610554 64.17869970202446 118.86612786352634
leaf_count=1297 9197 10495 1278 6827 1953 5802 1354 12039 2619 4909 3425 18283 71687 10880 21329 3214 23554 2799 29948 2690 20415 2595 15980 3287 6677 1278 520 1446 1843 861 703 277 482
internal_value=0.0266918 0.0284481 0.00797348 0.0363934 0.0311017 0.0210412 -0.0214708 0.0259813 -0.0504829 0.0594267 0.0438824 0.0285022 0.0194164 -0.0329058 0.0513938 0.00198188 0.0481983 0.0124904 -0.0609222 0.00725019 0.00372455 -0.0403721 0.0172157 0.0210549 0.0885288 0.0438761 -0.0165535 0.00668457 0.00389163 0.0123447 0.00991573 -0.0180954 -0.0170258
internal_weight=92173.9 90466.1 25298.9 65167.2 59945 44248.1 15078 40541.7 6735.95 15696.9 10249.3 39464 27021.4 3706.45 10220.8 8342.09 12442.6 1885.38 6197.27 7744.56 7226.63 1174.72 6865.32 5922.74 5447.62 904.533 980.849 1689.13 926.124 6051.92 763.003 852.006 787.828
internal_count=301943 292746 92956 199790 189295 148190 64993 131365 33864 41105 29519 125563 89970 16825 27963 31129 35593 6634 32567 27915 26561 5285 22692 19267 11586 2556 4078 5945 3289 21276 2656 3558 3281
is_linear=0
shrinkage=0.05


Tree=7
num_leaves=28
num_cat=0
split_feature=14 14 12 12 14 14 8 10 12 11 1 14 14 1 1 1 10 14 10 1 10 8 11 1 11 8 8
split_gain=5584.59 5485.37 11705.6 7615.95 6228.1 4178.63 3652.01 3517.05 3363.27 2602.64 3949.94 2551.04 5230.3 1933.69 1183.43 1104.12 641.48 629.557 531.495 906.712 331.914 247.601 235.002 114.326 35.139 27.3481 3.21854
threshold=475.00000000000006 75.000000000000014 57.500000000000007 32.500000000000007 175.00000000000003 205.00000000000003 208.00000000000003 335.00000000000006 25.000000000000004 6.5000000000000009 830.00000000000011 150.00000000000003 115.00000000000001 750.00000000000011 600.00000000000011 690.00000000000011 535.00000000000011 15.000000000000002 535.00000000000011 600.00000000000011 590.00000000000011 238.00000000000003 32.500000000000007 690.00000000000011 5.5000000000000009 503.00000000000006 458.00000000000006
decision_type=2 2 2 2 2 2 2 2 2 2 2 2 2 2 2 2 2 2 2 2 2 2 2 2 2 2 2
left_child=1 2 6 -3 11 13 8 -7 -1 24 -11 12 -5 -6 16 18 25 -10 -8 20 -20 -14 -23 -13 -9 -4 -18
right_child=-2 3 14 4 5 7 15 9 17 10 -12 23 21 -15 -16 -17 26 -19 19 -21 -22 22 -24 -25 -26 -27 -28
leaf_value=0.067717522954789874 -0.064889445434303514 0.092476708275945799 0.030685533564765017 0.093045006141647929 0.0077762257116665264 -0.064662925012654013 0.053663129181570228 0.052289602532346324 -0.012832363822413035 -0.0061837834301465529 0.032192492712636502 0.093028232560680685 -0.0071838272886717378 -0.064903282590550532 0.056342229856077355 -0.064185910823423717 -0.018961227446661254 -0.065174000474997426 -0.013347574976319464 0.010271156256174139 -0.067110879327290152 0.024795354446407437 -0.002825116442226066 0.076649917165778222 0.061427118681438068 0.050512231394774704 -0.011485883896417708
leaf_weight=558.85421839356422 1673.8970005512238 5233.9082018136978 409.21728366613388 3349.3719113469124 1707.0258764624596 1064.5131058990955 535.55730760097504 4521.2197835445404 651.68895362317562 9385.3327416330576 23426.516338095069 2465.7297967672348 913.19769881665707 1955.3574321269989 8387.8602884411812 592.59427008032799 615.35705181956291 5401.1915141642094 647.30184951424599 6044.7126273065805 519.43545401096344 5109.8726750463247 900.4368568956852 3010.4741606712341 2199.0457763671875 494.34133197367191 333.32938259840012
leaf_count=1323 9328 10566 1239 6780 5972 5930 1384 11855 2695 35986 71588 4956 3331 10914 21369 3297 2595 30102 2690 21258 2635 16108 3306 6707 5769 1292 1381
internal_value=0.0253452 0.027023 0.00719946 0.0346742 0.0296173 0.0199987 -0.0210012 0.024615 -0.0487242 0.027036 0.0212155 0.0566149 0.0418431 -0.031085 0.0483597 0.00100399 0.0120759 -0.0595773 0.00607334 0.00246275 -0.0376926 0.0169676 0.0206513 0.0841897 0.0553739 0.0420217 -0.0165341
internal_weight=92107.3 90433.4 25191.4 65242 60008.1 44259 14951.3 40596.6 6611.73 39532.1 32811.8 15749.1 10272.9 3662.38 10240.1 8339.6 1852.25 6052.88 7747.01 7211.45 1166.74 6923.51 6010.31 5476.2 6720.27 903.559 948.686
internal_count=302356 293028 93260 199768 189202 148014 65384 131128 34120 125198 107574 41188 29525 16886 27876 31264 6507 32797 27967 26583 5325 22745 19414 11663 17624 2531 3976
is_linear=0
shrinkage=0.05


Tree=8
num_leaves=31
num_cat=1
split_feature=14 14 12 12 14 0 14 10 10 1 1 14 14 1 10 1 1 10 10 10 8 11 1 8 7 8 8 7 7 7
split_gain=5082.88 4570.95 10634.2 7077.38 5764.55 4105.84 3691.45 3217.25 3158.52 2520.14 12333.1 2380.07 4917.03 1833.41 1234.81 1080.06 783.104 619.902 580.045 409.484 201.802 232.283 107.246 20.3647 13.2315 9.23954 3.36353 3.03229 2.36672 0.262813
threshold=475.00000000000006 75.000000000000014 57.500000000000007 32.500000000000007 175.00000000000003 0 205.00000000000003 665.00000000000011 335.00000000000006 750.00000000000011 830.00000000000011 150.00000000000003 115.00000000000001 750.00000000000011 535.00000000000011 600.00000000000011 600.00000000000011 345.00000000000006 535.00000000000011 590.00000000000011 238.00000000000003 32.500000000000007 690.00000000000011 503.00000000000006 21.250000000000004 420.50000000000006 458.00000000000006 20.850000000000005 22.550000000000004 24.350000000000005
decision_type=2 2 2 2 2 1 2 2 2 2 2 2 2 2 2 2 2 2 2 2 2 2 2 2 2 2 2 2 2 2
left_child=1 2 5 -3 11 7 13 14 -8 17 -11 12 -5 24 25 18 19 -10 23 -16 -14 -22 -13 -4 27 -1 -20 -6 -26 -18
right_child=-2 3 15 4 6 -7 8 -9 9 10 -12 22 20 -15 16 -17 29 -19 26 -21 21 -23 -24 -25 28 -27 -28 -29 -30 -31
leaf_value=0.065121234858325619 -0.063915051989146807 0.08862277661879156 0.030143271494573909 0.089168814532316176 0.010227800167292812 -0.0641694057275142 -0.063684280961197257 -0.063961839332692519 0.026402782467925143 -0.068717883038524954 0.029793345131443261 0.089180939885953645 -0.0063774561590115315 -0.063935374601752956 -0.012451945961932375 0.053952096357115759 0.010373201223277652 0.050867213614075771 -0.017701244148215681 -0.065859738056951736 0.022869806599974129 -0.0047250913110956968 0.07327872803574223 0.047411582297791063 0.00061441278640859238 0.050006818675595005 -0.010196644055114099 0.018895504884430685 0.0057466323545254322 0.0083699641171637237
leaf_weight=554.60629656910896 1601.939174130559 5186.4299768209457 432.90624552965164 3356.6025626659393 577.03421038389206 3866.2751033306122 1019.1540795564651 1844.8279534578323 3737.3777890205383 3663.8027857095003 23499.34788069129 2432.0560707747936 908.11136350035667 1881.4938655793667 1289.7446233332157 8409.3516992628574 5219.8883662521839 8792.0747251361609 633.32770627737045 492.6973802447319 5149.0341479182243 887.87685683369637 2999.8922643065453 498.0010889172554 435.91411204636097 522.89625182747841 319.24908836185932 170.00148877501488 520.27023613452911 760.76255178451538
leaf_count=1305 9247 10559 1298 6840 1995 22315 5880 10653 11872 18457 71491 4931 3315 10879 5372 21280 18272 23592 2688 2580 16172 3281 6685 1298 1558 1349 1326 567 1823 2672
internal_value=0.024102 0.0256751 0.00741846 0.0326271 0.0277744 -0.0200869 0.0185311 -0.00408697 0.0228159 0.0250536 0.0164838 0.0537667 0.0395703 -0.030046 0.00846004 0.0462914 0.00146146 0.0436006 0.0119572 -0.0275277 0.0154979 0.0188019 0.0805586 0.03984 0.00751598 0.0583597 -0.0153701 0.0124899 0.00348923 0.0101411
internal_weight=91662.9 90061 24844.5 65216.5 60030 14551.7 44296.5 10685.4 40711.8 39692.6 27163.2 15733.6 10301.6 3584.71 8840.6 10292.8 7763.09 12529.5 1883.48 1782.44 6945.02 6036.91 5431.95 930.907 1703.22 1077.5 952.577 747.036 956.184 5980.65
internal_count=301552 292305 92408 199897 189338 64518 148114 42203 131292 125412 89948 41224 29608 16822 31550 27890 28896 35464 6610 7952 22768 19453 11616 2596 5943 2654 4014 2562 3381 20944
cat_boundaries=0 1
cat_threshold=2
is_linear=0
shrinkage=0.05


Tree=9
num_leaves=37
num_cat=1
split_feature=14 14 12 12 14 14 8 12 10 8 14 1 1 1 1 1 14 10 10 10 1 14 1 10 11 8 7 7 7 11 3 7 8 7 7 7
split_gain=4626.99 4238.88 9636.42 6609.08 5171.31 3358.7 3158.13 3018.36 2906.61 2211.84 2147.98 2134.21 11386.9 1800.69 953.838 948.76 599.381 547.056 496.605 433.669 778.618 401.158 2231.6 298.411 193.93 21.8585 14.9348 11.5708 6.80522 5.73947 3.60972 2.13451 0.610273 0.380408 3.86962 0.16447
threshold=475.00000000000006 75.000000000000014 57.500000000000007 32.500000000000007 175.00000000000003 205.00000000000003 208.00000000000003 25.000000000000004 335.00000000000006 238.00000000000003 165.00000000000003 750.00000000000011 830.00000000000011 750.00000000000011 600.00000000000011 690.00000000000011 15.000000000000002 535.00000000000011 345.00000000000006 535.00000000000011 600.00000000000011 135.00000000000003 690.00000000000011 590.00000000000011 32.500000000000007 503.00000000000006 21.450000000000003 22.550000000000004 24.350000000000005 29.000000000000004 0 18.850000000000005 185.50000000000003 23.650000000000002 22.850000000000005 25.050000000000004
decision_type=2 2 2 2 2 2 2 2 2 2 2 2 2 2 2 2 2 2 2 2 2 2 2 2 2 2 2 2 2 2 1 2 2 2 2 2
left_child=1 2 6 -3 9 13 7 -1 -7 21 24 18 -13 26 17 19 32 25 -10 -8 23 -5 -23 -21 29 -4 30 -28 33 -11 -6 -22 -9 34 -19 -30
right_child=-2 3 14 4 5 8 15 16 11 10 -12 12 -14 -15 -16 -17 -18 28 -20 20 31 22 -24 -25 -26 -27 27 -29 35 -31 -32 -33 -34 -35 -36 -37
leaf_value=0.062300616301012995 -0.063011735377094022 0.085323741814427242 0.028553884040848767 0.085719855920224228 0.016108910425778854 -0.06278172850202357 0.04850638872801312 -0.0092123427232190646 0.025539075701535005 0.023147736316962667 0.06979910154187656 -0.067448849327271118 0.028506944791889519 -0.063046070462358286 0.050981270736386509 -0.062270722941815786 -0.063311392012256315 -0.017774045187320172 0.047348895344110686 -0.012828551769971538 0.0047900233597866319 0.085812584816898796 -0.0054742350120392386 -0.064772824972302065 -0.0032246113362453493 0.04604619128630303 -0.0035065486135688311 0.0080879898333404889 -0.00089632385070599011 0.01889843752379158 0.0086428508963253842 0.009507916033470773 -0.014159328809269867 -0.026283399626637227 -0.005330684877168361 -0.0059039942231356377
leaf_weight=571.59504298865795 1527.2371822595596 5177.1878644824028 443.04401475191116 3297.374921888113 450.92155696451664 981.48113876581192 532.23124858736992 333.91414326429367 3773.6672049760818 3437.3712012916803 2981.87255859375 3544.8487745672464 23728.501350834966 1839.4668644070625 8420.4023668467999 545.48222601413727 4996.3623262345791 655.20154117047787 8876.0141668915749 639.00519439578056 328.77640128135681 2391.9968512654305 925.20135878026485 490.28679171204567 906.50336360931396 491.99315038323402 349.16911679506302 516.49660110473633 61.86373807489872 1775.5820780396461 389.16714338958263 5702.2560495883226 312.95030778646469 52.23575234413147 94.044088155031204 67.341096863150597
leaf_count=1343 9140 10664 1321 6792 1520 5870 1363 1387 11890 10661 6678 18444 71692 11028 21267 3258 29913 2804 23741 2687 1162 4910 3378 2653 3343 1273 1265 1793 252 5626 1345 19917 1316 233 388 278
internal_value=0.0230165 0.0244824 0.00684904 0.0311556 0.0264803 0.0177552 -0.0194707 -0.0463494 0.0218032 0.0511276 0.0350627 0.0238992 0.0160131 -0.0288668 0.0438183 0.000832321 -0.0574541 0.0113643 0.0408718 0.00538851 0.00211338 0.0731383 0.0603968 -0.0357948 0.0180421 0.0382007 0.00811523 0.00336756 -0.0156638 0.0217489 0.0128515 0.00926736 -0.0118609 -0.0173925 -0.0163688 -0.00410212
internal_weight=91609 90081.8 24739 65342.8 60165.6 44449.7 14452.9 6214.82 40904.5 15715.9 9101.33 39923 27273.4 3545.22 10286.1 8238.04 5643.23 1865.72 12649.7 7692.56 7160.32 6614.57 3317.2 1129.29 6119.46 935.037 1705.75 865.666 930.686 5212.95 840.089 6031.03 646.864 801.481 749.246 129.205
internal_count=302595 293455 92815 200640 189976 148588 64999 33959 131637 41388 26308 125767 90136 16951 27816 31040 32616 6549 35631 27782 26419 15080 8288 5340 19630 2594 5923 3058 3955 16287 2865 21079 2703 3425 3192 530
cat_boundaries=0 1
cat_threshold=4
is_linear=0
shrinkage=0.05


Tree=10
num_leaves=39
num_cat=1
split_feature=14 14 8 12 14 14 14 10 12 14 14 1 1 2 1 14 1 10 10 8 11 1 8 7 7 7 7 8 7 7 7 7 7 7 7 7 7 8
split_gain=4271.82 3803.75 9010.6 6001.23 4641.81 3250.55 3137.37 2697.36 2583.75 2040.73 4200.03 1993.34 10390.2 1819.94 1651.5 925.096 709.048 628.512 453.446 175.712 157.844 108.546 35.1159 4.4899 9.94745 4.57117 3.66677 3.23866 2.01893 9.8655 1.61877 1.59659 4.65371 1.04925 3.52775 3.31663 0.85023 0.0106645
threshold=475.00000000000006 75.000000000000014 254.50000000000003 32.500000000000007 175.00000000000003 50.000000000000007 205.00000000000003 335.00000000000006 25.000000000000004 150.00000000000003 115.00000000000001 750.00000000000011 830.00000000000011 0 750.00000000000011 15.000000000000002 600.00000000000011 535.00000000000011 345.00000000000006 238.00000000000003 32.500000000000007 690.00000000000011 420.50000000000006 21.250000000000004 23.150000000000002 20.950000000000003 23.850000000000005 112.50000000000001 21.150000000000002 21.350000000000005 21.450000000000003 19.050000000000004 18.850000000000005 21.650000000000002 20.850000000000005 22.150000000000002 19.550000000000004 185.50000000000003
decision_type=2 2 2 2 2 2 2 2 2 2 2 2 2 1 2 2 2 2 2 2 2 2 2 2 2 2 2 2 2 2 2 2 2 2 2 2 2 2
left_child=1 2 8 -3 9 16 14 -8 -1 10 -5 18 -13 28 23 27 17 22 -9 -12 -21 -11 26 25 -25 -6 -4 -10 31 -30 -31 32 -7 34 -19 -35 -33 -29
right_child=-2 3 5 4 6 13 7 11 15 21 19 12 -14 -15 -16 -17 -18 33 -20 20 -22 -23 -24 24 -26 -27 -28 37 29 30 -32 36 -34 35 -36 -37 -38 -39
leaf_value=0.059710282722118292 -0.062178398199784359 0.082406634429914749 0.028036468508852871 0.082632724346782829 0.0072124339970709361 0.0071269070359913731 -0.061945004870628373 0.024801139717763682 -0.0087757423932324496 0.082840276255658832 -0.0064277014705932198 -0.066293498225150169 0.027045380931676556 -0.063198688737612058 -0.062214287499154523 -0.062483044995434125 0.048972389732368594 -0.014440188437631266 0.045564718899906806 0.020354746233247116 -0.0019754668093042351 0.066916728592419386 0.044100326036253731 0 0.010145455275297163 0.018057828998220834 0.012065754073421571 -0.018296037979824528 0.018253772181227566 0.003226483315521582 0.0092216568290644785 0.0037396426421966371 0.019440010051604419 -0.022740093729969813 -0.0044746830945103528 -0.012034214111127262 0.0073931145654687587 -0.013948806008618081
leaf_weight=550.99985797703266 1470.3982149809599 4997.4099981486797 364.07677859067917 3248.2290053665638 617.60150450468063 335.42730890214443 946.19795948266983 3807.5784060359001 319.72548845410347 2337.8638781309128 922.80879752337933 3396.2334608882666 23909.275892958045 1008.2834405601025 1759.5854150354862 4818.8931319266558 8494.0382437705994 227.38309668004513 8922.1362513005733 5096.2504564225674 929.78994074463844 2980.9168589115143 1015.8128467649221 604.80436384677887 387.77863705158234 126.7543923407793 77.685948073863983 306.57422319054604 329.49569982290268 158.08440828323364 3208.7927778363228 279.48615507781506 113.56863579154015 128.79549492895603 191.70823143422604 413.72364810109138 1636.9071077406406 620.69482509791851
leaf_count=1295 9131 10448 1076 6786 2133 1175 5871 11903 1333 4874 3386 18267 71869 5959 10947 29942 21381 972 23699 15867 3422 6716 2623 2160 1333 417 241 1326 1115 559 11167 987 381 563 800 1747 5731 2630
internal_value=0.022076 0.0234661 0.00671439 0.0298041 0.0254086 0.0250706 0.0171856 0.0210662 -0.0431288 0.0489513 0.035786 0.0230443 0.0154141 -0.00133612 -0.028214 -0.0525614 0.0421681 0.0181537 0.0393824 0.0137931 0.0169035 0.0740676 0.0387608 0.00636 0.00400418 0.00934045 0.0256679 -0.0139882 0.00903269 0.00985384 0.00896536 0.00769236 0.010706 -0.013108 -0.0102086 -0.0150319 0.00690843 -0.0156193
internal_weight=91061.8 89591.4 24600.2 64991.2 59993.8 17983.3 44477.9 40981.4 6616.89 15515.9 10197.1 40035.2 27305.5 7070.05 3496.52 6065.89 10913.2 2419.19 12729.7 6948.85 6026.04 5318.78 1457.58 1736.94 992.583 744.356 441.763 1246.99 6061.76 3696.37 3366.88 2365.39 448.996 961.61 419.091 542.519 1916.39 927.269
internal_count=302232 293101 93003 200098 189650 56477 148599 131609 36526 41051 29461 125738 90136 27074 16990 35231 29403 8022 35602 22675 19289 11590 3940 6043 3493 2550 1317 5289 21115 12841 11726 8274 1556 4082 1772 2310 6718 3956
cat_boundaries=0 1
cat_threshold=4
is_linear=0
shrinkage=0.05


Tree=11
num_leaves=33
num_cat=3
split_feature=14 14 8 12 14 10 2 1 10 14 12 1 14 14 2 11 14 1 10 11 1 1 8 7 7 7 3 7 7 7 7 11
split_gain=3996.76 3473.17 8119.73 5576.84 4447.37 2883.33 11241.2 4151.28 2877.64 2805.04 2457.81 2137.64 1922.22 3779.52 1713.02 989.163 910.47 569.008 574.223 155.42 188.006 106.991 19.6563 5.55411 5.13475 8.07442 3.44237 2.72842 2.72812 2.35759 1.74697 0.414421
threshold=475.00000000000006 75.000000000000014 254.50000000000003 32.500000000000007 175.00000000000003 625.00000000000011 0 960.00000000000011 335.00000000000006 50.000000000000007 25.000000000000004 960.00000000000011 150.00000000000003 115.00000000000001 1 6.5000000000000009 15.000000000000002 600.00000000000011 535.00000000000011 26.500000000000004 750.00000000000011 690.00000000000011 420.50000000000006 17.950000000000003 22.950000000000003 21.050000000000004 2 22.850000000000005 25.950000000000003 18.150000000000002 25.050000000000004 29.000000000000004
decision_type=2 2 2 2 2 2 1 2 2 2 2 2 2 2 1 2 2 2 2 2 2 2 2 2 2 2 1 2 2 2 2 2
left_child=1 2 10 -3 12 6 8 23 -6 17 -1 -8 13 -5 24 -10 -12 18 22 -15 -21 -14 -4 -7 25 29 -26 -27 -28 -11 -25 -20
right_child=-2 3 9 4 5 7 11 -9 15 14 16 -13 21 19 -16 -17 -18 -19 31 20 -22 -23 -24 30 26 27 28 -29 -30 -31 -32 -33
leaf_value=0.057173534431968466 -0.061411969220747258 0.079745437336625979 0.027061126735287835 0.079759414486933702 -0.061177587203885553 0.00088683460908946785 -0.064092360923736741 0.07729732699113484 0.044212073297611815 0 -0.01321838665790169 -0.0081029136255873213 0.080214393766990771 0.021484610531104009 -0.062332265939387392 0.021492544738708565 -0.061714382810937489 0.045666737829103153 -0.0092838982734768944 -0.0047651862478916961 0.018150967536031248 0.064481301520511888 0.041569062563812834 0.016792824094442989 -0.0018025772726103782 0.011393312148347778 0.0075039277600911329 0.021415603560832511 -0.00021764604445539235 0.0078278002811429225 0.012796222672909342 -0.013482806040012866
leaf_weight=561.62263870239258 1438.7821054458618 4877.5026022791862 446.67271380126476 3160.4156602025032 925.62023308873177 64.965231344103813 4998.6987165957689 4128.7098391652107 6855.4097230434418 96.392135262489319 1234.561982601881 2592.542223662138 2361.2997040748596 3460.6023294478655 969.3908007144928 16076.349093794823 4628.7694106698036 8404.5386152267456 305.44835317134857 1800.7457917034626 1758.0948736816645 2948.72999368608 1028.7318961173296 8064.2621833086014 109.65746766328812 2228.6893736124039 1361.5378313213587 87.772048696875572 110.53134024143219 2134.5211478322744 578.0037979632616 640.06148536503315
leaf_count=1324 9278 10383 1314 6720 5963 210 29331 9222 17737 344 5264 9131 5014 10622 5942 50187 29872 21234 1291 6638 5503 6691 2658 24758 393 7675 4743 291 392 7439 1796 2742
internal_value=0.0209783 0.0223175 0.00621675 0.0283786 0.0241737 0.0160994 0.00794136 0.0360613 0.0248051 0.0235047 -0.0419658 -0.0450134 0.047229 0.034441 -0.000918194 0.028303 -0.0515516 0.03951 0.0180154 0.0139454 0.0065607 0.0716246 0.0374223 0.0164365 0.00887274 0.00975796 0.00625107 0.011885 0.00689285 0.00748389 0.0165464 -0.01229
internal_weight=90439.6 89000.9 24348.9 64652 59774.4 44284.6 31448.6 12835.9 23857.4 17923.9 6424.95 7591.24 15489.9 10179.9 7098.49 22931.8 5863.33 10825.5 2420.91 7019.44 3558.84 5310.03 1475.4 8707.23 6129.1 4547.37 1581.73 2316.46 1472.07 2230.91 8642.27 945.51
internal_count=302102 292824 92918 199906 189523 148335 112349 35986 73887 56458 36460 38462 41188 29483 27219 67924 35136 29239 8005 22763 12141 11705 3972 26764 21277 15749 5528 7966 5135 7783 26554 4033
cat_boundaries=0 1 2 3
cat_threshold=4 4 4
is_linear=0
shrinkage=0.05


Tree=12
num_leaves=49
num_cat=9
split_feature=14 14 8 13 2 11 10 13 8 14 2 8 8 2 10 0 8 1 8 1 0 10 1 0 13 8 8 0 8 8 7 7 7 7 7 7 7 7 7 7 7 7 7 7 3 7 3 7
split_gain=3624.71 3294.19 7492.12 4488.78 4161.28 7899.2 2853.88 2838.88 2771.62 2676.09 2495.11 3981.74 2566.25 1567.89 1490.02 1036.37 897.917 846.666 640.416 541.1 534.563 532.614 335.747 241.247 180.821 171.28 317.918 46.0568 16.1976 4.18976 3.61403 6.48351 6.91787 5.34274 5.85884 4.55762 2.85288 2.62851 2.3738 2.35595 2.33335 1.952 2.55366 2.05436 0.948156 0.880737 0.321432 0.0107144
threshold=475.00000000000006 75.000000000000014 254.50000000000003 31.500000000000004 0 26.500000000000004 335.00000000000006 26.000000000000004 283.00000000000006 50.000000000000007 1 380.50000000000006 437.50000000000006 2 590.00000000000011 3 222.00000000000003 600.00000000000011 317.50000000000006 600.00000000000011 4 535.00000000000011 830.00000000000011 5 29.000000000000004 185.50000000000003 171.00000000000003 6 420.50000000000006 283.00000000000006 20.650000000000002 19.250000000000004 18.250000000000004 20.750000000000004 20.950000000000003 22.650000000000002 25.750000000000004 20.150000000000002 24.950000000000003 22.750000000000004 19.450000000000003 18.950000000000003 22.450000000000003 18.650000000000002 7 19.650000000000002 8 21.250000000000004
decision_type=2 2 2 2 1 2 2 2 2 2 1 2 2 1 2 1 2 2 2 2 1 2 2 1 2 2 2 1 2 2 2 2 2 2 2 2 2 2 2 2 2 2 2 2 1 2 1 2
left_child=1 2 14 4 5 -3 -6 16 23 19 30 -12 -13 36 15 24 17 -8 -18 21 -14 28 27 44 38 26 -26 -9 -4 -24 31 32 -5 -32 -35 -36 41 -23 47 -39 -33 43 -43 -11 -7 -42 -25 -1
right_child=-2 3 9 10 6 8 7 22 -10 13 11 12 20 -15 -16 -17 18 -19 -20 -21 -22 37 29 46 25 -27 -28 -29 -30 -31 33 40 -34 34 35 -37 -38 39 -40 -41 45 42 -44 -45 -46 -47 -48 -49
leaf_value=-0.016300885648191824 -0.060679080525877373 -0.063654480894585752 0.02594341552774931 0.0043377032972439639 -0.060454174142669195 0.012357097426232809 0.077473189409514573 0.0067016286290981402 0.073940066588247796 0.006294997326423777 0.077129638774466047 -0.060309484250624636 0.019528211405277669 -0.061521779130474775 -0.060971645566542915 -0.060286341614762956 0.025555358045185633 0.042633998806201993 0.050714198075058906 0.043980653174984716 0.060454363125170663 -0.0026999218614230224 0.018922671972609648 -0.0075073498940688883 -0.0073807173449549311 -0.011452748128586564 0.054115506441733956 -0.0046056640089989827 0.039415115340272214 0.016600899767284075 0.028624133914290556 0.0014450059947308611 0.021861443114498964 0.0067763175849942488 0.019115496131236025 0.014403376232806624 0.00060136787700863683 -0.015228789022498111 -0.00077802295671835001 -0.0084883362089855658 0.018099602962454883 0.0089172748000509155 0.0064086602237725795 -0.0013456653048894175 0.018191089526324238 0.010101210038152493 -0.0056895384930666978 -0.01147875458172778
leaf_weight=215.99750050902367 1347.9919282793999 3992.0403409749269 434.89141933619976 83.679100126028061 893.43175709247589 233.45290097594261 2910.1619776189327 1732.3940909355879 2032.13793861866 262.85408002138138 9484.7840395271778 824.42936889827251 1798.0002992600203 935.14917849004269 3749.575359031558 751.77305193245411 7656.058561861515 4514.1198877543211 3817.7283805012703 8422.5529568195343 1453.209400177002 84.155943140387535 8591.5714556276798 776.86062926054001 327.41453474760056 304.40129098296165 559.92827832698822 1851.3561522364616 1037.7011177837849 4344.5445905029774 117.31696128845215 84.077155590057373 324.57692623138428 181.108058989048 1592.3333391547203 1299.3548621237278 155.94281300902367 569.4702113121748 48.199232339859009 285.89118480682373 69.168125092983246 3706.2985140234232 1866.5076593160629 111.12602517008781 1550.193851813674 659.66349691152573 1827.5783661603928 343.69536688923836
leaf_count=943 9033 23757 1273 266 5980 738 6302 5952 4530 918 20696 5545 5544 5952 25153 5041 23122 11679 9360 21262 3350 355 26656 2739 1376 1299 1330 6836 2683 13275 341 269 972 570 4823 3998 550 2468 201 1210 208 12814 6501 396 4820 2057 6414 1479
internal_value=0.0204031 0.0216403 0.00588615 0.0275242 0.0193471 -0.00850815 0.0273362 0.0295686 0.0258193 0.0224151 0.048758 0.0593806 0.0179753 -0.00158597 -0.0409509 -0.0113855 0.0428015 0.0563828 0.0339678 0.0379971 0.0379658 0.016988 0.0144108 0.00340552 0.00923479 0.0205126 0.0315393 0.000849836 0.0356721 0.0181602 0.016032 0.0132021 0.0185788 0.017055 0.0165056 0.0170723 0.00767572 -0.012312 -0.012768 -0.0131578 0.0102481 0.00785151 0.008099 0.00391849 0.0175285 0.0111627 -0.00627753 -0.013681
internal_weight=90216.8 88868.9 24173.5 64695.3 46723.6 10412.3 36311.4 35417.9 6420.22 17872.5 17971.7 13560.4 4075.64 7037.88 6300.98 2551.41 18898.1 7424.28 11473.8 10834.7 3251.21 2412.11 16519.9 4388.09 1799.64 1191.74 887.343 3583.75 1472.59 12936.1 4411.28 1221.16 408.256 3190.11 3072.8 2891.69 6102.73 939.517 607.892 855.361 812.909 5946.79 5572.81 373.98 1783.65 728.832 2604.44 559.693
internal_count=303036 294003 93204 200799 152160 42998 109162 103182 19241 56382 48639 35135 14439 27131 36822 11669 50463 17981 32482 29251 8894 7989 52719 14711 6628 4005 2706 12788 3956 39931 13504 3772 1238 9732 9391 8821 21179 4033 2623 3678 2534 20629 19315 1314 5558 2265 9153 2422
cat_boundaries=0 1 2 3 4 5 6 7 8 9
cat_threshold=1 4 4 2 2 2 1 2 4
is_linear=0
shrinkage=0.05


Tree=13
num_leaves=31
num_cat=2
split_feature=14 14 8 12 14 13 0 1 12 8 14 12 8 2 1 1 14 1 14 8 7 7 7 8 7 7 8 7 7 7
split_gain=3392.63 2887.53 6960.7 4937.33 3665.43 3042.15 2777.1 4264.51 5278.42 2317.15 2298.07 2042.87 1497.4 1490.93 1351.86 856.315 852.109 493.872 437.017 28.4713 3.69633 5.00525 2.30317 4.9779 5.60788 2.93687 2.6242 4.46501 2.16926 1.42177
threshold=475.00000000000006 75.000000000000014 254.50000000000003 32.500000000000007 115.00000000000001 17.000000000000004 0 750.00000000000011 57.500000000000007 267.50000000000006 50.000000000000007 25.000000000000004 437.50000000000006 1 960.00000000000011 600.00000000000011 15.000000000000002 600.00000000000011 15.000000000000002 420.50000000000006 20.450000000000003 19.850000000000005 23.350000000000005 380.50000000000006 18.950000000000003 22.650000000000002 380.50000000000006 25.250000000000004 22.850000000000005 24.150000000000002
decision_type=2 2 2 2 2 2 1 2 2 2 2 2 2 1 2 2 2 2 2 2 2 2 2 2 2 2 2 2 2 2
left_child=1 2 11 -3 -5 15 12 9 -9 -8 17 -1 14 22 -7 -6 -13 18 20 -20 21 -4 23 24 -12 -25 27 -24 -22 -28
right_child=-2 3 10 4 5 6 7 8 -10 -11 13 16 -14 -15 -16 -17 -18 -19 19 -21 28 -23 26 25 -26 -27 29 -29 -30 -31
leaf_value=0.048793547551678022 -0.060016468958480056 0.075159725920841983 -0.014315089204220827 0.07513782065119308 0.075755178785081645 0.014250565172675426 0.025184361942879898 -0.062388308081286703 0.018302897586752083 -0.059770978167835387 0.0015416265222067927 -0.012904071441351859 0.058947269849022023 -0.060776599340424231 0.040338382881311363 0.037848406546470502 -0.060338180939089971 0.041564217720155394 0.021091483481815321 0.03737402852479188 -0.014486537265358352 0.0040911154548115411 0.00079354953139086973 0.0073591652977075097 0.010844967703491264 0.0013771194492470697 0.0118313648851357 0.010467212755959044 -0.0078298741630577016 0.0060246369453099274
leaf_weight=571.56227633357048 1320.3121423721313 4718.9527481794357 48.271220445632935 3074.6121753156185 2245.2529624998569 19211.137740045786 11559.185530245304 4623.7905757576227 3594.498381704092 852.74482440948486 192.0396548807621 1226.0285473912954 2889.134347319603 895.04126633703709 6703.2026720196009 4568.8967787623405 4289.2627492845058 8400.7321393489838 455.0645851790905 1019.882430061698 519.55252312123775 86.590121328830719 483.67178848385811 2155.9076789170504 2253.1571092903614 255.66239400207996 210.67581395804882 155.50084030628204 272.26591384410858 442.364431604743
leaf_count=1384 9200 10492 211 6811 4981 60228 34532 29213 11081 5934 678 5290 6719 5915 18375 11833 29922 21281 1344 2641 2265 360 1708 7462 7717 900 719 532 1155 1538
internal_value=0.019244 0.0204408 0.00561734 0.025978 0.0220529 0.0191375 0.0148124 0.000805411 -0.0271103 0.0193002 0.0213666 -0.0405099 0.0248393 -0.00084839 0.0210135 0.0504387 -0.0498452 0.0358446 0.0157277 0.0325599 -0.0110715 -0.0026853 0.00795112 0.00848828 0.0101439 0.00675393 0.00584414 0.00334901 -0.0123862 0.00812353
internal_weight=89295 87974.6 23933.2 64041.4 59322.5 56247.8 49433.7 20630.2 8218.29 12411.9 17846.4 6086.85 28803.5 7044.02 25914.3 6814.15 5515.29 10802.4 2401.63 1474.95 926.68 134.861 6148.98 4856.77 2445.2 2411.57 1292.21 639.173 791.818 653.04
internal_count=302421 293221 93022 200199 189707 182896 166082 80760 40294 40466 56426 36596 85322 27169 78603 16814 35212 29257 7976 3985 3991 571 21254 16757 8395 8362 4497 2240 3420 2257
cat_boundaries=0 1 2
cat_threshold=4 4
is_linear=0
shrinkage=0.05


Tree=14
num_leaves=19
num_cat=2
split_feature=14 1 14 11 11 2 14 12 12 14 0 8 1 1 8 11 7 7
split_gain=3216.61 4078.69 5667.58 2904.57 2167.62 3698.19 2201.05 5253.4 4377.52 3578.51 2491.94 840.374 839.515 612.018 100.909 33.6598 7.11952 4.76391
threshold=425.00000000000006 960.00000000000011 325.00000000000006 6.5000000000000009 12.500000000000002 0 75.000000000000014 57.500000000000007 32.500000000000007 115.00000000000001 1 437.50000000000006 600.00000000000011 600.00000000000011 222.00000000000003 5.5000000000000009 21.150000000000002 21.350000000000005
decision_type=2 2 2 2 2 1 2 2 2 2 1 2 2 2 2 2 2 2
left_child=1 2 3 12 5 14 7 10 -8 -10 -6 -2 -1 -9 17 -14 -16 -5
right_child=11 -3 -4 4 6 -7 8 13 9 -11 -12 -13 15 -15 16 -17 -18 -19
leaf_value=0.07384754150882962 -0.0098751939455943467 0.069044982603716484 -0.060769876372380752 0.0063549833697102605 -0.0032112137710721927 -0.062262537784200059 0.073076497391520334 0.0083050464157962672 0.073074766801386873 0.015794850033457014 -0.059610945365028423 -0.059387953180143609 0.035238425894208836 0.039935385312668083 0.014954049228937017 0.043430425431879117 0.019959841178466265 0.0010477787496745597
leaf_weight=2177.8270760774612 2637.7305320948362 4079.4244003146887 2219.5693641453981 812.9637391269207 10329.961741790175 2242.0850448310375 4553.2869844734669 1883.2137996852398 2983.9399251788855 30785.780901193619 2407.7367161810398 1265.4998734593391 4549.9057452082634 8371.3390799611807 1465.6830104887486 2283.2440119385719 2383.8895941674709 934.9231343716383
leaf_count=4954 9248 9148 15025 2740 42529 14178 10383 6687 6770 99449 17477 9175 11839 21243 4563 5857 7303 3242
internal_value=0.0182708 0.0203224 0.0178409 0.0200813 0.0165962 -0.00814715 0.0197614 0.00752352 0.0270985 0.0208778 -0.0139145 -0.0260517 0.0467739 0.0341452 0.0135924 0.0380425 0.0181106 0.00356678
internal_weight=88368 84464.8 80385.3 78165.8 69154.8 7839.54 61315.3 22992.3 38323 33769.7 12737.7 3903.23 9010.98 10254.6 5597.46 6833.15 3849.57 1747.89
internal_count=301810 283387 274239 259214 236564 32026 204538 87936 116602 106219 60006 18423 22650 27930 17848 17696 11866 5982
cat_boundaries=0 1 2
cat_threshold=4 2
is_linear=0
shrinkage=0.05


Tree=15
num_leaves=35
num_cat=5
split_feature=14 14 8 12 14 13 0 2 10 8 12 14 8 2 10 14 2 2 10 8 8 7 11 7 8 7 7 7 7 7 8 7 7 7
split_gain=2886 2377.34 5856.35 4467.7 3327.11 2607.34 2358.53 3904.18 4540.24 1966.9 1940.15 1794.38 1402.35 1369.09 1222.34 894.727 814.121 355.861 374.851 14.25 7.9346 7.36636 5.18871 7.00729 3.5854 9.32766 3.33907 3.26971 2.18638 8.40168 3.39563 2.56677 8.18074 2.05792
threshold=475.00000000000006 75.000000000000014 254.50000000000003 32.500000000000007 115.00000000000001 17.000000000000004 0 1 625.00000000000011 267.50000000000006 25.000000000000004 50.000000000000007 437.50000000000006 2 625.00000000000011 15.000000000000002 3 4 535.00000000000011 420.50000000000006 317.50000000000006 25.050000000000004 29.000000000000004 22.850000000000005 112.50000000000001 22.550000000000004 21.550000000000004 20.850000000000005 22.950000000000003 22.650000000000002 380.50000000000006 25.050000000000004 24.850000000000005 22.550000000000004
decision_type=2 2 2 2 2 2 1 1 2 2 2 2 2 1 2 2 1 1 2 2 2 2 2 2 2 2 2 2 2 2 2 2 2 2
left_child=1 2 10 -3 -5 16 12 8 -8 -9 -1 17 14 28 -7 21 20 -4 19 -19 -6 24 23 -20 25 -12 -24 -26 29 33 -31 32 -30 -13
right_child=-2 3 11 4 5 6 7 9 -10 -11 15 13 -14 -15 -16 -17 -18 18 22 -21 -22 -23 26 -25 27 -27 -28 -29 31 30 -32 -33 -34 -35
leaf_value=0.049378691032552879 -0.058800168671347845 0.071536002508459026 0.0369784057985382 0.071338868642426015 0.031516241455008351 0.007934412900991639 -0.061153516576059802 0.022847135125427517 0.014673045333930886 -0.058523929870574525 0 0.007979318693463763 0.055762403058055757 -0.059785175020087261 0.029700557390484411 -0.059338855873235501 0.072120074371004872 0.022061127344340146 -0.0087002486771129966 0.034312023329681252 0.037026003536098438 0.0024216523462986198 -0.0068843171927514607 0.0065441145376215265 -0.0072109509459059116 -0.018642684076743042 -0.01530237125054488 -0.015301553207278676 0.0057873277213219363 0.023812981390605871 0.0096130428303142345 0.0094047897049406044 -0.0096463413218404685 0.00057869440007079468
leaf_weight=558.56290581822395 1213.0666531920433 4506.0349418818951 8328.6198305338621 2976.515226483345 2239.678373888135 13057.014929994941 4392.701935082674 11627.7076023072 3571.526468962431 783.50251749157906 202.23235496878624 4190.1770299822092 2829.6606100797653 844.83613760769367 12772.089307695627 4024.9141854345798 2106.4295760393143 454.3739078938961 227.52395927906036 1022.2381693869829 2369.2096663564444 92.621179208159447 253.0846880376339 98.243953764438629 226.10593345761299 89.949345320463181 366.88677361607552 618.82458385825157 1068.5802423208952 119.8187164068222 120.67596839368343 421.94527165591717 82.058210372924805 112.69378483295441
leaf_count=1347 9156 10540 21305 6924 5887 42399 29438 34534 11015 5910 845 14444 6702 5927 35765 30017 4922 1326 978 2664 6091 384 1088 398 976 395 1607 2713 3718 390 413 1449 300 396
internal_value=0.0174782 0.018552 0.00497695 0.0236 0.0199095 0.0171505 0.0131416 0.000132967 -0.0271674 0.0176633 -0.0385244 0.0192711 0.0223854 -0.000503097 0.0187067 -0.047954 0.0463519 0.0320673 0.0150785 0.0307496 0.0344334 -0.0104729 -0.00940275 -0.00389601 -0.0115787 -0.00614702 -0.0121092 -0.0133046 0.00776199 0.00836373 0.0175555 0.00595003 0.00456996 0.00779888
internal_weight=87970.1 86757 23525 63232.1 58726 55749.5 49034.2 20375.4 7964.23 12411.2 5813.21 17711.8 28658.8 6960.79 25829.1 5254.65 6715.32 10751 2422.35 1476.61 4608.89 1229.73 945.739 325.768 1137.11 292.182 619.971 844.931 6115.95 4543.37 240.495 1572.58 1150.64 4302.87
internal_count=302363 293207 93080 200127 189587 182663 165763 80897 40453 40444 36677 56403 84866 27037 78164 35330 16900 29366 8061 3990 11978 5313 4071 1376 4929 1240 2695 3689 21110 15643 803 5467 4018 14840
cat_boundaries=0 1 2 3 4 5
cat_threshold=4 1 4 4 4
is_linear=0
shrinkage=0.05


Tree=16
num_leaves=37
num_cat=4
split_feature=14 1 14 13 11 2 13 12 1 2 13 10 14 12 10 0 2 14 1 10 11 7 7 7 7 7 7 7 7 7 7 7 7 7 7 7
split_gain=2821.44 3579.14 4877.87 2586.35 3227.52 2241.9 3228.89 3071.29 1625.05 1616.56 1598.45 1308.24 796.809 1103.97 748.835 684.253 528.55 445.056 38.5554 102.393 19.485 13.0513 5.68189 5.16138 3.04839 5.3176 5.89548 2.05534 1.64759 2.63521 1.40373 1.3766 1.3688 1.26117 0.96419 0.719905
threshold=425.00000000000006 960.00000000000011 325.00000000000006 26.000000000000004 19.000000000000004 0 36.500000000000007 52.500000000000007 830.00000000000011 1 31.500000000000004 625.00000000000011 15.000000000000002 39.000000000000007 565.00000000000011 2 3 75.000000000000014 600.00000000000011 390.00000000000006 5.5000000000000009 21.450000000000003 23.150000000000002 22.450000000000003 25.350000000000005 21.550000000000004 20.950000000000003 24.250000000000004 20.050000000000004 20.450000000000003 19.850000000000005 21.150000000000002 20.650000000000002 24.850000000000005 20.850000000000005 18.950000000000003
decision_type=2 2 2 2 2 1 2 2 2 1 2 2 2 2 2 1 1 2 2 2 2 2 2 2 2 2 2 2 2 2 2 2 2 2 2 2
left_child=1 2 3 12 9 7 10 15 -8 21 -7 -9 27 18 -2 -6 20 -18 22 -20 -15 34 -14 -23 25 26 28 -1 30 -30 35 -28 -31 -29 -5 -16
right_child=14 -3 -4 4 5 6 8 11 -10 -11 -12 -13 13 16 24 -17 17 -19 19 -21 -22 23 -24 -25 -26 -27 31 33 29 32 -32 -33 -34 -35 -36 -37
leaf_value=-0.012993369623408888 -0.058259350135666313 0.064384886848637857 -0.059497612931036808 0.0065914662227372703 0.03869546856064604 0.0132514229135118 -0.028693549339076658 -0.058464512892285492 0.010631479720158168 -0.060799482788333636 0.041892612675145963 0.015170044262229003 0.011530223514034139 0.033053511539231771 -0.0078710786723451935 0.070906725692334846 0.032286579612722507 0.064825944180442227 0.017483168960016986 0.031275262972246767 0.039565257417998205 -0.0053141231926842232 0.018859665342178186 0.0024307242272571241 0 -0.015105786107518377 0.0045345044683513819 0.00010081790590984659 -0.02200608484729373 -0.0015951084515804599 -0.0037229326392189017 -0.0038323229598166333 -0.012436193835519999 -0.0085942030238086494 0.011075786578682264 -0.011149611581792999
leaf_weight=784.95621480047703 1184.1983579099178 4058.9429140985012 2058.0521282404661 608.08054904639721 3006.7676206827164 24583.378451019526 6469.2609761357307 714.32761400938034 4409.2316437959671 2101.0961969345808 6075.0988445281982 3595.8220297843218 1244.8700524717569 4623.6483018100262 620.22929036617279 3807.8873825669289 1474.221504881978 4036.5281619131565 3940.786116823554 2119.472073495388 2262.0031889677048 327.87813502550125 425.4806499928236 577.59218628704548 61.96160101890564 564.94307671487331 68.41949625313282 53.219230815768242 85.484619468450546 57.294000178575516 150.6110638231039 116.78740409016609 114.35624344646931 87.8210179656744 269.03829857707024 756.44474866986275
leaf_count=3445 9310 9223 15075 2031 11012 79401 36883 5381 13431 14339 15327 11020 3786 12038 2166 9122 3938 9637 12008 5989 5822 1159 1261 1965 210 2014 228 221 313 197 520 402 406 373 879 2666
internal_value=0.0167244 0.0186335 0.0162938 0.018312 0.0127368 0.0159828 0.0106371 0.0359101 -0.0127548 -0.0311931 0.0189402 0.00284782 0.0332707 0.0353575 -0.0254721 0.0567793 0.0446093 0.0562044 0.0204769 0.0223585 0.0352542 0.00381982 0.0135281 -0.000346545 -0.0103335 -0.0106008 -0.0092136 -0.0119268 -0.0100919 -0.0144313 -0.00923972 -0.000411342 -0.00937989 -0.00519279 0.00813265 -0.00977601
internal_weight=87496.2 83715.5 79656.5 77598.5 56545.5 52661.8 41537 11124.8 10878.5 3883.69 30658.5 4310.15 21053 20127 3780.73 6814.66 12396.4 5510.75 7730.61 6060.26 6885.65 1782.59 1670.35 905.47 2596.53 2534.57 1969.63 925.996 1784.42 257.135 1527.29 185.207 171.65 141.04 877.119 1376.67
internal_count=303198 284766 275543 260468 201950 181577 145042 36535 50314 20373 94728 16401 58518 54479 18432 20134 31435 13575 23044 17997 17860 6034 5047 3124 9122 8912 6898 4039 6268 916 5352 630 603 594 2910 4832
cat_boundaries=0 1 2 3 4
cat_threshold=1 4 2 4
is_linear=0
shrinkage=0.05


Tree=17
num_leaves=28
num_cat=1
split_feature=14 1 14 11 11 2 14 8 12 14 10 14 1 8 8 11 7 7 7 7 7 7 7 8 7 7 8
split_gain=2638.21 3321.15 4601.71 2203.75 1710.09 3022.07 1659.5 4340.27 3816.87 3148.25 2002.72 1635.37 806.864 696.74 96.9034 26.8445 7.85038 5.47154 2.7891 7.18561 3.76478 11.9171 2.10162 1.95282 1.81556 0.950696 0.354007
threshold=425.00000000000006 960.00000000000011 325.00000000000006 6.5000000000000009 12.500000000000002 0 75.000000000000014 254.50000000000003 32.500000000000007 115.00000000000001 590.00000000000011 50.000000000000007 600.00000000000011 437.50000000000006 222.00000000000003 5.5000000000000009 21.350000000000005 18.350000000000005 23.850000000000005 22.250000000000004 21.650000000000002 21.250000000000004 22.950000000000003 247.00000000000003 22.550000000000004 18.150000000000002 317.50000000000006
decision_type=2 2 2 2 2 1 2 2 2 2 2 2 2 2 2 2 2 2 2 2 2 2 2 2 2 2 2
left_child=1 2 3 12 5 14 7 10 -8 -10 -6 -9 -1 18 16 26 -5 -16 19 20 21 25 24 -20 -21 -2 -14
right_child=13 -3 -4 4 6 -7 8 11 9 -11 -12 -13 15 -15 17 -17 -18 -19 23 22 -22 -23 -24 -25 -26 -27 -28
leaf_value=0.069236553411315446 -0.0054067610472144541 0.062171369996602277 -0.058921228546632745 0.0049537101805137498 0.0076627426682999589 -0.060130300082137635 0.068391027595594664 0.030658225909484929 0.068682966588031982 0.013661342737479491 -0.058535402966810396 -0.00052364127317641371 0.028715351813656066 -0.057733720053261543 0.0023072499617594719 0.037788434478341369 -0.0017047368604374094 0.015794284616246407 -0.0097632573879185905 -0.0024177800633271317 -0.018603088075473475 0.0044678793396098647 -0.0061930609749028748 -0.023081420768963447 0.0085984647590751067 -0.011464340683836751 0.032112995139490473
leaf_weight=1996.7214785814285 128.31261116266251 4061.3165771067142 1995.7753899544477 803.94235999882221 1785.0199079215527 2002.0567423254251 4275.2780278921127 10695.3283072263 2829.702702999115 31006.537328049541 3147.8580406904221 6919.1355578750372 2254.2067310363054 1115.9516721814871 89.385651126503944 2300.9407137036324 947.97042952477932 3842.093381434679 101.78464372456074 63.455491527915001 166.89276857674122 121.26058988273144 112.14730907976627 87.827390566468239 59.522476613521576 1767.4947421848774 2306.3793778270483
leaf_count=4934 447 9304 15227 2683 6693 14216 10586 29256 6882 99879 24874 27007 5952 9143 284 5929 3284 11707 360 220 608 407 391 324 196 6252 6005
internal_value=0.0162763 0.018119 0.0158518 0.0177928 0.0147461 -0.00746107 0.0175614 0.00680205 0.023922 0.0182832 -0.0346037 0.0184135 0.0412504 -0.0248406 0.0111567 0.0330102 0.00133318 0.015507 -0.0105837 -0.00998985 -0.0108844 -0.0101325 -0.00137186 -0.0170299 0.00278382 -0.0111111 0.030511
internal_weight=86984.3 83259.6 79198.3 77202.6 68344.3 7685.45 60658.9 22547.3 38111.5 33836.2 4932.88 17614.5 8858.25 3724.65 5683.39 6861.53 1751.91 3931.48 2608.7 2419.09 2183.96 2017.07 235.125 189.612 122.978 1895.81 4560.59
internal_count=303050 284702 275398 260171 237351 32174 205177 87830 117347 106761 31567 56263 22820 18348 17958 17886 5967 11991 9205 8521 7714 7106 807 684 416 6699 11957
cat_boundaries=0 1
cat_threshold=4
is_linear=0
shrinkage=0.05


Tree=18
num_leaves=26
num_cat=2
split_feature=14 14 8 12 14 13 12 0 1 10 12 8 8 1 1 0 14 1 10 10 1 10 8 8 7
split_gain=2300.04 1720.34 4889.36 3867.98 2846.24 1912.11 1845.93 1825.65 3141.14 3937.84 1557.29 1557.22 1227.55 1001.53 849.302 612.137 543.033 270.273 264.025 203.742 519.359 207.961 11.8758 7.14501 3.2301
threshold=475.00000000000006 75.000000000000014 208.00000000000003 32.500000000000007 115.00000000000001 17.000000000000004 25.000000000000004 0 750.00000000000011 625.00000000000011 57.500000000000007 267.50000000000006 437.50000000000006 960.00000000000011 600.00000000000011 1 15.000000000000002 600.00000000000011 535.00000000000011 535.00000000000011 600.00000000000011 590.00000000000011 503.00000000000006 317.50000000000006 25.750000000000004
decision_type=2 2 2 2 2 2 2 1 2 2 2 2 2 2 2 1 2 2 2 2 2 2 2 2 2
left_child=1 2 6 -3 -5 14 -1 12 11 -10 15 -9 13 -7 -6 19 -8 18 22 -4 21 -21 -12 -16 -22
right_child=-2 3 10 4 5 7 16 8 9 -11 17 -13 -14 -15 23 -17 -18 -19 -20 20 24 -23 -24 -25 -26
leaf_value=0.046840993160082001 -0.057249618505942616 0.067083013785793594 0.033531030276343569 0.067232563172024903 0.067919822176154249 0.010231567960793773 -0.014809636387606677 0.019554194691084437 -0.059650345742184745 0.01227478843494771 0.020478572623921307 -0.056930833216054882 0.051207182529397925 0.032832508947590613 0.025567066026199427 -0.05742377887954541 -0.057987810385238397 0.033644446074796122 -0.013688327852357456 -0.013049348241656992 0.006796552642550884 -0.059393808587815393 0.033401545600896268 0.030597233162498669 0.014232796699185014
leaf_weight=553.06579184532166 1071.6576603204012 4144.1074887514114 523.35181450843811 2691.8160298615694 1935.0138025581837 19349.120033591986 925.88767158985138 11675.446667641401 4006.6048817783594 3609.1263093948364 441.32574771344662 695.8247160539031 2727.9023703038692 6568.2564956992865 2200.8657677620649 422.44541883468628 3613.7446869015694 8300.6418859511614 638.7461721599102 634.64560288190842 5955.0420509129763 393.05018639564514 500.54991021752357 2305.9847996234894 162.46492433547974
leaf_count=1348 9154 10579 1353 6744 4933 60031 4030 34532 29329 11067 1266 5949 6682 18336 5869 3293 29980 21407 2760 2735 20619 2655 1294 6027 548
internal_value=0.0152079 0.0161289 0.00446806 0.020471 0.0171152 0.014653 -0.0387283 0.0112557 -0.000340128 -0.0255868 0.0167259 0.0152057 0.0193457 0.0159717 0.0402354 0.000450151 -0.0492442 0.0300338 0.0109488 0.00371546 0.00148081 -0.0312239 0.0276776 0.0282139 0.00702511
internal_weight=86046.7 84975 23065 61910.1 57766 55074.1 5092.7 48632.3 19987 7615.73 17972.3 12371.3 28645.3 25917.4 6441.86 8091 4539.63 9881.26 1580.62 7668.55 7145.2 1027.7 941.876 4506.85 6117.51
internal_count=302520 293366 93288 200078 189499 182755 35358 165926 80877 40396 57930 40481 85049 78367 16829 31203 34010 26727 5320 27910 26557 5390 2560 11896 21167
cat_boundaries=0 1 2
cat_threshold=4 2
is_linear=0
shrinkage=0.05


Tree=19
num_leaves=39
num_cat=8
split_feature=14 8 8 2 10 14 8 8 2 10 13 8 14 2 0 1 10 0 8 1 0 0 7 7 7 7 7 7 7 7 7 0 7 7 7 7 7 7
split_gain=2162.56 1603.29 2117.12 1597.91 1458.95 1615.39 3835.16 3521.69 3212.88 1743.17 1585.62 1769.23 1293.13 1222.01 1067.36 448.953 616.185 411.19 355.871 327.779 64.8044 17.184 8.8913 11.544 7.36727 6.08796 5.79897 5.54846 7.75981 5.00273 4.83433 4.66386 4.40915 3.47617 3.01101 2.80289 2.2781 0.786236
threshold=475.00000000000006 101.00000000000001 138.50000000000003 0 335.00000000000006 75.000000000000014 254.50000000000003 222.00000000000003 1 590.00000000000011 36.500000000000007 283.00000000000006 50.000000000000007 2 3 600.00000000000011 535.00000000000011 4 185.50000000000003 600.00000000000011 5 6 24.350000000000005 23.450000000000003 21.950000000000003 21.350000000000005 21.650000000000002 21.850000000000005 18.950000000000003 25.950000000000003 18.150000000000002 7 24.750000000000004 18.350000000000005 22.350000000000005 24.350000000000005 21.450000000000003 25.350000000000005
decision_type=2 2 2 1 2 2 2 2 1 2 2 2 2 1 1 2 2 1 2 2 1 1 2 2 2 2 2 2 2 2 2 1 2 2 2 2 2 2
left_child=1 15 3 20 -4 6 9 8 17 18 11 -9 19 -14 -5 16 -1 -7 -6 -8 22 -10 23 25 26 -3 30 28 33 32 -22 35 -26 -16 -33 -29 -30 -24
right_child=-2 2 4 14 5 7 12 10 21 -11 -12 -13 13 -15 27 -17 -18 -19 -20 -21 24 -23 37 -25 29 -27 -28 31 36 -31 -32 34 -34 -35 -36 -37 -38 -39
leaf_value=0.065379497454538735 -0.056795958672686678 0.0041189462348298362 -0.056452639036741872 -0.058946055177760484 0.044515239229790088 0.034971437775063001 0.011184290482407704 0.0052352295564634518 0.058710868635208968 -0.057563110812934942 -0.058450074366393913 0.029403233821615433 0.0073686599901664381 -0.058560208993901554 -0.011315000472125934 0.026369335072415068 -0.0086519825991854728 0.0087119164817890653 -0.010997126268669227 0.032236143911178634 0.023705503280126876 0.066495769498866111 -0.010617752536537704 0.015704752867200498 0.01441814025671649 -0.0023969424489034908 0.003194128296217682 -0.017324361867126908 -0.011351021153096811 0.0023969177413102546 0.011067031199124666 0.0017349076021563568 0.021995161314395315 -0.00027855103375539739 -0.0054952074531197173 -0.0014365137134634907 -0.018582186856840439 -0.002663159778853166
leaf_weight=2417.6869273781776 1031.9420409053564 817.22815921902657 656.95034123957157 1831.9858154505491 534.77183233201504 2256.2913949787617 2404.1364622414112 17875.674551576376 1991.7738976478577 2920.522895000875 732.6529803276062 13143.196827784181 6130.9316460043192 783.69071751832962 96.355811595916748 2230.2166182994843 314.08223842084408 4407.2864529788494 605.33965428173542 8332.4910777211189 85.389805227518082 6040.2042811512947 126.05881199240685 145.76292008161545 1461.9620543420315 614.36076454818249 250.01741242408752 112.88054104149342 1112.0983006507158 84.651564836502075 2182.7307561039925 172.12012216448784 310.55312448740005 248.86006969213486 586.00626488029957 47.667676687240601 179.97402057051659 76.917241215705872
leaf_count=6310 9194 2710 5857 14080 1318 5838 8013 64138 4640 25086 5534 36022 21130 5944 341 5921 1340 13384 2629 21595 248 15834 443 470 4429 2128 785 511 4056 266 6687 595 915 852 2065 202 685 264
internal_value=0.0148021 0.0156855 0.0139568 -0.00689824 0.0171534 0.0178717 0.00660604 0.0231343 0.0433664 -0.0371456 0.013758 0.0154834 0.0166892 -0.000170155 -0.0299211 0.0432403 0.0568491 0.01765 0.0151583 0.0275417 0.00952702 0.0646469 0.00144156 0.0027448 0.0127948 0.00129076 0.0108613 -0.00894927 -0.0107404 0.0153176 0.0116668 -0.00562187 0.0158897 -0.00373159 -0.00378742 -0.0132612 -0.0125316 -0.00810473
internal_weight=85353.4 84321.5 79359.5 10543.6 68815.9 68159 21711.9 46447.1 14695.6 4060.63 31751.5 31018.9 17651.2 6914.62 4387.95 4961.99 2731.77 6663.58 1140.11 10736.6 6155.63 8031.98 1780.33 1577.35 4375.3 1431.59 2518.14 2555.96 1637.29 1857.17 2268.12 918.675 1772.52 345.216 758.126 160.548 1292.07 202.976
internal_count=302459 293265 279694 42732 236962 231105 85715 145390 39696 29033 105694 100160 56682 27074 23387 13571 7650 19222 3947 29608 19345 20474 6015 5308 13330 4838 7720 9307 5934 5610 6935 3373 5344 1193 2660 713 4741 707
cat_boundaries=0 1 2 3 4 5 6 7 8
cat_threshold=4 4 4 1 1 1 4 2
is_linear=0
shrinkage=0.05


Tree=20
num_leaves=26
num_cat=3
split_feature=14 1 14 13 11 2 8 10 9 10 2 8 1 8 14 12 1 10 7 7 7 7 7 7 7
split_gain=2227.27 2701.02 3824.76 1826 2329.4 1577.4 5689.21 2238.96 2287.21 1949.88 1281.65 706.234 674.526 564.911 490.916 366.468 178.95 35.6604 7.61828 5.28686 4.87188 3.77845 2.35149 2.67545 1.23164
threshold=425.00000000000006 960.00000000000011 325.00000000000006 26.000000000000004 19.000000000000004 0 254.50000000000003 665.00000000000011 1 625.00000000000011 2 112.50000000000001 600.00000000000011 437.50000000000006 15.000000000000002 39.000000000000007 690.00000000000011 390.00000000000006 24.350000000000005 25.450000000000003 25.050000000000004 23.650000000000002 21.450000000000003 18.550000000000004 22.450000000000003
decision_type=2 2 2 2 2 1 2 2 1 2 1 2 2 2 2 2 2 2 2 2 2 2 2 2 2
left_child=1 2 3 11 10 6 -6 8 -7 -8 22 12 -1 -2 18 17 -17 -16 21 -14 -20 -13 23 -5 -24
right_child=13 -3 -4 4 5 7 9 -9 -10 -11 -12 14 19 -15 15 16 -18 -19 20 -21 -22 -23 24 -25 -26
leaf_value=0.064209479717713167 -0.012021115079283762 0.056343664893252571 -0.057774133372683847 -0.0057760283414548842 0.066085082117793389 -0.056642627696817709 -0.058172169679001955 -0.057070194732847725 0.013201046972336339 0.011527420465026797 -0.058397590776099829 -0.01246660335850909 0.026041222444994374 -0.056365269654776708 0.01428813105531718 0.029567485447424765 0.049973317590533764 0.021263466236554875 0.0080206913410363068 0.010330356907887098 -0.0094918811159425479 -0.027254011761095504 -0.0025426951982826466 0.0042357185849256091 0.0011637130468482545
leaf_weight=2349.5190821737051 2607.8576945364475 3906.0395778119564 1814.3333182930946 60.128814876079559 5443.5968389511108 1199.1736136674881 1376.9373877570033 1233.557546749711 38320.762590289116 3618.3681450337172 1769.2369735389948 735.0973801612854 2123.3472490310669 987.80265247821808 3958.7749092578888 6038.275384709239 1348.1298632919788 3758.6701698899269 66.979943320155144 84.061415791511536 70.989697203040123 53.024162992835045 344.1903150677681 791.11741942167282 590.68994973599911
leaf_count=6330 9170 9225 15224 207 14720 10948 10971 10798 122807 11027 14179 3221 5638 9183 11976 15918 3368 10846 270 235 301 246 1202 2620 2002
internal_value=0.0141149 0.0158242 0.013765 0.015496 0.0107177 0.0134377 0.0307732 0.00898955 0.0110667 -0.00775286 -0.0283608 0.0281895 0.0455733 -0.0243398 0.0232193 0.0253869 0.0333611 0.017715 -0.011973 0.0255148 -0.000684682 -0.0138531 0.00152365 0.00341162 -0.000160409
internal_weight=84650.7 81055 77149 75334.6 54747.8 51192.4 10438.9 40753.5 39519.9 4995.31 3555.36 20586.9 4556.93 3595.66 16029.9 15103.9 7386.41 7717.45 926.091 2207.41 137.97 788.122 1786.13 851.246 934.88
internal_count=302632 284279 275054 259830 201481 181271 36718 144553 133755 21998 20210 58349 12203 18353 46146 42108 19286 22822 4038 5873 571 3467 6031 2827 3204
cat_boundaries=0 1 2 3
cat_threshold=1 1 4
is_linear=0
shrinkage=0.05


Tree=21
num_leaves=37
num_cat=4
split_feature=14 1 14 11 8 12 14 8 2 10 10 1 0 8 2 14 11 6 7 8 7 7 7 7 7 7 7 7 7 7 7 7 7 7 7 7
split_gain=1860.04 2509.9 3496.35 1643.86 1238.35 1607.97 3903.61 1262.16 974.939 4494.85 2199.19 747.043 606.281 596.858 264.095 213.409 19.6312 4.9526 3.3164 3.24991 2.57618 4.30274 1.86655 4.23353 1.86211 1.78185 1.49667 3.53985 1.43445 2.35077 2.28222 0.563549 0.538554 0.328438 0.262653 0.111886
threshold=425.00000000000006 960.00000000000011 325.00000000000006 6.5000000000000009 420.50000000000006 32.500000000000007 75.000000000000014 185.50000000000003 0 665.00000000000011 665.00000000000011 600.00000000000011 1 437.50000000000006 2 30.000000000000004 5.5000000000000009 3 19.950000000000003 317.50000000000006 19.750000000000004 22.550000000000004 18.650000000000002 18.850000000000005 18.150000000000002 19.050000000000004 21.450000000000003 20.950000000000003 24.150000000000002 22.850000000000005 21.550000000000004 24.050000000000004 20.650000000000002 19.950000000000003 19.350000000000005 22.050000000000004
decision_type=2 2 2 2 2 2 2 2 1 2 2 2 1 2 1 2 2 1 2 2 2 2 2 2 2 2 2 2 2 2 2 2 2 2 2 2
left_child=1 2 3 11 5 6 7 -5 10 -10 -7 -1 14 17 -6 -16 19 20 24 -13 22 26 -2 -24 -19 -25 27 33 29 30 32 -23 -20 -22 -27 -32
right_child=13 -3 -4 4 12 8 -8 -9 9 -11 -12 16 -14 -15 15 -17 -18 18 28 -21 21 31 23 25 -26 34 -28 -29 -30 -31 35 -33 -34 -35 -36 -37
leaf_value=0.064617233476593844 -0.0084158323698020308 0.054279635860267322 -0.057300697723652573 0.041969258078685345 0.02944843537141675 0.012665235857126476 0.063799395591097804 -0.047033193094698014 -0.016971354641133609 0.065051909797374102 -0.056627833999367085 0.023554022850668693 0.048550145659659621 -0.055955316545165293 -0.01503271371651922 0.016512165643549438 0.03189524211753432 -0.0036154945481273989 -0.0081432168460574897 0.02748575457681739 -0.0069604182221685053 0.0012812226522806018 0.0069121688917933161 -0.011858283486131434 -0.014793654920419244 -0.00011277059409562146 -0.017575805322811652 0 -0.014905054491152411 0 -0.017143096780434613 -0.0042059823378721673 -0.0028447123798635964 -0.014510385861966724 -0.0038619972809898631 -0.0090284159352837443
leaf_weight=1739.6655301749706 187.05110576748848 3866.4069877713919 1717.4588538482785 539.661128282547 4038.9761600196362 35778.140355527401 3785.5224221646786 1441.6775675863028 11639.528785921633 1939.7485113143921 1172.9046036601067 2212.8534564673901 2659.7976688593626 940.2593432366848 649.57483774423599 2857.3691472858191 2251.7659300714731 60.204886496067047 118.23929738998413 2221.0375221520662 90.423776865005493 64.185177758336067 86.819453939795494 65.810482740402222 696.72266894578934 109.24654519557953 115.66508670151234 71.239945694804192 92.174491584300995 99.454738080501556 71.161106884479523 87.006692513823509 175.95427203178406 135.01874256134033 146.11378157138824 109.54182896018028
leaf_count=4897 655 9261 15033 1349 10584 109365 10639 12154 59522 5385 10712 5927 6725 9124 2796 8266 5864 208 415 5859 316 216 288 234 2483 374 419 240 331 338 259 302 603 483 506 384
internal_value=0.0134606 0.0150175 0.0130294 0.0146496 0.0120087 0.0090992 0.0340918 -0.0226773 0.0062397 -0.00521171 0.0104496 0.0354494 0.028029 -0.0220546 0.0207344 0.0106289 0.027767 -0.009522 -0.0115778 0.0255922 -0.00687593 -0.00938143 -0.00430459 -0.00214385 -0.0140285 -0.00487767 -0.0119988 -0.0091593 -0.00855463 -0.00721229 -0.00864905 -0.00163135 -0.0053363 -0.0121188 -0.00251115 -0.0132176
internal_weight=84034.4 80512.1 76645.7 74928.2 66502.9 56297.2 5766.86 1981.34 50530.3 13579.3 36951 8425.32 10205.7 3522.29 7545.92 3506.94 6685.66 2582.03 1423.45 4433.89 1158.58 563.539 595.041 407.99 756.928 321.171 412.348 296.682 666.526 574.351 474.897 151.192 294.194 225.443 255.36 180.703
internal_count=302516 284338 275077 260044 237497 209126 24142 13503 184984 64907 120077 22547 28371 18178 21646 11062 17650 9054 5021 11786 4033 1976 2057 1402 2691 1114 1458 1039 2330 1999 1661 518 1018 799 880 643
cat_boundaries=0 1 2 3 4
cat_threshold=4 2 4 4
is_linear=0
shrinkage=0.05


Tree=22
num_leaves=38
num_cat=11
split_feature=14 8 8 2 10 14 0 8 2 8 13 8 0 10 1 10 0 0 0 3 4 7 7 7 7 7 7 4 7 7 4 7 7 7 7 7 7
split_gain=1764.02 1311.84 1781.36 1263.89 1179.58 1258.96 3131.42 2914.05 2871.52 2200.95 1305.65 1240.23 994.995 963.592 421.803 628.356 350.51 65.3506 43.7431 8.9671 9.31412 8.66347 6.1891 6.15889 6.15016 6.01062 5.53541 4.04626 3.93309 3.66563 3.17675 6.42306 3.13111 2.52293 1.64033 1.36537 0.847127
threshold=475.00000000000006 101.00000000000001 138.50000000000003 0 335.00000000000006 75.000000000000014 1 222.00000000000003 2 171.00000000000003 36.500000000000007 283.00000000000006 3 625.00000000000011 600.00000000000011 535.00000000000011 4 5 6 7 8 21.250000000000004 23.150000000000002 21.450000000000003 24.750000000000004 21.050000000000004 24.350000000000005 9 21.750000000000004 21.050000000000004 10 20.450000000000003 22.450000000000003 24.450000000000003 18.450000000000003 20.850000000000005 22.150000000000002
decision_type=2 2 2 1 2 2 1 2 1 2 2 2 1 2 2 2 1 1 1 1 1 2 2 2 2 2 2 1 2 2 1 2 2 2 2 2 2
left_child=1 14 3 17 -4 6 9 8 16 -6 11 -9 -5 -11 15 -1 -7 19 -10 22 29 25 -3 -23 30 35 -24 -26 -16 -21 31 -19 -22 -25 -32 -14 -30
right_child=-2 2 4 12 5 7 -8 10 18 13 -12 -13 21 -15 28 -17 -18 24 -20 20 32 23 26 33 27 -27 -28 -29 36 -31 34 -33 -34 -35 -36 -37 -38
leaf_value=0.062407142111284702 -0.0555847371794706 -0.01819193935700953 -0.055188277313243266 -0.057755826433642868 -0.056211571871997629 0.031663114720890888 -0.056554903120702917 0.0048995859466059478 0.052985606508474628 0.0054423577502813328 -0.057205450094922741 0.02520646091356394 -0.010305772800182376 0.028527403228792176 0.025386793694842726 -0.012661674845459565 0.0074162924171447377 0.0056460467655833069 0.063356619134960643 0.013972964324255394 -0.0018461828587465212 0.0077390026294738047 0.0029048232360601471 -0.0072631183509460698 0.0079156036641286603 -0.022327775569327659 -0.0087179241844809515 0.02028511786960456 0.01315158690950587 0.0019746516580813702 0.0166579909498519 0.014127926065516307 0.0065328104291665981 -0.0011966691500448349 0.0084485322798531059 -0.0026472066741461235 0.020743259550092697
leaf_weight=2229.803710564971 918.64913028478622 84.502117142081261 581.38544556498528 1687.842727355659 1117.2603283077478 2241.2229731380939 1835.275581382215 17852.378963172436 1895.8737909793854 10118.485576629639 657.81432124972343 12997.537860006094 1153.6088562458754 8178.7989789396524 1197.9125943034887 313.67344443500042 4460.55380615592 338.37342798709869 5501.5848481953144 163.75989161431789 906.37622191011906 76.321090847253799 172.372049883008 873.37997752428055 130.59112724661827 111.62138170003891 215.14553149044514 279.95829936861992 154.4516745954752 123.55162636935711 78.151363849639893 1016.3338208496571 115.55710512399673 243.8994218558073 2527.6710065752268 88.839293166995049 834.72291044890881
leaf_count=6371 9308 306 5906 14266 10650 5831 17331 64289 4605 35925 5458 36124 4182 21518 3184 1360 13485 1043 15942 522 3070 268 574 3254 398 436 749 819 428 417 230 3048 384 889 7728 326 2257
internal_value=0.0129471 0.0137169 0.0121586 -0.00710663 0.0151275 0.0157478 0.0056893 0.0204311 0.0393193 0.011602 0.0119675 0.0134622 -0.0280958 0.0157739 0.0392636 0.0531164 0.0155675 0.00735719 0.0607805 -0.000687848 0.00141755 -0.00827744 -0.00653961 -0.00502815 0.0106411 -0.0110471 -0.0034792 0.0167512 0.0229623 0.0092215 0.00995457 0.0121029 -0.000796134 -0.00600554 0.0087766 -0.00982359 0.0197514
internal_weight=83475.2 82556.6 77826 10387.9 67438.2 66856.8 21249.8 45607 14099.2 19414.5 31507.7 30849.9 4235.51 18297.3 4730.56 2543.48 6701.78 6152.34 7397.46 1781.26 1309.24 2547.67 472.02 1193.6 4371.08 1354.07 387.518 410.549 2187.09 287.312 3960.53 1354.71 1021.93 1117.28 2605.82 1242.45 989.175
internal_count=302881 293573 279973 42909 237064 231158 85424 145734 39863 68093 105871 100413 23621 57443 13600 7731 19316 19288 20547 6022 4393 9355 1629 4411 13266 4944 1323 1217 5869 939 12049 4091 3454 4143 7958 4508 2685
cat_boundaries=0 1 2 3 4 5 6 7 8 9 10 11
cat_threshold=4 2 4 1 1 1 4 2 1 2 2
is_linear=0
shrinkage=0.05


Tree=23
num_leaves=37
num_cat=5
split_feature=14 8 8 2 10 14 0 12 8 8 1 0 10 1 10 0 7 7 7 7 3 7 7 7 7 7 7 7 7 7 7 7 7 7 7 7
split_gain=1610.96 1189.8 1557.03 1228.37 1082.17 1126.75 2940.24 2690.14 2066.42 1738.21 1084.92 928.374 895.388 463.648 537.677 36.4695 4.09727 10.4798 3.78382 8.56777 3.10191 4.3441 6.47372 2.3707 2.33566 2.07203 1.99597 1.94901 2.34906 1.40935 0.684344 0.545359 0.419846 0.289045 0.158949 0.0986579
threshold=475.00000000000006 101.00000000000001 138.50000000000003 0 335.00000000000006 75.000000000000014 1 32.500000000000007 171.00000000000003 159.00000000000003 960.00000000000011 2 625.00000000000011 600.00000000000011 535.00000000000011 3 18.150000000000002 18.950000000000003 23.350000000000005 21.450000000000003 4 20.050000000000004 21.850000000000005 19.250000000000004 24.650000000000002 22.450000000000003 23.850000000000005 18.150000000000002 18.750000000000004 18.750000000000004 18.550000000000004 18.550000000000004 24.950000000000003 25.450000000000003 23.850000000000005 24.450000000000003
decision_type=2 2 2 1 2 2 1 2 2 2 2 1 2 2 2 1 2 2 2 2 1 2 2 2 2 2 2 2 2 2 2 2 2 2 2 2
left_child=1 13 3 15 -4 6 8 -7 -6 -9 -11 -5 -10 14 -1 18 -17 30 19 29 21 -13 -23 -19 34 -21 31 -22 -29 -3 -18 -15 35 -26 -20 -28
right_child=-2 2 4 11 5 7 -8 9 12 10 -12 20 -14 26 -16 16 17 23 24 25 27 22 -24 -25 33 -27 32 28 -30 -31 -32 -33 -34 -35 -36 -37
leaf_value=0.06146575112461497 -0.055208549581516553 0.0090234140278892608 -0.054802755304369059 -0.057275480944097547 -0.055826200506030793 0.061858363722278632 -0.0561600259857475 0.063187060784413093 0.0051630842320059649 0.010603373987020253 0.035525658212864811 0 0.027511975744618774 0.030716220889260556 -0.0080705138513003007 0.021935276612282114 -0.0046984936440716552 0.017798832812971961 0.013558486744006915 -0.0069491888915987525 0.0007889311179917097 -0.014780405563736304 -0.0056237695621940836 0.010062852498071729 0.0030027245176005774 -0.00033933104824444593 0.013970267650868284 -0.012995825291696714 -0.0063737040961336124 0.0025358141913126454 0.00085358394655377339 0.020896509707416598 0.018918936134255791 -0.00053442537508833696 0.0066893589635468849 0.0069423169777507237
leaf_weight=2147.7864809930325 862.49845510721207 97.589033007621765 550.35716727375984 1599.6904493495822 1078.9178132712841 3441.8077618479729 1765.5678499490023 1849.7873842716217 10112.471861243248 35051.019932933152 4984.852825075388 77.208534345030785 8056.7892780900002 78.466041505336761 315.19132786989212 75.314678683876991 78.93259434401989 128.85793721675873 62.574688851833344 331.6760720461607 64.557307481765747 625.85006488859653 333.74019160866737 3978.3838102817535 110.27200536429882 208.58388875424862 120.70367082953453 176.88788104057312 1240.6084182858467 762.90778940916061 113.03118680417538 1700.5779402107 166.01111969351768 68.40836763381958 125.65125133097172 83.377636075019836
leaf_count=6352 9128 317 5838 14115 10738 10380 17419 5512 35905 116305 13598 269 21301 201 1361 216 252 379 200 1170 222 2377 1246 12063 371 710 333 638 4522 2523 353 4598 450 233 414 236
internal_value=0.012376 0.0130962 0.0116173 -0.00651016 0.0143992 0.0149822 0.00540534 0.0194188 0.0110813 0.0159163 0.0137158 -0.0276058 0.0150857 0.0377473 0.0525502 0.00764891 0.0100957 0.00982622 0.00154298 0.00030638 -0.00859117 -0.0108281 -0.0117382 0.0103603 0.00599794 -0.00454066 0.0205946 -0.00693068 -0.00732035 0.00342422 -0.00130138 0.0215268 0.0155335 0.00142696 0.00979399 0.011791
internal_weight=82626.9 81764.4 77152.3 10260.7 66891.6 66341.2 21013.7 45327.5 19248.2 41885.7 40035.9 4118.54 18169.3 4612.11 2462.98 6142.18 4374.52 4299.21 1767.66 1400.76 2518.85 1036.8 959.59 4107.24 366.906 540.26 2149.14 1482.05 1417.5 860.497 191.964 1779.04 370.092 178.68 188.226 204.081
internal_count=302245 293117 279586 42590 236996 231158 85363 145795 67944 135415 129903 23389 57206 13531 7713 19201 13263 13047 5938 4720 9274 3892 3623 12442 1218 1880 5818 5382 5160 2840 605 4799 1019 604 614 569
cat_boundaries=0 1 2 3 4 5
cat_threshold=4 2 1 1 4
is_linear=0
shrinkage=0.05


Tree=24
num_leaves=44
num_cat=9
split_feature=14 8 8 2 11 14 0 8 2 8 13 8 0 12 1 11 0 0 0 7 7 7 7 7 7 7 7 7 7 7 7 3 7 3 7 7 7 7 7 7 7 7 7
split_gain=1520.18 1146.63 1396.19 1165.1 1005.45 1022.05 2750.89 2647.56 2644.46 1914.97 1198.31 1203.45 890.423 684.534 388.699 528.111 295.129 63.9955 47.611 7.09047 6.22089 3.58948 5.28024 3.44805 3.31663 4.50312 3.21941 4.5516 2.43687 2.65627 2.06911 1.82804 1.70981 1.46051 1.41169 1.14616 1.01424 12.7919 1.22765 0.713097 1.32153 0.259839 0.244048
threshold=475.00000000000006 101.00000000000001 138.50000000000003 0 4.0000000000000009 75.000000000000014 1 222.00000000000003 2 171.00000000000003 36.500000000000007 283.00000000000006 3 57.500000000000007 600.00000000000011 29.000000000000004 4 5 6 22.050000000000004 20.650000000000002 21.450000000000003 21.250000000000004 20.850000000000005 19.850000000000005 23.550000000000004 19.050000000000004 18.450000000000003 25.150000000000002 22.350000000000005 23.850000000000005 7 24.050000000000004 8 22.650000000000002 24.350000000000005 21.950000000000003 22.150000000000002 22.350000000000005 18.650000000000002 19.150000000000002 25.650000000000002 19.250000000000004
decision_type=2 2 2 1 2 2 1 2 1 2 2 2 1 2 2 2 1 1 1 2 2 2 2 2 2 2 2 2 2 2 2 1 2 1 2 2 2 2 2 2 2 2 2
left_child=1 14 3 18 -4 6 9 8 16 -6 11 -9 -5 -11 15 -1 -7 -10 20 21 39 22 -14 -22 26 31 27 -20 29 -21 34 -26 -27 -25 36 -32 -16 -38 -39 -3 -41 -30 -28
right_child=-2 2 4 12 5 7 -8 10 17 13 -12 -13 19 -15 30 -17 -18 -19 24 28 23 -23 -24 33 25 32 42 -29 41 -31 35 -33 -34 -35 -36 -37 37 38 -40 40 -42 -43 -44
leaf_value=0.060227187227654702 -0.054873714363490846 4.9824351267899312e-05 -0.054447849023610044 -0.056841012365049716 -0.05545662209779724 0.029279609735125386 -0.05579345127734131 0.0034783673807552056 0.049470085440985689 0.0039975216373804743 -0.056810845095872392 0.023497406813830363 -0.010027031652180196 0.023495259702014524 0.022236350451474096 -0.0091812154979003264 0.0069604325934678442 0.061667265479309522 0.016127749714489156 0.00076651508009977637 -0.010563145692225571 -0.016211994787075825 0.0023729586638288756 -0.0026322735691832449 0.0047091516479184992 0.017942642259511296 0.023466267449582495 0.0035712625703622097 0.0036628120621163291 -0.0070982818028305673 0.0088196891878505445 0.0090864360355883099 0.011225856182773599 0.00091162897706623168 0.028027526183591674 0.018298719741256013 -0.00065511784876564998 0.029096610153114627 0.015822796039120051 0.012287929033061844 0.0043100955104805206 -0.00015530064642735341 0.014703696439358462
leaf_weight=2042.4238937795162 836.63822396844625 77.620058372616768 527.27397380769253 1531.5770253539085 1030.9886999726295 2220.8662832528353 1694.8227882236242 17854.839013658464 1814.8295163810253 8549.2650930434465 637.81833982467651 12958.013406574726 1382.0915623754263 9526.3466335535049 1226.607111543417 312.06323230266571 4460.2882251292467 5102.2102996408939 137.3119803071022 115.15320710837841 83.259186044335365 265.50702314078808 81.00178287923336 474.01640169322491 358.4394975155592 197.44340993463993 83.742945909500122 182.3654457628727 61.565057128667831 585.05450874567032 97.435273393988609 2500.4869277626276 688.31036335229874 694.17056892812252 261.26893752813339 275.79821339249611 77.860893994569778 82.099296450614929 133.53209099173546 70.482787355780602 369.25461615622044 58.48506797850132 257.2379015237093
leaf_count=6263 9251 259 5842 14092 10717 5822 17465 64193 4542 30541 5474 36187 5069 26459 3300 1357 13446 15893 404 425 288 1024 290 1619 1102 579 239 564 220 2185 274 7589 2068 2349 685 751 228 212 366 225 1216 212 765
internal_value=0.0117811 0.0124757 0.0110297 -0.00613274 0.0136824 0.0142369 0.00506343 0.0184695 0.036898 0.0104906 0.0104909 0.0119037 -0.0268334 0.0142834 0.0369601 0.0510067 0.0144196 0.0585503 0.00756133 -0.00863102 0.000596313 -0.0104734 -0.00929514 -0.00128205 0.0103389 0.00965665 0.0139296 0.00944195 -0.00460874 -0.00574189 0.0214225 0.00857339 0.0129625 -0.000494082 0.0223817 0.0162493 0.0212018 0.0161233 0.0221638 0.00517288 0.00594478 0.00154935 0.0176055
internal_weight=81977.9 81141.2 76632.1 10254.6 66377.6 65850.3 20801.4 45048.9 13598.2 19106.6 31450.7 30812.9 4080.44 18075.6 4509.09 2354.49 6681.15 6917.04 6174.14 2548.86 1768.8 1728.6 1463.09 1251.45 4405.34 3744.68 660.658 319.677 820.258 700.208 2154.6 2858.93 885.754 1168.19 1781.37 373.233 1520.1 293.492 215.631 517.357 439.737 120.05 340.981
internal_count=302051 292800 279364 42783 236581 230739 85182 145557 39703 67717 105854 100380 23517 57000 13436 7620 19268 20435 19266 9425 5956 6383 5359 4256 13310 11338 1972 968 3042 2610 5816 8691 2647 3968 4791 1025 4106 806 578 1700 1441 432 1004
cat_boundaries=0 1 2 3 4 5 6 7 8 9
cat_threshold=4 2 4 1 1 4 1 2 2
is_linear=0
shrinkage=0.05


Tree=25
num_leaves=35
num_cat=8
split_feature=14 8 8 2 10 14 0 12 8 8 0 0 10 1 10 0 7 6 7 7 7 0 7 7 7 7 7 7 7 7 7 0 7 7
split_gain=1420.85 1021.41 1339.12 964.599 941.272 988.88 2589 2514.02 1785.92 1571.72 976.689 911.615 785.114 437.097 473.625 46.0113 7.065 6.52528 5.67106 7.81493 4.39423 3.90117 6.18768 3.42799 4.16399 3.30941 2.2149 2.82621 1.71075 1.45172 0.580109 0.233896 0.179184 0.0109176
threshold=475.00000000000006 101.00000000000001 138.50000000000003 0 335.00000000000006 75.000000000000014 1 32.500000000000007 171.00000000000003 159.00000000000003 2 3 625.00000000000011 600.00000000000011 535.00000000000011 4 24.350000000000005 5 18.150000000000002 18.950000000000003 25.450000000000003 6 21.850000000000005 21.450000000000003 22.150000000000002 21.850000000000005 23.650000000000002 21.350000000000005 18.850000000000005 22.050000000000004 24.950000000000003 7 19.450000000000003 18.650000000000002
decision_type=2 2 2 1 2 2 1 2 2 2 1 1 2 2 2 1 2 1 2 2 2 1 2 2 2 2 2 2 2 2 2 1 2 2
left_child=1 13 3 15 -4 6 8 31 -6 -9 -11 -5 -10 14 -1 16 26 28 -17 33 30 25 -23 -15 -25 -19 27 -3 -13 -21 -18 -7 -30 -20
right_child=-2 2 4 11 5 7 -8 9 12 10 -12 17 -14 23 -16 18 20 21 19 29 -22 22 -24 24 -26 -27 -28 -29 32 -31 -32 -33 -34 -35
leaf_value=0.059578319415329123 -0.054545007932316758 0.0019731493235413079 -0.054106492312897825 -0.056427379561109187 -0.055108971746197555 0.05075743224948679 -0.055448132038120969 0.061574154337775522 0.0043332811784507225 -0.0081577476519809015 0.015610431094965724 -0.020828871630902815 0.025346189811241683 0.021593468435463049 -0.0060176866327370506 0.022551135133960804 -0.017382906819356815 -0.0043102982759277387 0 0.0080871774613236469 0.00085285996187440454 -0.0066123201678154227 -0.00011333303012893875 0.010189394506268441 0.018391717364730425 -0.017702496584338728 0.0070275541878849369 -0.0024364744756844008 -0.0043822046623886238 0.010385441640099254 -0.0067803333911689691 0.06146959770581837 -0.010646611118963549 -0.0014282463303234511
leaf_weight=1977.1948742121458 798.28846156597137 820.05954672396183 503.7340285629034 1472.480356529355 988.5667690038681 419.20956753194332 1631.9184377864003 1705.1270570755005 10117.978113338351 4924.1436215788126 34878.846889436245 55.451267316937447 7935.687915712595 1016.0151736438274 315.81750151515007 73.819182947278023 78.282097637653351 109.08059008419514 108.18673233687878 2330.6027727276087 67.173036202788353 1121.9351770281792 565.38093113899231 283.44425411522388 855.26153337955475 109.61776985228062 113.21141754090786 635.83963325619698 61.236930161714554 1786.1595103591681 63.096604853868484 2837.6109414696693 490.83175782859325 84.625142574310303
leaf_count=6274 9225 2711 5831 14144 10736 1342 17571 5472 35849 22097 107347 208 21215 2741 1370 209 282 500 339 7080 227 4011 1987 796 2334 509 370 2197 218 5375 220 9231 1855 267
internal_value=0.0114191 0.0120802 0.0107147 -0.00618637 0.0133167 0.0138447 0.00479396 0.0180215 0.00998572 0.014692 0.0126674 -0.0253229 0.0135814 0.0353525 0.0505351 0.00620727 -0.000550589 -0.0069301 0.00895428 0.00865813 -0.00898827 -0.00539178 -0.00447761 0.0190135 0.0165 -0.011722 0.000589024 9.72758e-06 -0.0115099 0.0091192 -0.0137418 0.0602657 -0.010131 -0.000903971
internal_weight=81335.9 80537.6 76089.9 10147.1 65942.8 65439.1 20674.2 44764.9 19042.2 41508.1 39803 3986.01 18053.7 4447.73 2293.01 6161.06 1777.66 2513.53 4383.39 4309.57 208.552 1906.01 1687.32 2154.72 1138.71 218.698 1569.11 1455.9 607.52 4116.76 141.379 3256.82 552.069 192.812
internal_count=302140 292915 279400 42709 236691 230860 85371 145489 67800 134916 129444 23432 57064 13515 7644 19277 6007 9288 13270 13061 729 7007 5998 5871 3130 1009 5278 4908 2281 12455 502 10573 2073 606
cat_boundaries=0 1 2 3 4 5 6 7 8
cat_threshold=4 2 2 1 1 2 2 2
is_linear=0
shrinkage=0.05


Tree=26
num_leaves=41
num_cat=5
split_feature=14 1 14 13 12 14 0 2 8 12 14 8 8 1 0 0 10 1 12 0 8 7 7 7 7 7 7 8 7 7 7 7 7 7 7 7 7 7 7 7
split_gain=1377.06 2024.11 2924.28 1322.67 1013.41 2879.03 1224.5 1028.9 987.996 888.102 972.39 459.236 424.047 670.818 358.569 298.525 259.122 215.543 138.469 6.24266 5.64296 3.82849 2.12052 2.52405 2.86029 2.46498 4.22173 2.07331 1.65118 2.23681 1.31631 1.34937 1.45795 1.71665 0.949848 1.54907 0.650957 0.471954 1.63382 0.240944
threshold=425.00000000000006 960.00000000000011 325.00000000000006 26.000000000000004 32.500000000000007 75.000000000000014 0 1 185.50000000000003 57.500000000000007 50.000000000000007 437.50000000000006 112.50000000000001 600.00000000000011 2 3 535.00000000000011 750.00000000000011 39.000000000000007 4 247.00000000000003 18.750000000000004 20.950000000000003 20.250000000000004 19.850000000000005 19.450000000000003 18.750000000000004 401.00000000000006 23.950000000000003 24.350000000000005 21.650000000000002 22.050000000000004 23.250000000000004 24.650000000000002 24.250000000000004 22.250000000000004 22.850000000000005 21.550000000000004 20.950000000000003 19.650000000000002
decision_type=2 2 2 2 2 2 1 1 2 2 2 2 2 2 1 1 2 2 2 1 2 2 2 2 2 2 2 2 2 2 2 2 2 2 2 2 2 2 2 2
left_child=1 2 3 12 5 8 7 21 -5 10 -8 20 13 -1 -14 -10 18 -11 -16 -7 22 -6 23 24 25 26 -2 -18 -15 -30 -24 -32 -33 -34 35 37 -37 38 39 -22
right_child=11 -3 -4 4 6 19 9 -9 15 17 -12 -13 14 28 16 -17 27 -19 -20 -21 34 -23 30 -25 -26 -27 -28 -29 29 -31 31 32 33 -35 -36 36 -38 -39 -40 -41
leaf_value=0.058603405659711671 -0.012320264010210752 0.048483412850042956 -0.056721208613570044 0.041253481751724524 0.010204521511551188 0.048010004828644072 -0.035145476678255239 -0.056040206955395022 -0.0096802757783319791 0.024028504735723419 0.0051954253188019736 -0.05423346646669313 0.044681012861037581 0.018789454018479257 0.014075636947697643 -0.054517944251913801 -0.004656686352367447 0.0092493431414953312 0.024323198670585484 0.060761417008303009 -0.01115660792254574 0.00030200574135555918 1.7114629175112911e-05 -0.016968616016529006 0 -0.014630150358699766 -0.0028738432048681338 -0.010418660558855278 0.0040887656303587924 0.015444433143785902 -0.01260351689955245 0 -0.011978972049652337 -0.00015055467334532973 -0.019861318332826013 -0.00070004741777594771 -0.0085551244664203042 -0.018342847404586127 -0.0043860407171750441 -0.015249598542404539
leaf_weight=1921.3041042536497 211.95318830013275 3638.6233554184437 1581.4236300140619 539.30495001375675 94.723026975989342 389.6534204185009 1559.6290870085359 1422.3690618947148 626.56342671811581 7907.2187460511923 30848.780017524958 762.74003276228905 1249.3471877574921 1821.0654904097319 7729.1854890733957 930.90904560685158 290.42124092578888 3629.0184070169926 5886.8103654384613 2687.8343934714794 622.56385233998299 1677.2489102035761 103.87389358878136 102.97657373547554 100.63361464440823 168.3042006790638 310.8721502572298 633.10513132810593 76.492188423871994 284.25309261679649 60.343632355332375 114.71403637528419 71.366119116544724 63.900160938501358 81.972069680690765 61.031937971711159 81.730690106749535 100.44031262397766 98.724965751171112 294.44503481686115
leaf_count=6330 766 9194 15060 1360 305 1293 13312 14268 2690 21285 110242 9214 3326 4969 22792 10983 1325 11019 15785 9089 2149 5658 358 380 351 615 1092 2702 219 783 223 394 257 220 294 204 280 359 331 1030
internal_value=0.0107516 0.0121227 0.0103227 0.0117994 0.00762239 0.0286085 0.00531219 -0.0245267 -0.0165171 0.00748741 0.00324227 -0.0202863 0.0227724 0.0371091 0.0190224 -0.0366887 0.016785 0.0193957 0.0185244 0.0593238 -0.0103289 0.000913711 -0.00777868 -0.00921678 -0.00794715 -0.0090786 -0.00695661 -0.00872955 0.0179773 0.0133467 -0.00441023 -0.00600255 -0.00379329 -0.00713041 -0.0127054 -0.0120472 -0.00578998 -0.0127446 -0.0119688 -0.0126751
internal_weight=80837.9 77425.3 73786.7 72205.2 52313.3 5174.27 47139 3194.34 2096.78 43944.6 32408.4 3412.59 19892 4103.11 15788.9 1557.47 14539.5 11536.2 13616 3077.49 2649.85 1771.97 1308.94 894.74 791.763 691.13 522.825 923.526 2181.81 360.745 414.198 310.324 249.98 135.266 1340.91 1258.94 142.763 1116.17 1015.73 917.009
internal_count=302506 283989 274795 259735 201504 25415 176089 20231 15033 155858 123554 18517 58231 12301 45930 13673 42604 32304 38577 10382 9303 5963 4656 3204 2824 2473 1858 4027 5971 1002 1452 1094 871 477 4647 4353 484 3869 3510 3179
cat_boundaries=0 1 2 3 4 5
cat_threshold=1 4 4 2 2
is_linear=0
shrinkage=0.05


Tree=27
num_leaves=35
num_cat=9
split_feature=14 13 12 14 10 2 2 12 10 0 2 0 10 14 14 1 0 11 10 0 0 7 11 7 10 7 3 7 7 7 7 7 7 7
split_gain=1230.12 852.85 773.615 2693.44 1122.2 4022.66 1673.75 1575.61 1520.24 1409.06 1176.54 910.424 760.984 733.16 877.985 700.973 521.398 501.403 256.676 73.3818 5.97741 5.94334 4.12184 1.60796 1.28983 0.93831 0.862711 1.4414 4.60239 0.784442 1.22352 8.21138 0.756893 0.274651
threshold=475.00000000000006 17.000000000000004 32.500000000000007 75.000000000000014 625.00000000000011 0 1 57.500000000000007 665.00000000000011 2 3 4 335.00000000000006 165.00000000000003 175.00000000000003 600.00000000000011 5 12.500000000000002 535.00000000000011 6 7 21.150000000000002 32.500000000000007 21.750000000000004 365.00000000000006 25.050000000000004 8 22.750000000000004 22.450000000000003 18.550000000000004 23.850000000000005 24.250000000000004 22.150000000000002 20.250000000000004
decision_type=2 2 2 2 2 1 1 2 2 1 1 1 2 2 2 2 1 2 2 1 1 2 2 2 2 2 1 2 2 2 2 2 2 2
left_child=1 15 3 11 5 9 7 19 10 22 16 18 -7 17 -15 -1 -8 -14 -3 -6 -5 33 -4 -23 25 -17 27 28 32 -28 -31 -32 -26 -20
right_child=-2 2 4 20 6 12 8 -9 -10 -11 -12 -13 13 14 -16 24 -18 -19 21 -21 -22 23 -24 -25 26 -27 29 -29 -30 30 31 -33 -34 -35
leaf_value=0.059945726339312166 -0.053935114186816381 0.038462593025739615 -0.0057471251887703158 0.04744442195192998 0.0607943205622841 -0.053473649467444664 0.022621120203073487 0.008762909060160827 -0.054582598309440115 -0.057169111412848687 -0.055111656543702328 -0.054204897849415672 -0.053355137691916188 0.043718512121626481 0.012213134147348596 0.020107660945424106 0.004965348602641563 0.0028162251580533416 -0.0035176920650865904 0.047019446289762346 0.060106174787183587 -0.018551670698849523 -0.009960181219312636 -0.0093361904894798606 0.014701402301609164 0.027536828632332946 0.010145000330883737 0.024708159894770362 0.0018838885824611702 0.022102220577098129 0.00038885677185909718 0.019548481056727008 0.022212251837297914 0
leaf_weight=1413.3006924390793 727.17716678977013 529.05278906226158 1294.1829070299864 385.7069239616394 1655.2613725662231 466.92633135616779 7888.1938890218735 3688.0756744742393 929.48437824845314 3266.8629830852151 643.63035486638546 872.25113302469254 399.29182520508766 2500.0638388991356 18869.371921509504 2064.9160401821136 8920.8952610343695 13490.014659538865 62.887204930186272 3540.5117214173079 2593.1516705155373 88.511006772518158 1327.3535203933716 336.37287481129169 775.07093997299671 160.9364085495472 73.929320484399796 78.173351645469666 74.021768495440483 659.70466969907284 74.690762564539909 311.70580364763737 112.58696915209293 137.99511188268661
leaf_count=4956 9185 1356 4591 1317 5538 5918 21391 11190 10853 29310 6702 10760 4982 6687 56409 5620 26738 47439 267 9096 9121 393 4582 1454 2147 423 207 206 214 1778 217 846 301 580
internal_value=0.0103582 0.0109522 0.00949932 0.0284646 0.00811635 0.00294757 0.0159992 0.0338085 0.00737589 -0.0353063 0.0107079 -0.0159363 0.0092622 0.0101093 0.0159201 0.029407 0.0132624 0.00116058 0.0131428 0.0515258 0.0586477 -0.00845346 -0.00792905 -0.0117534 0.0194405 0.0207879 0.0179395 0.015956 0.0149461 0.0195793 0.0200963 0.0160743 0.0159466 -0.0010104
internal_weight=80412.3 79685.1 73886 5005.93 68880.1 41614.1 27266.1 8883.85 18382.2 5888.4 17452.7 2027.07 35725.7 35258.7 21369.4 5799.04 16809.1 13889.3 1154.82 5195.77 2978.86 625.766 2621.54 424.884 4385.74 2225.85 2159.88 1039.85 961.68 1120.03 1046.1 386.397 887.658 200.882
internal_count=302774 293589 276674 25248 251426 159918 91508 25824 65684 38483 54831 14810 121435 115517 63096 16915 48129 52421 4050 14634 10438 2694 9173 1847 11959 6043 5916 2868 2662 3048 2841 1063 2448 847
cat_boundaries=0 1 2 3 4 5 6 7 8 9
cat_threshold=1 1 4 4 2 2 2 2 4
is_linear=0
shrinkage=0.05


Tree=28
num_leaves=39
num_cat=5
split_feature=14 8 8 2 0 10 14 12 0 8 8 1 10 1 10 0 0 7 7 7 7 7 7 1 7 7 7 7 7 7 7 7 7 7 7 7 7 7
split_gain=1161.85 882.554 934.377 778.69 869.724 764.31 786.147 2192.43 2171.49 1463.46 1458.04 822.488 567.534 420.461 415.137 28.7137 7.88554 5.24669 6.21326 4.99438 12.546 4.87084 4.65733 4.45447 3.94602 6.09534 3.80748 3.41494 2.38718 4.4189 2.14607 1.77913 1.67924 4.29314 1.51359 1.4673 0.783025 0.342695
threshold=475.00000000000006 101.00000000000001 138.50000000000003 0 1 335.00000000000006 75.000000000000014 32.500000000000007 2 159.00000000000003 171.00000000000003 960.00000000000011 625.00000000000011 600.00000000000011 535.00000000000011 3 4 21.350000000000005 22.550000000000004 20.850000000000005 20.650000000000002 23.650000000000002 22.650000000000002 960.00000000000011 22.850000000000005 22.250000000000004 18.150000000000002 23.850000000000005 25.350000000000005 24.750000000000004 24.350000000000005 22.650000000000002 24.350000000000005 25.350000000000005 23.150000000000002 22.850000000000005 22.150000000000002 25.750000000000004
decision_type=2 2 2 1 1 2 2 2 1 2 2 2 2 2 2 1 1 2 2 2 2 2 2 2 2 2 2 2 2 2 2 2 2 2 2 2 2 2
left_child=1 13 3 15 -5 -4 8 16 10 -9 -7 -11 -12 14 -1 17 -8 19 36 20 -3 22 23 -6 25 26 -17 -15 29 -26 -29 -27 -23 -34 -24 -20 -19 -30
right_child=-2 2 5 4 21 6 7 9 -10 11 12 -13 -14 27 -16 24 -18 18 35 -21 -22 32 34 -25 28 31 -28 30 37 -31 -32 -33 33 -35 -36 -37 -38 -39
leaf_value=0.057806587351736029 -0.053654668045121569 0.0042312949516186632 -0.053162247823752576 -0.055322047878023785 -0.0078864678153041049 -0.054265587839040487 0.046167644983557243 0.060116904942233929 -0.054675176133820183 0.0083307501819019861 0.0037998243610540255 0.030376466618323824 0.021765965194094156 0.018242971255523151 -0.005750991318226273 0.019712098425308282 0.059496238527349282 -0.0042156890380772956 0.0076940001652319586 0.010007461484941827 -0.015784759406875192 -0.016703491971982422 0.0051696472602892132 -0.0028774623322053664 0.0099533084697121278 0.0033683270562922317 0.0077841695310109735 0.0040773051993536922 0.0016041846104602319 0.018881192027914769 0.014093660664468273 -0.0039581266954098575 -0.0016388299531645781 -0.015300679100809038 -0.0024675178746148304 0.00051884228202436398 -0.009855581083032949 0.0070067075513329455
leaf_weight=1798.7526742517948 696.82467177510262 522.19122888147831 441.41405349224806 1309.38392675668 803.73299162089825 870.83692429214716 372.23008850216866 1569.942759335041 1454.4601274952292 34717.763533547521 10111.200515970588 4813.8999902755022 7784.6278072595596 1770.5580097436905 295.81687754392624 69.528413191437721 2511.4517694115639 283.69335742294788 78.796629071235657 223.07763773202896 81.40996690094471 98.110572159290314 151.40053352713585 1123.6630242168903 815.98995368182659 285.03252151608467 2733.6120677441359 97.674396276473999 86.578597724437714 206.01244479417801 278.14383915066719 101.14394687116146 150.69840204715729 97.251759976148605 90.53829400241375 475.97207997739315 125.21129670739174 112.84437270462513
leaf_count=6322 9205 1708 5849 14339 3125 10631 1311 5462 17529 115959 35825 13706 21225 4849 1310 197 9194 988 259 709 286 381 546 3971 2442 872 8262 280 265 594 771 318 556 368 335 1601 445 340
internal_value=0.0101656 0.0107365 0.0094725 -0.00472251 -0.0224379 0.0116751 0.0121298 0.0158809 0.00396407 0.0129142 0.00853811 0.0110236 0.0116256 0.032906 0.0488219 0.00621468 0.0579585 0.000836574 -0.00162823 0.00375471 0.00123692 -0.00514908 -0.00419543 -0.00502197 0.00837955 0.00735415 0.00816682 0.0171968 0.0109349 0.0119669 0.0117932 0.00127177 -0.010701 -0.00757659 0.00212871 0.00174469 -0.00625609 0.00508858
internal_weight=79611.5 78914.6 74673.7 10025.9 3824.78 64647.8 64206.4 43985.3 20221.1 41101.6 18766.7 39531.7 17895.8 4240.95 2094.57 6201.09 2883.68 1790.35 963.673 826.679 603.601 2515.4 2169.33 1927.4 4410.74 3189.32 2803.14 2146.38 1221.43 1022 375.818 386.176 346.061 247.95 241.939 554.769 408.905 199.423
internal_count=302335 293130 279598 42907 23621 236691 230842 145632 85210 135127 67681 129665 57050 13532 7632 19286 10505 5996 3293 2703 1994 9282 7977 7096 13290 9649 8459 5900 3641 3036 1051 1190 1305 924 881 1860 1433 605
cat_boundaries=0 1 2 3 4 5
cat_threshold=4 1 2 1 2
is_linear=0
shrinkage=0.05


Tree=29
num_leaves=24
num_cat=8
split_feature=14 1 14 13 11 2 2 8 10 10 0 8 8 1 0 10 10 8 3 4 11 4 3
split_gain=1148.95 1640.15 2512.96 1097.2 1083.36 916.331 846.576 3854.49 1588.37 1224.99 1220.53 387.56 346.552 656.934 329.074 211.649 156.711 7.60922 6.98282 4.11112 1.3232 1.31335 1.1669
threshold=425.00000000000006 960.00000000000011 325.00000000000006 26.000000000000004 19.000000000000004 0 1 254.50000000000003 625.00000000000011 665.00000000000011 2 437.50000000000006 112.50000000000001 600.00000000000011 3 535.00000000000011 345.00000000000006 247.00000000000003 4 5 29.000000000000004 6 7
decision_type=2 2 2 2 2 1 1 2 2 2 1 2 2 2 1 2 2 2 1 1 2 1 1
left_child=1 2 3 12 5 18 7 -6 -9 10 -8 17 13 -1 -14 16 -16 19 -5 -2 -17 -19 -20
right_child=11 -3 -4 4 6 -7 9 8 -10 -11 -12 -13 14 -15 15 20 -18 21 22 -21 -22 -23 -24
leaf_value=0.056712157879846195 -0.013547433127758355 0.044046310108276997 -0.055947843706824964 -0.0044434038145891265 0.059307907240902361 -0.055001397960167599 -0.053659360755863139 -0.056788530722537214 0.0091147986626713296 -0.053986473907554358 0.0078448826738008633 -0.05338627643469647 0.042220680898233102 0.015117456154506376 0.008232339201896215 -0.0061429558699839498 0.020080729267875817 -0.010267976977983061 0.0014470480552084952 -0.0061557360125909216 -0.010837610821654596 -0.014941844086509844 0.0048221146609779128
leaf_weight=1729.2609809935093 259.74590864777565 3499.8505970686674 1447.6474277675152 477.37077388167381 3908.6554775834084 1251.8349987119436 814.15871664881706 1206.7912666648626 3666.6778095364571 844.56782618165016 37799.432428918779 667.09313184022903 1201.2820464372635 2121.9424335956573 3990.2438214123249 630.12756709754467 9573.1753486096859 431.98970051109791 906.18610960245132 1009.2640166282654 308.63208913803101 874.90879291296005 401.18383987247944
leaf_count=6324 946 9275 15138 1635 14609 14308 10994 10870 11063 10782 123046 9218 3327 5883 12004 2763 26528 1483 3037 3597 1332 3044 1309
internal_value=0.00941213 0.0106605 0.00903732 0.0103739 0.00652724 -0.022389 0.00835272 0.0223859 -0.00727712 0.00522324 0.00653323 -0.0196854 0.0204497 0.0339057 0.017127 0.0150173 0.0166073 -0.0107657 0.000636836 -0.00780188 -0.00783706 -0.0135246 0.00254943
internal_weight=79022 75779 72279.2 70831.5 51276.9 3036.58 48240.3 8782.12 4873.47 39458.2 38613.6 3243 19554.7 3851.2 15703.5 14502.2 13563.4 2575.91 1784.74 1269.01 938.76 1306.9 1307.37
internal_count=302515 284227 274952 259814 201653 20289 181364 36542 21933 144822 134040 18288 58161 12207 45954 42627 38532 9070 5981 4543 4095 4527 4346
cat_boundaries=0 1 2 3 4 5 6 7 8
cat_threshold=4 1 1 4 2 1 2 4
is_linear=0
shrinkage=0.05


Tree=30
num_leaves=32
num_cat=8
split_feature=14 1 14 13 12 14 0 2 8 12 8 14 12 2 8 14 0 1 10 1 12 8 7 4 4 12 7 0 7 4 7
split_gain=1022.96 1540.16 2324.8 972.096 847.091 2355.66 902.367 831.894 778.554 651.145 795.112 396.04 471.114 421.982 388.704 305.548 237.465 133.256 37.4245 89.795 22.8539 11.7979 5.36298 4.5767 4.55219 3.81929 5.95817 3.47489 3.39225 2.10996 1.99749
threshold=425.00000000000006 960.00000000000011 325.00000000000006 26.000000000000004 32.500000000000007 75.000000000000014 0 1 185.50000000000003 57.500000000000007 437.50000000000006 15.000000000000002 39.000000000000007 2 437.50000000000006 75.000000000000014 3 750.00000000000011 390.00000000000006 600.00000000000011 52.500000000000007 247.00000000000003 22.150000000000002 4 5 67.500000000000014 21.550000000000004 6 23.350000000000005 7 20.450000000000003
decision_type=2 2 2 2 2 2 1 1 2 2 2 2 2 1 2 2 1 2 2 2 2 2 2 1 1 2 2 1 2 1 2
left_child=1 2 3 11 5 8 7 28 -5 10 -8 23 18 20 21 -15 -10 -11 22 -20 -14 29 -13 -1 -23 30 -27 -7 -6 -2 -25
right_child=14 -3 -4 4 6 27 9 -9 16 17 -12 12 13 15 -16 -17 -18 -19 19 -21 -22 24 -24 25 -26 26 -28 -29 -30 -31 -32
leaf_value=-0.020658071390493148 -0.0030011523386562857 0.042888631229638048 -0.055581177364052506 0.037606606381066797 -0.0018047735337723405 0.046349313422558859 0.00089467798593594007 -0.054678899376850866 -0.011610567519597955 0.020110059434723652 0.042017283538355224 0.006613026093630691 0.024049065625598137 0.020945856749410453 -0.053130252881561049 0.049507139119348065 -0.053392904301950483 0.0084856425074640394 0.0064656295484082056 0.021987265673274057 0.017469324837113789 -0.0084413635370482239 0.010547258857034397 -0.015906928946627492 -0.015424906689537951 -0.0052364283646174166 -0.022376072469863853 0.058386273530237093 0.0035221292301078379 -0.0076465205445109376 -0.0059532864584540563
leaf_weight=165.74078762531281 426.54588894546032 3444.5244588702917 1369.5227101519704 491.82482846081257 1414.6989330053329 363.98982724547386 30840.850756593049 1182.2371094673872 621.48261734843254 7724.3803502470255 1212.2144365310669 2424.5656086504459 2175.2478903830051 1438.8319860249758 638.99271839857101 2842.8438047021627 770.23057167232037 3678.1638074666262 1684.3307531923056 2140.3169173300266 4341.6204717904329 441.72728422284126 1581.4739177823067 64.473592981696129 842.02131368219852 100.82609170675278 142.89842140674591 2311.1978436112404 364.61739304661751 856.48072925209999 429.97970300912857
leaf_count=750 1510 9285 14965 1274 4769 1323 120332 14138 2689 21261 3274 7321 5819 3927 9238 9640 10882 11095 5036 5968 11963 1513 4708 294 2949 433 639 9183 1215 3077 1894
internal_value=0.00909222 0.0102706 0.00870104 0.00995803 0.00632019 0.0268656 0.00429595 -0.0223594 -0.0159061 0.00611842 0.00246407 0.0194411 0.0210109 0.0277841 -0.0185251 0.0399921 -0.0349862 0.0163754 0.0116406 0.0151994 0.0197067 -0.00971806 0.008201 -0.012732 -0.0131444 -0.0106333 -0.0159685 0.0569458 -0.000671658 -0.00617598 -0.0076399
internal_weight=78528.9 75323.1 71878.6 70509 50975.9 4558.73 46417.2 2961.55 1883.54 43455.6 32053.1 19533.1 18629.2 10798.5 3205.77 4281.68 1391.71 11402.5 7830.69 3824.65 6516.87 2566.78 4006.04 903.919 1283.75 738.178 243.725 2675.19 1779.32 1283.03 494.453
internal_count=302364 284077 274792 259827 201435 25351 176084 20122 14845 155962 123606 58392 54382 31349 18287 13567 13571 32356 23033 11004 17782 9049 12029 4010 4462 3260 1072 10506 5984 4587 2188
cat_boundaries=0 1 2 3 4 5 6 7 8
cat_threshold=1 4 4 2 1 2 2 2
is_linear=0
shrinkage=0.05


Tree=31
num_leaves=38
num_cat=8
split_feature=14 13 1 12 14 10 2 2 0 12 10 2 0 10 14 14 0 11 10 0 11 0 11 11 7 7 7 10 7 7 7 7 7 7 7 7 7
split_gain=955.206 628.485 662.38 631.607 2196.42 835.612 3278.12 1304.28 1280.47 1259.45 1226.5 989.778 728.839 584.126 493.899 672.608 459.964 398.717 190.823 113.037 8.07363 7.87161 6.65476 4.657 4.19066 3.27581 2.6815 3.40082 3.19961 2.36401 1.63855 1.00179 0.821401 0.736377 0.340724 2.79074 1.39405
threshold=475.00000000000006 17.000000000000004 600.00000000000011 32.500000000000007 75.000000000000014 625.00000000000011 0 1 2 57.500000000000007 665.00000000000011 3 4 335.00000000000006 165.00000000000003 175.00000000000003 5 12.500000000000002 535.00000000000011 6 32.500000000000007 7 29.000000000000004 42.500000000000007 21.750000000000004 18.450000000000003 21.750000000000004 365.00000000000006 22.950000000000003 20.450000000000003 22.150000000000002 25.450000000000003 21.950000000000003 23.350000000000005 21.250000000000004 21.150000000000002 21.050000000000004
decision_type=2 2 2 2 2 2 1 1 1 2 2 1 1 2 2 2 1 2 2 1 2 1 2 2 2 2 2 2 2 2 2 2 2 2 2 2 2
left_child=1 2 -1 4 12 6 8 9 20 19 11 16 18 -8 17 -16 -9 -15 -3 -7 -5 -6 -11 24 -20 -4 34 28 30 -25 -28 32 -29 -30 35 36 -27
right_child=-2 3 25 5 21 7 13 10 -10 22 -12 -13 -14 14 15 -17 -18 -19 23 -21 -22 -23 -24 29 -26 26 27 31 33 -31 -32 -33 -34 -35 -36 -37 -38
leaf_value=0.057808956226192192 -0.052881506222121878 0.033362275228008706 0.0069870596828735176 -0.0048305557248557382 0.044257217878612115 0.058901581348443047 -0.052314363929270795 0.020310518995962975 -0.056131381927255142 0.005761377886436797 -0.053711724291531864 -0.054443495237577244 -0.053147653318306259 -0.052134397560004556 0.038871866644879849 0.010416833795994247 0.0036097764789817127 0.002771092766564699 -0.0092281204448473649 0.041512224517682446 -0.010575166228974482 0.057887515100088577 0.010193527637877974 -0.00094476452124550255 0.0021222140263581781 0.01686926726120392 0.01774919102994011 0.0056435412534835338 0.027089052335982911 -0.013821996080383009 0.0096877960485854658 0.0048532471817165686 0.01336351356312848 0.017846356966581288 0.020967200815851381 0.007365313382521642 0.025566812991605282
leaf_weight=1235.5246646404266 609.65268132090569 495.37201112508774 130.22137872874737 1288.3213152885437 344.14185762405396 1464.9897631406784 385.88430263847113 7715.0204456448555 2903.8243017718196 1865.9334973245859 803.2443293184042 581.28096920996904 738.33944272994995 328.85460145771503 2328.4918498396873 18863.855342283845 8871.6611797511578 13583.039951980114 136.24453738331795 3325.9663000553846 1304.8980655521154 2231.3370946347713 1793.8326130360365 52.342684790492058 165.09609378874302 1479.2847345769405 160.93761071562767 81.874792858958244 103.5598538517952 270.39929048717022 284.55635517835617 80.627275750041008 829.52725450694561 451.52397640049458 496.00230151414871 107.36411820352077 108.98663079738617
leaf_count=5052 9223 1313 372 4600 1294 5524 5879 21273 29342 5592 10718 6557 10916 4930 6597 56342 26593 47687 603 9131 4522 9242 5443 216 711 4091 442 234 273 1164 807 231 2317 1244 1349 306 289
internal_value=0.00894972 0.0094442 0.0256474 0.00818838 0.0264544 0.0069826 0.00251029 0.0139148 -0.0333816 0.0301048 0.00628644 0.00912615 -0.0149238 0.0080788 0.00875881 0.0135625 0.0113884 0.00143311 0.0104899 0.0469516 -0.00776995 0.0562638 0.00796928 -0.00782634 -0.00298056 0.0163134 0.0165743 0.0148195 0.0171687 -0.011975 0.0130355 0.0122525 0.012793 0.0201081 0.0180725 0.0170785 0.0176536
internal_weight=78002 77392.4 5549.99 71842.4 4433.27 67409.1 40987.2 26421.9 5497.04 8450.72 17971.2 17168 1857.79 35490.1 35104.2 21192.3 16586.7 13911.9 1119.45 4790.96 2593.22 2575.48 3659.77 624.083 301.341 4314.47 4184.24 1992.61 1000.58 322.742 445.494 992.029 911.402 555.084 2191.64 1695.64 1588.27
internal_count=302419 293196 17007 276189 25459 250730 159899 90831 38464 25690 65141 54423 14923 121435 115556 62939 47866 52617 4007 14655 9122 10536 11035 2694 1314 11955 11583 5548 2766 1380 1249 2782 2551 1517 6035 4686 4380
cat_boundaries=0 1 2 3 4 5 6 7 8
cat_threshold=1 1 4 4 2 2 2 2
is_linear=0
shrinkage=0.05


Tree=32
num_leaves=43
num_cat=8
split_feature=14 8 8 2 0 11 14 12 0 8 8 1 12 1 11 0 0 4 7 4 7 6 7 7 7 7 7 7 7 7 7 7 7 7 7 7 7 7 7 7 7 7
split_gain=885.907 668.537 754.578 607.738 679.813 580.201 597.95 1871.89 1768.66 1305.15 1181.15 591.686 427.368 392.928 344.742 28.0684 10.4813 4.40908 5.45207 4.17993 4.17777 9.12316 4.34466 3.43513 5.24829 3.16464 2.72629 7.84412 2.01435 4.74583 1.85188 2.04265 1.68313 1.24769 0.144175 0.00917091 3.14558 0.322133 0.201011 0.0474151 0.00747242 0.00408753
threshold=475.00000000000006 101.00000000000001 138.50000000000003 0 1 4.0000000000000009 75.000000000000014 32.500000000000007 2 159.00000000000003 171.00000000000003 960.00000000000011 57.500000000000007 600.00000000000011 29.000000000000004 3 4 5 20.950000000000003 6 22.450000000000003 7 23.150000000000002 22.550000000000004 21.850000000000005 25.650000000000002 18.150000000000002 19.050000000000004 19.450000000000003 21.350000000000005 25.350000000000005 22.150000000000002 23.050000000000004 22.050000000000004 18.750000000000004 21.450000000000003 21.250000000000004 24.950000000000003 20.950000000000003 25.450000000000003 18.850000000000005 20.250000000000004
decision_type=2 2 2 1 1 2 2 2 1 2 2 2 2 2 2 1 1 1 2 1 2 1 2 2 2 2 2 2 2 2 2 2 2 2 2 2 2 2 2 2 2 2
left_child=1 13 3 15 -5 -4 8 16 10 -9 -7 -11 -12 14 -1 17 -8 18 41 28 26 22 -22 24 -19 -23 -17 -28 34 -30 31 -21 -25 -20 -6 36 38 -37 40 -39 -15 -3
right_child=-2 2 5 4 19 6 7 9 -10 11 12 -13 -14 35 -16 20 -18 23 33 30 21 25 -24 32 -26 -27 27 -29 29 -31 -32 -33 -34 -35 -36 37 -38 39 -40 -41 -42 -43
leaf_value=0.054984436173210915 -0.05263766369649401 0.013553735519181476 -0.052049046219563036 -0.05410981965152846 -0.0042006399862265604 -0.053447153702997852 0.042858395774663452 0.058348523494768302 -0.053909772513093868 0.0069750313651252369 0.0015041322835870139 0.026128422200802345 0.017022391271663866 0.0091506702827585506 -0.0027057250957695056 0.014515129229691016 0.057418572184564975 -0.0019727089379932357 -0.0056342155919520912 -0.0091552038786137935 0.0098444430896691745 0.013188917415775624 0.0011099568011658544 0.0063470722929704002 -0.011379111279355689 0.0017090337313904092 -0.0035155996727694854 0.0057847958745282889 0.0023591631139740811 -0.0058755678745530558 -0.017641893754562054 -0.0046182586492675721 -0.00038004389861077384 0.0016418621563532325 -0.01030079383555832 0.011760300377233175 0.024359290915772647 0.020182125554152917 0.0091229863072675079 0.010534513100732671 0.015150662077989189 0.0064209410793457933
leaf_weight=1562.8699229806662 578.72404076159 74.31217984855175 366.4198637008667 1095.6024569794536 72.651907503604889 765.84357633441687 332.27286270260811 1391.8847767114639 1266.1244134381413 34382.429808527231 8545.2053789496422 4563.9030485451221 9239.6086200922728 105.59662832319736 306.94802910089493 76.645319685339928 2142.7451020479202 781.42116862535477 83.07682178914547 1090.8948883414268 212.80680778622627 756.67467385530472 447.1921641677618 112.42704480886459 181.69979514181614 79.681409150362015 234.63565276563168 2621.1711582839489 278.86050945520401 416.24241633713245 58.410919174551964 434.57260595262051 335.84147192537785 137.62251867353916 114.97349117696285 964.19814179837704 106.88532456755638 86.641709893941879 148.11058484017849 79.591055572032928 613.07972577214241 74.472625777125359
leaf_count=6344 9163 232 5840 14323 262 10691 1289 5467 17514 115929 30513 13629 26611 299 1345 220 9256 2610 285 4076 633 2223 1367 370 648 243 735 7920 1017 1568 223 1629 1129 462 421 2712 285 234 420 223 1706 239
internal_value=0.00846208 0.0089303 0.0078362 -0.0050839 -0.021519 0.00984163 0.0102128 0.0135364 0.00302653 0.0109372 0.00694221 0.00922692 0.00957406 0.0288822 0.0455234 0.00435557 0.0556643 -0.000917931 0.00382914 -0.00686279 0.00648466 0.00870694 0.00410579 -0.00221403 -0.00389737 0.0121874 0.00530796 0.00499362 -0.00392893 -0.00251445 -0.00843161 -0.00793378 0.00129971 -0.00100581 -0.00852379 0.0139249 0.0151855 0.0126716 0.0137323 0.0167065 0.0144754 0.0109276
internal_weight=77321 76742.2 72768.3 9771.89 3562.21 62996.4 62630 42813.2 19816.8 40338.2 18550.7 38946.3 17784.8 3973.92 1869.82 6209.68 2475.02 1780.87 369.484 2466.61 4428.81 1496.36 659.999 1411.39 963.121 836.356 2932.45 2855.81 882.728 695.103 1583.88 1525.47 448.269 220.699 187.625 2104.1 973.672 1130.43 866.787 166.233 718.676 148.785
internal_count=302305 293142 279574 42835 23519 236739 230899 145570 85329 135025 67815 129558 57124 13568 7689 19316 10545 5975 1218 9196 13341 4466 2000 4757 3258 2466 8875 8655 3268 2585 5928 5705 1499 747 683 5879 2710 3169 2425 457 2005 471
cat_boundaries=0 1 2 3 4 5 6 7 8
cat_threshold=4 1 2 1 2 1 2 4
is_linear=0
shrinkage=0.05


Tree=33
num_leaves=42
num_cat=6
split_feature=14 1 14 13 11 0 1 11 12 1 8 8 1 1 0 10 10 8 4 7 7 4 7 7 7 7 3 7 7 7 7 0 7 7 7 7 7 7 7 7 7
split_gain=849.104 1288.24 2017.51 777.291 805.341 572.437 2464.33 549.015 648.19 435.97 339.636 296.603 578.59 274.367 258.462 191.083 120.949 10.7384 4.62009 3.79111 3.50278 3.25195 3.17437 2.72556 6.89538 2.70605 2.64984 2.49695 2.53374 1.27408 1.16358 0.981931 0.966313 1.22655 1.67036 0.68917 0.519753 0.454432 0.223817 0.0169578 0.488244
threshold=425.00000000000006 960.00000000000011 325.00000000000006 26.000000000000004 19.000000000000004 0 750.00000000000011 22.500000000000004 57.500000000000007 750.00000000000011 437.50000000000006 112.50000000000001 600.00000000000011 600.00000000000011 1 535.00000000000011 345.00000000000006 247.00000000000003 2 19.650000000000002 23.250000000000004 3 19.850000000000005 18.450000000000003 19.250000000000004 20.550000000000004 4 18.750000000000004 20.850000000000005 22.050000000000004 18.850000000000005 5 22.050000000000004 21.650000000000002 20.950000000000003 19.450000000000003 18.750000000000004 24.950000000000003 19.150000000000002 18.650000000000002 19.050000000000004
decision_type=2 2 2 2 2 1 2 2 2 2 2 2 2 2 1 2 2 2 1 2 2 1 2 2 2 2 1 2 2 2 2 1 2 2 2 2 2 2 2 2 2
left_child=1 2 3 11 9 6 -6 -7 -9 13 17 12 31 -5 -13 16 -16 19 27 21 32 36 -17 -20 -25 30 -15 -19 -29 -30 -14 -1 33 34 -21 39 -2 -27 -38 -23 -41
right_child=10 -3 -4 4 5 7 -8 8 -10 -11 -12 14 25 26 15 22 -18 18 23 20 -22 35 -24 24 -26 37 -28 28 29 -31 -32 -33 -34 -35 -36 -37 38 -39 -40 40 -42
leaf_value=0.045446420772113111 0 0.039627877807772986 -0.05491936289240406 -0.05163227794667255 -0.05268181559232199 0.03922926386118214 0.056973722818686748 0.0011928092631349925 0.01510568269373827 -0.053956937486507865 -0.052415238311401394 0.03696018490992841 0.0095627397524558622 0.00087526723114979179 0.0066703791270650362 -0.021797777329802419 0.017115484578666473 0 -0.024693001661568206 -0.0034054169989097892 -0.010492677498558893 -0.012529025405839786 -0.0085799128967880937 -0.0050328633529801818 -0.016411976864235338 0.011398117324109627 -0.0029561050248008863 -0.012896815277302551 0.00076019404565929617 -0.0078524104994941255 0.018392125191529007 0.056868985116480766 0.0022158327755754268 -0.0089525423589980266 0.0036924848472475024 -0.018555968934017009 -0.0073089649990233166 0.016267859376560893 -0.0016657743135042192 -0.0037681162823151497 -0.010350282143727137
leaf_weight=373.10331231355667 65.929884985089302 3305.435419946909 1252.1363909840584 306.24673545360565 675.53760033845901 1183.3742249757051 2025.7267495989799 31957.384899914265 11338.592650100589 713.18023147433996 556.32321074604988 1171.2827187627554 109.54678671061993 883.27121207118034 3959.9721042513847 49.955266281962395 9519.6774187982082 71.529812172055244 85.903470277786255 273.87978045642376 132.03091855347157 126.07254940271378 852.04647541046143 205.07816351950169 579.61375242471695 1377.6253084987402 876.87986834347248 232.37733298540115 69.056626677513123 70.391925856471062 448.29614649713039 1102.5076394379139 116.22371405363083 57.855226248502731 102.51514603197575 58.05729641020298 66.079398155212402 170.08930675685406 71.323381379246712 102.7499578744173 109.65160392224789
leaf_count=1334 233 9344 15083 5032 10952 3320 9130 125556 32425 8949 9220 3476 310 2957 11881 229 26604 238 312 984 479 466 3741 697 2036 3887 2952 806 228 241 1234 4894 401 216 354 221 239 469 255 368 402
internal_value=0.00807488 0.00916364 0.00772604 0.00886982 0.00558439 0.00712731 0.0294392 0.00576485 0.00484019 -0.0205189 -0.0172932 0.0174382 0.0304208 -0.00874996 0.0144281 0.0125651 0.0140579 -0.00957606 -0.0127934 -0.00616735 -0.0034214 -0.00910227 -0.00959776 -0.0150209 -0.0136017 0.0134566 -0.00101113 -0.00807411 -0.0096826 -0.0034873 0.0169452 0.0543398 -0.0014792 -0.00260832 -0.0012973 -0.0117605 -0.00337568 0.0120664 -0.00503062 -0.00995236 -0.00770356
internal_weight=76804.5 73651.9 70346.4 69094.3 49960.2 47180.6 2701.26 44479.4 43296 2779.58 3152.64 19134.1 3581.17 2066.4 15552.9 14381.7 13479.6 2596.32 1313.95 1282.37 682.505 599.864 902.002 870.595 784.692 2105.56 1760.15 443.356 371.826 139.449 557.843 1475.61 550.474 434.25 376.395 396.531 203.333 1547.71 137.403 338.474 212.402
internal_count=302155 283759 274415 259332 201273 181383 20082 161301 157981 19890 18396 58059 12128 10941 45931 42455 38485 9176 4558 4618 2434 2184 3970 3045 2733 5900 5909 1513 1275 469 1544 6228 1955 1554 1338 1457 727 4356 494 1236 770
cat_boundaries=0 1 2 3 4 5 6
cat_threshold=1 4 2 2 4 2
is_linear=0
shrinkage=0.05


Tree=34
num_leaves=29
num_cat=9
split_feature=14 8 12 14 8 2 10 10 2 2 0 8 12 8 10 0 1 10 11 0 10 1 11 8 3 8 0 0
split_gain=780.709 540.669 579.499 1850.32 739.117 801.511 808.418 749.99 2785.45 1492.34 1213.99 1042.38 717.415 647.958 486.859 384.996 353.135 396.242 267.172 215.374 90.2491 57.9266 19.5339 62.2486 7.58837 4.45064 2.94613 2.29067
threshold=475.00000000000006 101.00000000000001 32.500000000000007 75.000000000000014 420.50000000000006 0 590.00000000000011 625.00000000000011 1 2 3 159.00000000000003 67.500000000000014 185.50000000000003 335.00000000000006 4 600.00000000000011 535.00000000000011 12.500000000000002 5 535.00000000000011 750.00000000000011 26.500000000000004 458.00000000000006 6 478.00000000000006 7 8
decision_type=2 2 2 2 2 1 2 2 1 1 1 2 2 2 2 1 2 2 2 1 2 2 2 2 1 2 1 1
left_child=1 16 3 13 5 6 18 8 14 11 -10 -9 -11 -3 -7 21 17 26 -4 25 -20 22 -6 -24 -23 -15 -1 -5
right_child=-2 2 4 27 15 7 -8 9 10 12 -12 -13 -14 19 -16 -17 -18 -19 20 -21 -22 24 23 -25 -26 -27 -28 -29
leaf_value=0.044216698826822616 -0.052197704466096895 0.034330285258022793 -0.051367394011257075 0.044635472211716286 0.017286427037922197 -0.051547217214843614 -0.05644134456335681 -0.053208887956696607 -0.0075700937183396134 0.044213615242774722 -0.055584468435642201 0.0074643882412463482 0.0068234282284568449 -0.0057674045164023404 0.0083046506273873177 0.036771891665566291 0.012341189302079086 -0.0088787154851173583 0.0050064211488530398 -0.052455404981384429 -0.0087057586635416098 0.00040518525102386854 0.01952026580555602 -0.0081105836331560339 0.0075306408584979488 -0.014952846130230547 0.056448339695280014 0.056559929180495183
leaf_weight=361.06303077936172 532.79248923063278 502.46774119138718 290.71442430466413 331.87419176101685 4238.8386677205563 334.01672664284706 913.78620015084743 739.55639004707336 2587.4458828121424 4503.3060574829578 2683.5734992995858 12706.675490215421 1802.8404028862715 294.52376334369183 27194.035952433944 2296.9074089825153 2107.7058148384094 301.36677649617195 2101.4518937021494 639.22722898423672 2764.0075903832912 544.12206982076168 503.49086076021194 327.57649491727352 1309.4627335369587 318.22031722962856 1076.0500755310059 1944.5895120501518
leaf_count=1331 9244 1336 4997 1318 11916 5844 9270 10792 9120 14602 29315 37301 5485 1293 83269 6757 5937 1341 6243 10850 10705 1650 1368 1387 3878 1377 4984 9148
internal_value=0.00755103 0.00797895 0.00699826 0.025399 0.00590064 0.00382808 -0.0133579 0.00581627 0.00117812 0.0135109 -0.0320835 0.00408652 0.0335599 -0.0131353 0.00755816 0.0190537 0.0262263 0.0428649 -0.00561846 -0.0323459 -0.00277492 0.0131238 0.0158926 0.0086028 0.00547918 -0.0107815 0.0537366 0.0550462
internal_weight=76251.7 75718.9 71872.7 4030.9 67841.8 58621.4 6069.96 52551.5 32799.1 19752.4 5271.02 13446.2 6306.15 1754.44 27528.1 9220.4 3846.19 1738.48 5156.17 1251.97 4865.46 6923.49 5069.91 831.067 1853.58 612.744 1437.11 2276.46
internal_count=302058 292814 279221 25322 253899 226943 31215 195728 127548 68180 38435 48093 20087 14856 89113 26956 13593 7656 21945 13520 16948 20199 14671 2755 5528 2670 6315 10466
cat_boundaries=0 1 2 3 4 5 6 7 8 9
cat_threshold=2 4 4 4 2 2 4 2 2
is_linear=0
shrinkage=0.05


Tree=35
num_leaves=34
num_cat=10
split_feature=14 8 12 14 8 2 10 10 2 2 0 8 12 0 10 12 1 10 11 8 10 11 1 0 3 3 7 7 7 0 0 7 7
split_gain=731.971 519.694 555.35 1757.14 666.558 697.368 789.887 645.224 2602.09 1369.22 1189.93 973.186 768.258 607.716 464.108 357.516 345.68 357.69 262.616 198.9 102.541 80.8605 67.7499 14.8849 8.57723 6.5218 4.98175 4.57739 4.15231 3.41034 1.69413 0.953354 0.230739
threshold=475.00000000000006 101.00000000000001 32.500000000000007 75.000000000000014 420.50000000000006 0 590.00000000000011 625.00000000000011 1 2 3 159.00000000000003 67.500000000000014 4 335.00000000000006 57.500000000000007 600.00000000000011 535.00000000000011 12.500000000000002 185.50000000000003 535.00000000000011 26.500000000000004 750.00000000000011 5 6 7 22.750000000000004 21.950000000000003 21.750000000000004 8 9 24.050000000000004 25.250000000000004
decision_type=2 2 2 2 2 1 2 2 1 1 1 2 2 1 2 2 2 2 2 2 2 2 2 1 1 1 2 2 2 1 1 2 2
left_child=1 16 3 13 5 6 18 8 14 11 -10 -9 -11 19 -7 23 17 29 -4 -3 -20 22 32 -6 -21 31 -24 -26 -27 -1 -5 -23 -17
right_child=-2 2 4 30 15 7 -8 9 10 12 -12 -13 -14 -15 -16 21 -18 -19 20 24 -22 25 26 -25 27 28 -28 -29 -30 -31 -32 -33 -34
leaf_value=0.043615141338686325 -0.051979189693876916 0.032249451589475391 -0.051128932776355808 0.04439521492552969 0.02409750794381621 -0.051328470710753665 -0.056027754189189538 -0.052966088399808813 -0.007269796535935351 0.043460034896756289 -0.055262296780129373 0.0069971940584013783 0.0046416911025004845 -0.052246299954982638 0.0081342071263423195 0.016211776489817784 0.012132453055874621 -0.0065764990092505669 0.006146931821134214 0.0040152145449995824 -0.008449987670599431 0.0026536547497495299 0.0037986992398877715 0.035206805545433081 -0.017620134461830375 -0.010771098224549315 0.011479093427248351 -0.0073701865507082506 -0.02773405253354487 0.056042469247891982 0.056171432024249152 -0.0059073902433475446 0.021026323242704325
leaf_weight=357.17392212152481 506.17146447300911 506.07295632362366 278.99374944344163 324.84560497105122 502.17607086896896 322.07896872609854 873.098497569561 704.48249990493059 2599.5134438574314 4396.7655695676804 2569.1878728270531 12745.884506821632 1801.1647800058126 611.2645411491394 27331.404122710228 4007.576265245676 2104.2154610902071 300.31010244786739 2130.6082225292921 87.015820652246475 2733.2430504560471 50.903126493096352 1582.4167471975088 2260.9997397959232 226.63091558218002 147.90175434947014 250.01917272806168 298.76931223273277 66.908550009131432 1031.7021307349205 1871.0909700244665 52.131041586399078 215.35573962330818
leaf_count=1355 9195 1366 5017 1329 1342 5897 9254 10759 9184 14582 29337 37452 5510 10864 83588 11340 5939 1336 6300 365 10641 209 4741 6785 1012 639 728 1301 303 4988 9191 216 596
internal_value=0.0073566 0.00776274 0.0068033 0.0250675 0.00573872 0.00377397 -0.0123344 0.00562381 0.0013311 0.0127878 -0.0311956 0.0038158 0.0322128 -0.0125715 0.00742154 0.0182927 0.0257805 0.0425811 -0.00481251 0.00933767 -0.00204606 0.0117363 0.0130337 0.0333 -0.00972921 -0.0124729 0.00493037 -0.0121314 -0.0172757 0.0532169 0.0546612 -0.00137495 0.0165182
internal_weight=75848.1 75341.9 71548.5 3925.69 67622.8 58486.4 6015.94 52470.5 32822.2 19648.3 5168.7 13450.4 6197.93 1729.75 27653.5 9136.39 3793.4 1689.19 5142.85 1118.49 4863.85 6373.21 6055.37 2763.18 612.416 317.844 1832.44 525.4 214.81 1388.88 2195.94 103.034 4222.93
internal_count=302661 293466 279848 25428 254420 227521 31212 196309 128006 68303 38521 48211 20092 14908 89485 26899 13618 7679 21958 4044 16941 18772 17405 8127 2678 1367 5469 2313 942 6343 10520 425 11936
cat_boundaries=0 1 2 3 4 5 6 7 8 9 10
cat_threshold=2 4 4 4 2 2 1 2 2 2
is_linear=0
shrinkage=0.05


Tree=36
num_leaves=44
num_cat=10
split_feature=14 8 12 14 8 10 2 2 0 8 2 12 0 14 10 12 1 10 8 0 2 11 1 0 8 0 7 0 7 7 7 7 7 7 7 7 7 7 7 7 7 7 7
split_gain=684.915 522.242 526.839 1670.23 630.57 635.983 2252.16 1516.25 1061.31 848.017 692.657 645.935 574.283 425.723 467.629 338.171 303.239 324.6 168.218 155.351 122.196 55.4614 46.3127 18.9031 8.6607 6.69756 5.99383 5.82537 3.58722 2.32462 1.84764 4.12778 1.35322 1.10132 0.859217 3.51345 3.22006 2.13791 0.737093 0.399726 2.27065 0.228994 0.144845
threshold=475.00000000000006 101.00000000000001 32.500000000000007 75.000000000000014 420.50000000000006 625.00000000000011 0 1 2 159.00000000000003 3 67.500000000000014 4 245.00000000000003 335.00000000000006 57.500000000000007 600.00000000000011 535.00000000000011 185.50000000000003 5 6 26.500000000000004 750.00000000000011 7 247.00000000000003 8 22.750000000000004 9 20.650000000000002 18.850000000000005 24.450000000000003 21.950000000000003 21.450000000000003 23.950000000000003 22.750000000000004 23.050000000000004 22.350000000000005 24.450000000000003 18.850000000000005 20.550000000000004 20.850000000000005 23.950000000000003 19.250000000000004
decision_type=2 2 2 2 2 2 1 1 1 2 1 2 1 2 2 2 2 2 2 1 1 2 2 1 2 1 2 1 2 2 2 2 2 2 2 2 2 2 2 2 2 2 2
left_child=1 16 3 12 5 6 8 11 24 -9 -11 19 18 20 -15 23 17 27 -3 -7 -8 22 32 -6 -4 -5 28 -1 -23 -24 31 -20 -17 -28 36 -36 38 41 -18 42 -41 -37 -40
right_child=-2 2 4 25 15 7 13 9 -10 10 -12 -13 -14 14 -16 21 34 -19 30 -21 -22 26 29 -25 -26 -27 33 -29 -30 -31 -32 -33 -34 -35 35 37 -38 -39 39 40 -42 -43 -44
leaf_value=0.042309129539374248 -0.051768740976325625 0.030727911962001055 -0.0057874831436175011 0.042252142242261009 0.02252159182792704 0.057101273881082382 0.0015793973980363974 -0.05273543076866033 -0.05496053705343789 0.0066876944016252202 -0.053205047794422679 0.0063660293588976308 -0.052048013218346914 -0.051092642077621001 0.010189848146977015 0.016755244072226561 0.0066548902706067064 -0.0042733015025134347 -0.010478927344412952 0.035657404642454697 -0.0080935530089946868 -0.0013994388099982707 0.009416260655165749 0.034775919860554005 -0.011789034465109784 0.055805864236424418 0.0057281101634572649 0.055648361215928366 -0.017165052066156716 0.0048268218483851029 -0.015999862020469695 -0.0013485257968097221 0.014133906245110808 -0.0034335056837909712 0.025623058339661404 0.010526120369871104 0.0039763771979733822 0.016682081581061211 0.008827347455367408 0.0044869881728805371 0.012865014248702247 0.0048238515861621463 0.016405691629449673
leaf_weight=352.49659526348114 481.55201986432076 479.90121746063232 1244.3603309243917 318.93090380728245 490.04930670559406 1248.9390141963959 8052.1038475483656 672.89708416163921 2444.7614721357822 12667.771102786064 491.77099275588989 1812.5354697853327 586.43936423584819 306.39028944075108 19235.479754716158 1968.0533022880554 113.86605563759804 306.88372032344341 321.09154100716114 3050.5165191292763 5471.7572976052761 58.016101658344269 397.40913906693459 2177.4161599427462 1330.2369709759951 1801.4591031968594 50.925765335559845 971.60792447626591 152.95550709962845 1478.2503660619259 75.094797283411026 225.07347938418388 2274.2202378511429 57.291364327073097 83.885967433452606 151.78454829752445 147.6463440656662 249.76003436744213 80.34271627664566 130.36005687713623 665.72278322279453 100.48241458833218 357.63141390681267
leaf_count=1379 9160 1312 4515 1351 1319 5453 27077 10757 29172 37238 6644 5507 10915 5871 56365 5575 327 1363 1416 9171 24574 247 1166 6637 4645 9243 206 4905 678 4409 335 972 6497 236 223 430 428 691 229 378 1875 289 996
internal_value=0.00705523 0.00744222 0.00648232 0.0245549 0.00545296 0.00353087 -0.000256333 0.0107618 -0.0314304 0.00158754 0.00440701 0.0314799 -0.0125105 0.00448243 0.00920082 0.0176809 0.0257048 0.0418087 0.00877969 0.0420162 -0.00233367 0.011435 0.0124997 0.0326358 -0.00894131 0.0539986 -0.00857982 0.0524785 -0.0133154 0.00587051 -0.00831352 -0.00689811 0.0153983 0.000574741 0.0129228 0.0153125 0.0118579 0.0130252 0.0126487 0.0131037 0.0116278 0.00871598 0.0153552
internal_weight=75136.1 74654.6 70942.1 3807.99 67134.1 58029.5 38085.1 19944.4 5019.36 13832.4 13159.5 6111.99 1687.6 33065.7 19541.9 9104.59 3712.47 1630.99 1101.16 4299.46 13523.9 6437.12 6117.93 2667.47 2574.6 2120.39 319.189 1324.1 210.972 1875.66 621.26 546.165 4242.27 108.217 2081.48 585.913 1495.57 502.027 1347.92 1234.06 796.083 252.267 437.974
internal_count=302176 293016 279503 25544 253959 226989 152219 74770 38332 54639 43882 20131 14950 113887 62236 26970 13513 7647 4035 14624 51651 19014 17647 7956 9160 10594 1367 6284 925 5575 2723 2388 12072 442 5866 1633 4233 1410 3805 3478 2253 719 1225
cat_boundaries=0 1 2 3 4 5 6 7 8 9 10
cat_threshold=1 1 4 4 2 2 4 2 2 2
is_linear=0
shrinkage=0.05


Tree=37
num_leaves=37
num_cat=8
split_feature=14 12 14 0 13 1 10 2 0 2 12 10 2 10 13 1 0 14 0 10 10 0 11 7 7 7 7 7 7 7 7 7 7 7 7 7
split_gain=636.416 443.744 1579.7 531.405 499.581 548.496 479.829 2210.78 1103.7 889.059 1002.99 853.658 691.431 390.443 420.867 576.425 369.744 201.567 160.738 143.573 11.3975 11.1553 9.82859 2.77086 3.90311 2.40056 3.87956 3.16167 4.70864 2.46557 2.11696 1.53293 3.0271 1.7935 1.72257 1.15291
threshold=475.00000000000006 32.500000000000007 75.000000000000014 0 17.000000000000004 600.00000000000011 625.00000000000011 1 2 3 57.500000000000007 665.00000000000011 4 335.00000000000006 26.000000000000004 600.00000000000011 5 15.000000000000002 6 535.00000000000011 365.00000000000006 7 32.500000000000007 17.950000000000003 19.550000000000004 21.950000000000003 22.350000000000005 20.850000000000005 20.250000000000004 23.050000000000004 21.350000000000005 20.750000000000004 21.250000000000004 21.450000000000003 20.950000000000003 18.650000000000002
decision_type=2 2 2 1 2 2 2 1 1 1 2 2 1 2 2 2 1 2 1 2 2 1 2 2 2 2 2 2 2 2 2 2 2 2 2 2
left_child=1 2 3 19 5 -3 7 8 22 10 18 12 16 -9 17 -16 -11 -15 -8 -1 30 -4 -6 -12 -25 27 -27 28 -21 -28 35 -22 34 -34 -33 -7
right_child=-2 4 21 -5 6 20 9 13 -10 11 23 -13 -14 14 15 -17 -18 -19 -20 25 31 -23 -24 24 -26 26 29 -29 -30 -31 -32 32 33 -35 -36 -37
leaf_value=0.02805149496194468 -0.051565547108476634 0.055292076306442652 0.04024903072665259 -0.05184265102537669 -0.0038987629452057492 0.0092006437886418616 0.056659324314162943 -0.050860754806524945 -0.054669836767910041 0.016027191027850347 -0.0023250968693514186 -0.052504185822599164 -0.052936583615294477 -0.0098121679166993502 -0.031645614033454852 0.003901480690072125 0.000919018712651735 0.014753973298864321 0.034449055760798618 -0.014366542149721967 0.012768248924301832 0.055456927439101335 -0.010233397482678821 0.0072908161552984714 0.003777964049015781 0.0055941470593305906 -0.014517327745493001 -0.016129891642927007 0.0021182255355127141 -0.0031367037422386705 0.013861765032456978 0.0085496367558958695 0.017035543113559898 0.0092917350355175617 0 0.018745119225728048
leaf_weight=479.26649397611618 458.63156008720398 940.63790559768677 304.86888910084963 554.59318866208196 1250.0208600461483 86.022267803549767 1191.5983321070671 291.39157502353191 2350.323539301753 7448.8120022267103 110.85159920156002 635.64057257026434 472.02694918215275 884.43355739116669 1199.5137300938368 19924.462281912565 8879.3667344748974 12712.782323583961 2975.5396318733692 65.159518092870712 660.35601972043514 1712.5347479730844 1302.7371781617403 1430.223002627492 2094.8060552477837 62.896979168057442 74.91818143427372 161.92766320705414 87.268778264522552 163.32628645002842 1188.9872793704271 82.733849495649338 110.47314509749413 1100.3522510230541 139.37656861543655 871.11958642303944
leaf_count=1333 9136 4960 1335 10811 4522 245 5428 5844 29357 21143 343 10638 6666 3967 10279 64104 26689 37235 9111 289 1867 9181 4548 4273 6336 267 335 735 372 709 3352 236 306 3140 412 2412
internal_value=0.00651419 0.00688174 0.0238223 -0.012421 0.00599461 0.0209283 0.00480352 0.00138932 -0.0300188 0.0101985 0.0242163 0.00391197 0.00607943 0.00579638 0.00628782 0.00186657 0.00781992 0.0131464 0.0409325 0.00779268 0.0131798 0.0533932 -0.00717831 0.00498406 0.00523398 -0.00809849 -0.00439884 -0.0112436 -0.00507144 -0.0073575 0.0158248 0.0103819 0.00916667 0.010173 0.00326351 0.018043
internal_weight=74460 74001.3 3666.76 1649.36 70334.6 5180.06 65154.5 39915.7 4903.08 25238.9 7803.02 17435.8 16800.2 35012.6 34721.2 21124 16328.2 13597.2 4167.14 1094.76 4239.42 2017.4 2552.76 3635.88 3525.03 615.497 301.141 314.356 152.428 238.244 2146.13 2093.29 1432.94 1210.83 222.11 957.142
internal_count=301916 292780 25367 14851 267413 16930 250483 159856 38427 90627 25491 65136 54498 121429 115585 74383 47832 41202 14539 4040 11970 10516 9070 10952 10609 2707 1311 1396 661 1044 6009 5961 4094 3446 648 2657
cat_boundaries=0 1 2 3 4 5 6 7 8
cat_threshold=2 1 4 1 4 2 2 2
is_linear=0
shrinkage=0.05


Tree=38
num_leaves=39
num_cat=10
split_feature=14 12 14 0 8 13 10 2 2 0 8 2 1 12 10 14 0 0 8 1 10 8 7 7 7 7 7 8 6 0 7 7 8 7 7 6 7 7
split_gain=603.344 418.22 1513.37 503.815 473.092 549.378 570.701 1804.3 1378.74 1076.35 737.831 602.872 533.922 483.486 349.08 355.676 326.447 174.729 146.687 61.4929 11.8666 57.7168 9.05312 8.03865 10.1761 6.25257 6.14782 5.76778 4.87491 4.0153 3.98826 3.41038 3.36768 2.84687 2.11857 1.73041 0.173683 0.103448
threshold=475.00000000000006 32.500000000000007 75.000000000000014 0 420.50000000000006 17.000000000000004 625.00000000000011 1 2 3 159.00000000000003 4 600.00000000000011 67.500000000000014 335.00000000000006 245.00000000000003 5 6 185.50000000000003 750.00000000000011 535.00000000000011 458.00000000000006 18.850000000000005 19.150000000000002 19.550000000000004 22.150000000000002 22.450000000000003 317.50000000000006 7 8 20.450000000000003 18.650000000000002 247.00000000000003 23.850000000000005 23.050000000000004 9 21.050000000000004 25.050000000000004
decision_type=2 2 2 1 2 2 2 1 1 1 2 1 2 2 2 2 1 1 2 2 2 2 2 2 2 2 2 2 1 1 2 2 2 2 2 1 2 2
left_child=1 2 3 18 5 12 7 9 13 32 -10 -12 -3 17 -9 -16 19 -8 -1 20 -6 35 28 -24 -25 30 -23 -14 -21 -4 -20 -30 -7 34 -27 -22 -32 -35
right_child=-2 4 29 -5 16 6 8 14 10 -11 11 -13 27 -15 15 -17 -18 -19 25 22 21 26 23 24 -26 33 -28 -29 31 -31 36 -33 -34 37 -36 -37 -38 -39
leaf_value=0.02817115664816601 -0.051373711736238094 0.054944281116664252 0.042141333786518062 -0.051654576499352484 0.019318123061856776 -0.0050022949278401728 0.056245208595708154 -0.050678636228270672 -0.052293832125502974 -0.054398914330172216 0.0056213909526577109 -0.052664960383731453 0.010388118677312069 0.0085098787327336518 -0.0017837324531663199 0.0089250696800493058 0.033630560441826926 0.032782567909784739 -0.0031679930840511402 0.019863745716097655 0.016125807708512446 -0.012745762556210325 -0.0081779768075699276 0.012118664479728694 0.00081745507009157569 -0.0021070330044696372 0.00098053589131364078 0.014448001154712745 0.0020002401628583816 0.055126257573619213 -0.010210082302415588 0.013714152279993251 -0.0088629014149389559 -0.010633498498737695 0.0094391438494332673 0.013197569473952462 -0.018872381114488513 -0.0034328519100014564
leaf_weight=468.99129040539265 438.87032832205296 895.2020355463028 297.88677842915058 530.40258016437292 971.52575978636742 1257.3045230805874 1142.1138788759708 283.87135114148259 609.08252546191216 2254.1082376539707 12594.851732075214 449.75234337896109 2054.7246250212193 1837.2793214321136 14183.822451595217 17069.004858270288 2142.5915958732367 2944.5954222679138 91.871055111289024 94.70428803563118 1703.6468562036753 192.65443471074104 172.1637467443943 238.62850852310658 1072.5815823227167 107.24633145332336 123.64502082765102 2104.5890265107155 194.64927819371223 1623.8659951239824 87.598832279443741 94.962214529514313 1301.6657009124756 62.636681884527206 47.805376797914505 1987.2098927944899 157.97567424178123 48.451909974217415
leaf_count=1313 9156 4932 1335 10830 2658 4570 5430 5959 10673 29456 37158 6647 5858 5527 54666 50243 6678 9202 397 265 4879 854 536 691 3237 467 511 5934 584 9099 389 272 4543 279 200 5750 726 211
internal_value=0.00641436 0.00676706 0.0235546 -0.0122657 0.00591744 0.00433625 0.00290665 -0.000799216 0.00978677 -0.0292821 0.00103704 0.00356916 0.0201077 0.0299091 0.00355411 0.00406436 0.0166221 0.0394732 0.00746364 0.0112506 0.0141523 0.0128425 0.00345473 0.00161264 0.00298818 -0.00874167 -0.00736116 0.0124841 0.0102168 0.0533679 -0.0132087 0.00633759 -0.00701238 -0.00262348 0.00150614 0.0146026 -0.0164985 -0.00844868
internal_weight=73934.5 73495.7 3524.73 1602.98 69970.9 60982 55927.5 36349.8 19577.7 4813.08 13653.7 13044.6 5054.52 5923.99 31536.7 31252.8 8988.96 4086.71 1072.58 6846.37 4978.68 4007.16 1867.69 1483.37 1311.21 603.586 316.299 4159.31 384.316 1921.75 337.446 289.611 2558.97 266.14 155.052 3690.86 245.575 111.089
internal_count=302115 292959 25246 14812 267713 240798 224074 149437 74637 38569 54478 43805 16724 20159 110868 104909 26915 14632 3982 20237 14652 11994 5585 4464 3928 2669 1365 11792 1121 10434 1512 856 9113 1157 667 10629 1115 490
cat_boundaries=0 1 2 3 4 5 6 7 8 9 10
cat_threshold=2 1 1 4 4 2 2 2 2 4
is_linear=0
shrinkage=0.05


Tree=39
num_leaves=34
num_cat=9
split_feature=14 12 14 0 11 1 10 2 0 2 12 10 2 10 0 14 2 11 10 0 12 10 11 11 0 7 11 10 7 7 7 7 7
split_gain=570.579 429.042 1366.22 534.406 412.908 567.054 509.288 1853.55 1029.37 735.443 837.264 771.865 605.741 448.682 309.162 291.177 513.249 268.474 286.533 178.735 124.526 110.523 31.6834 10.566 6.76745 6.69421 4.76433 4.34601 3.80302 3.0848 2.7002 2.64811 2.4615
threshold=475.00000000000006 32.500000000000007 75.000000000000014 0 6.5000000000000009 600.00000000000011 625.00000000000011 1 2 3 57.500000000000007 665.00000000000011 4 345.00000000000006 5 165.00000000000003 6 12.500000000000002 535.00000000000011 7 36.500000000000007 535.00000000000011 5.5000000000000009 32.500000000000007 8 20.450000000000003 29.000000000000004 365.00000000000006 21.950000000000003 20.950000000000003 22.350000000000005 22.750000000000004 21.050000000000004
decision_type=2 2 2 1 2 2 2 1 1 1 2 2 1 2 1 2 1 2 2 1 2 2 2 2 1 2 2 2 2 2 2 2 2
left_child=1 2 3 21 5 -3 7 8 23 10 19 12 14 -7 -11 17 20 -9 -19 -8 -17 -1 27 -6 -4 -23 31 -15 32 -28 -30 -12 -27
right_child=-2 4 24 -5 6 13 9 15 -10 11 26 -13 -14 22 -16 16 -18 18 -20 -21 -22 25 -24 -25 -26 28 29 -29 30 -31 -32 -33 -34
leaf_value=0.027889641761575192 -0.051189930535887218 0.054624938952436065 0.040524209294607622 -0.051490975265427258 -0.0038425408202197226 -0.050441911157721502 0.055856770995059181 -0.050669498357836101 -0.054145664739064341 0.015189548721325989 0.0027941223208600881 -0.052085570682893628 -0.052380970674702432 0.01356318717689849 0.0013539202054433691 0.017284024189165154 0.032287050001287315 0.012845116165305002 -0.0040067258231961441 0.031775657674897102 0.0043194740145860253 0.0076754753303916656 0.019504905631794481 -0.010398778784860917 0.054819529736705654 -0.0036498416200007665 0.0087364688140815668 0.0099831063438264589 0.0060663718803890612 0.0039513206043281469 -0.0048549448266484996 0.0083540415209879555 -0.015609188884907114
leaf_weight=468.92047673463821 420.8395704627037 865.59397530555725 279.82054751366377 516.05431471765041 1277.6970044523478 268.13702693581581 1098.9288803935051 253.81101045757532 2146.4232857599854 7397.8010137081146 1608.6384922713041 580.06495593488216 421.36882122606039 2125.8860606998205 8899.0639991462231 2117.1200829744339 2074.9161849021912 3369.8551188111305 9931.6789607331157 2896.9398535788059 14666.73875387013 89.303838908672333 2115.9866503626108 1274.304150775075 1565.1782101094723 91.890472367405891 1270.2442825585604 2051.6674894839525 61.174632057547569 555.01190662384033 233.79907748103142 258.1470767557621 129.92640194296837
leaf_count=1324 9196 4984 1296 11038 4639 5892 5455 4955 29319 21160 4819 10644 6518 6025 26678 5902 6593 10148 37210 9210 44644 375 5795 4481 9169 404 3809 5865 260 1692 1023 757 602
internal_value=0.0061764 0.00651494 0.0237428 -0.0101656 0.00565951 0.0167962 0.00432422 0.000606814 -0.0287069 0.0098413 0.0226998 0.00411386 0.00609675 0.0117228 0.007643 0.00486492 0.00888117 -0.000721406 0.000265262 0.0385337 0.00596712 0.00991806 0.0144551 -0.00716363 0.0529085 -0.00413196 0.0054916 0.0118449 -0.00637422 0.00733813 -0.00230138 0.00363003 -0.0112417
internal_weight=73382.9 72962.1 3436.07 1591.07 69526 7427.27 62098.8 37112.5 4698.42 24986.2 7687.91 17298.3 16718.2 6561.68 16296.9 32414.1 18858.8 13555.3 13301.5 3995.87 16783.9 1075.01 6293.54 2552 1845 606.094 3692.04 4177.55 516.791 1825.26 294.974 1866.79 221.817
internal_count=301881 292685 25491 15026 267194 28561 238633 147891 38439 90742 25742 65000 54356 23577 47838 109452 57139 52313 47358 14665 50546 3988 17685 9120 10465 2664 11077 11890 2289 5501 1283 5576 1006
cat_boundaries=0 1 2 3 4 5 6 7 8 9
cat_threshold=2 1 4 1 4 2 4 2 2
is_linear=0
shrinkage=0.05


Tree=40
num_leaves=40
num_cat=6
split_feature=14 8 12 14 8 10 1 14 0 13 0 1 0 1 1 0 10 1 8 11 1 0 10 8 8 6 7 7 7 8 7 7 7 7 7 7 7 7 7
split_gain=542.871 382.693 400.207 1329.31 474.299 478.921 610.528 485.67 612.509 597.928 467.03 417.551 382.609 456.052 343.962 281.839 235.223 185.599 135.185 129.326 65.0213 14.245 12.738 58.2975 10.3085 5.96931 8.48167 5.42439 4.2806 3.56537 3.00253 2.70401 4.09226 1.588 0.884532 0.707977 1.05115 0.295722 0.202652
threshold=475.00000000000006 101.00000000000001 32.500000000000007 75.000000000000014 420.50000000000006 625.00000000000011 960.00000000000011 325.00000000000006 0 27.500000000000004 1 600.00000000000011 2 830.00000000000011 600.00000000000011 3 535.00000000000011 750.00000000000011 185.50000000000003 6.5000000000000009 750.00000000000011 4 535.00000000000011 458.00000000000006 247.00000000000003 5 18.750000000000004 23.750000000000004 23.850000000000005 66.000000000000014 24.250000000000004 21.950000000000003 23.150000000000002 21.050000000000004 19.450000000000003 25.450000000000003 24.950000000000003 23.350000000000005 18.750000000000004
decision_type=2 2 2 2 2 2 2 2 1 2 1 2 1 2 2 1 2 2 2 2 2 1 2 2 2 1 2 2 2 2 2 2 2 2 2 2 2 2 2
left_child=1 14 3 10 5 7 12 9 -9 19 18 -11 17 -14 16 20 29 -7 -3 -4 22 -5 -6 -24 -10 26 -22 -27 34 -1 -30 33 -33 -20 38 36 -32 -36 -16
right_child=-2 2 4 21 15 6 -8 8 24 11 -12 -13 13 -15 28 -17 -18 -19 31 -21 25 -23 23 -25 -26 27 -28 -29 30 -31 35 32 -34 -35 37 -37 -38 -39 -40
leaf_value=0.041385464123275435 -0.051013802035863413 0.027578252784782983 0.015262618873082695 0.037790043704101821 0.018850683044513511 0.0077773022406152845 0.03074704042634694 -0.05305515499178487 -0.0021714705421306312 -0.03886917229767628 -0.051299733582990725 -0.0036127006460011271 -0.052148000404029032 0.0014049083768450626 0.0085616650736805352 0.031603386903078803 0.00071709095497119834 0.024215329888015363 -0.0071588189372161319 0.0053390264104527475 0.021754113714455587 0.054521855919029395 0.013900011442283214 -0.0085162296779655172 -0.0085811633872527344 -0.0001226327712970979 0.003881470981775484 0.010431525424852976 -0.0043806446882960828 0.054318891810032667 0.0038755352935866427 0.0014218447813908086 -0.0099532070985557074 -0.016044140843199953 0.010394404284052755 0.0013304704045659017 0.012462917312283127 0.016460125480007495 0.003661024794516131
leaf_weight=322.78694088757038 404.3419143743813 457.77309051156044 4281.6610931605101 279.2568372413516 959.44770313799381 4326.4445347338915 2851.1374509930611 909.55374914035201 1270.6855371445417 881.01958625763655 486.95994210243225 14813.331396624446 406.0935474075377 8893.1762562394142 100.93944048881531 2066.354357868433 291.51294489204884 2868.5795124918222 176.45173120498657 14212.245687380433 76.489955723285675 1479.2282221019268 3676.9001125991344 305.42001250386238 1300.4198701232672 1290.6468046307564 367.57128517329693 123.47005474567413 72.416833445429802 832.66644513607025 125.91576893627644 145.5226262062788 143.22723761200905 131.82846581935883 1392.1867880225182 82.908180356025696 78.453078150749207 76.119629055261612 128.72119066119194
leaf_count=1322 9255 1304 12010 1339 2637 21335 9227 15025 4599 8974 10912 64071 6567 26650 289 6674 1310 10936 776 43561 211 9062 10680 1329 4567 3903 1096 358 217 5012 366 628 636 617 3981 243 221 211 377
internal_value=0.0060509 0.00637601 0.00555643 0.0225266 0.00470227 0.00302677 0.00941921 -0.000256469 -0.0180232 0.00155562 -0.0113148 -0.00561854 0.00571314 -0.000981849 0.0224784 0.0154553 0.0410864 0.0143624 0.00740616 0.00764622 0.0105018 0.0521217 0.0134975 0.0121513 -0.00545344 0.00247826 0.00748147 0.000830546 0.00923354 0.0511348 0.00389972 -0.00817795 -0.0041974 -0.0115002 0.0103047 0.00623237 0.0078329 0.0108519 0.00629093
internal_weight=73089.9 72685.5 69180.9 3300.25 65880.6 57014.3 19345.4 37668.9 3480.66 34188.3 1541.76 15694.4 16494.3 9299.27 3504.63 8866.3 1446.97 7195.02 1054.8 18493.9 6799.95 1758.49 4941.77 3982.32 2571.11 1858.18 444.061 1414.12 2057.66 1155.45 359.694 597.03 288.75 308.28 1697.97 287.277 204.369 1468.31 229.661
internal_count=302488 293233 279684 25274 254410 227522 74715 152807 24191 128616 14873 73045 65488 33217 13549 26888 7644 32271 3961 55571 20214 10401 14646 12009 9166 5568 1307 4261 5905 6334 1047 2657 1264 1393 4858 830 587 4192 666
cat_boundaries=0 1 2 3 4 5 6
cat_threshold=1 2 2 2 2 2
is_linear=0
shrinkage=0.05


Tree=41
num_leaves=46
num_cat=6
split_feature=14 8 12 14 0 8 10 1 14 0 14 1 0 1 12 1 10 1 8 8 11 1 8 0 0 3 7 8 7 7 7 7 7 7 7 7 7 7 7 7 7 7 7 7 7
split_gain=499.294 361.381 374.485 1307.89 419.648 400.683 371.508 635.753 477.772 586.515 477.434 878.202 311.214 432.685 280.428 275.76 290.082 184.123 175.987 123.014 47.9557 42.3032 15.4817 11.9565 10.9282 5.79697 4.00598 3.34931 3.16979 2.20177 2.08982 1.91777 4.14201 2.83294 1.61709 1.5997 1.37077 1.0431 1.42821 0.979138 0.940137 0.848791 0.686081 0.423332 0.409204
threshold=475.00000000000006 101.00000000000001 32.500000000000007 75.000000000000014 0 420.50000000000006 625.00000000000011 960.00000000000011 325.00000000000006 1 245.00000000000003 750.00000000000011 2 830.00000000000011 57.500000000000007 600.00000000000011 535.00000000000011 750.00000000000011 175.00000000000003 185.50000000000003 26.500000000000004 750.00000000000011 247.00000000000003 3 4 5 21.150000000000002 66.000000000000014 19.450000000000003 23.950000000000003 21.850000000000005 20.550000000000004 22.150000000000002 21.750000000000004 21.950000000000003 21.050000000000004 22.350000000000005 19.450000000000003 19.150000000000002 24.050000000000004 22.050000000000004 22.650000000000002 23.950000000000003 23.850000000000005 20.450000000000003
decision_type=2 2 2 2 1 2 2 2 2 1 2 2 1 2 2 2 2 2 2 2 2 2 2 1 1 1 2 2 2 2 2 2 2 2 2 2 2 2 2 2 2 2 2 2 2
left_child=1 15 3 4 19 6 8 12 10 -10 11 -4 17 -14 24 16 27 -8 -12 -3 21 29 -11 -5 -7 39 44 -1 -23 -16 -27 37 33 35 -35 -33 -34 38 -17 -22 -9 -38 -43 -28 -21
right_child=-2 2 5 23 -6 14 7 40 9 22 18 -13 13 -15 20 31 -18 -19 -20 26 25 28 -24 -25 -26 30 43 -29 -30 -31 -32 32 36 34 -36 -37 41 -39 -40 -41 -42 42 -44 -45 -46
leaf_value=0.040970941074330899 -0.05081258232239963 0.024861770788032738 -0.0021668852123369079 0.037795557852707017 -0.051116996800114493 0.02024520727355214 0.0059017646524251316 0.029086631549018627 -0.052852089325969666 -0.001766576789150813 -0.0014168024042152565 -0.054032002803949097 -0.051934792655986842 0.00087154314574058801 0.011671686769426291 0.011419933349091122 -0.0044501833242247581 0.022372665031927377 0.0094294034969419696 0 0.0043543865182991788 0.0057755588742483812 -0.0095823608043586056 0.054246479548186399 0.030064103798171829 -0.0096559601573172581 -0.009910873522858861 0.054005057558897333 0.0014625252811536638 0.01545137838490286 -0.022712806989594946 0.0032647984686728828 0.018502928316153033 0.0042593227561290711 -0.0057591504673039119 0.0094318683039415225 0.0049938217045806515 0.015197189762805881 0.0017247463633606722 -0.0046294774110700902 0.03486322247675179 0.013759348431729657 0.0086147788414234101 -0.016536491249962988 -0.0048605625634032222
leaf_weight=312.86826419830322 380.39947025850415 456.3065131008625 13478.765001639724 262.12164732068777 461.4603765681386 480.30017957091331 4292.1256842389703 2282.8879419565201 880.54926574230194 1285.9276299029589 5001.1910458803177 859.08393428474665 395.53320384770632 8897.3134339898825 3435.6365956515074 169.82483710348606 300.28575928509235 2819.9114730060101 14703.386695787311 89.93208484351635 49.7321887165308 729.50678159296513 1287.0092723965645 1422.5872231125832 2030.1209247708321 149.47085425257683 293.35129210352898 776.1449371278286 1129.9734196811914 684.41925412416458 64.736644685268402 215.89759549498558 83.065738916397095 70.677794635295868 68.441284984350204 339.25617024302483 128.22471889853477 316.35004715621471 69.872486650943756 51.369878694415092 527.17915777862072 251.80861349403858 347.38531200587749 105.82612529397011 108.45602245628834
leaf_count=1318 9121 1323 51869 1291 10834 1313 21344 7531 15204 4653 22508 10918 6694 26702 10045 483 1366 10853 42945 386 205 2158 4547 9116 6686 665 1325 4885 3398 1973 300 633 229 205 207 974 372 892 206 215 1706 711 995 482 483
internal_value=0.00557454 0.00587946 0.00508374 0.0217634 -0.0118902 0.00426509 0.00272195 0.00837322 -0.0001742 -0.0178679 0.00162401 -0.00531348 0.00459672 -0.0014241 0.0141838 0.0216528 0.0388074 0.0124617 0.00667468 0.00555809 0.00851299 0.00952235 -0.00571743 0.0519545 0.0282931 -0.010179 -0.00926667 0.0507128 0.00320319 0.0123476 -0.014662 0.0099323 0.00875843 0.00564203 -0.000389772 0.00722219 0.0112657 0.0128098 0.00897626 0 0.0303079 0.0101318 0.0110492 -0.0121508 -0.00291895
internal_weight=72546.7 72166.3 68716.2 3200.04 1515.33 65516.1 56710.9 19215 37495.9 3453.49 34042.4 14337.8 16404.9 9292.85 8805.27 3450.1 1389.3 7112.04 19704.6 1053.87 6294.85 5979.54 2572.94 1684.71 2510.42 315.31 597.566 1089.01 1859.48 4120.06 214.207 2060.8 1504.76 694.273 139.119 555.154 810.484 556.047 239.697 101.102 2810.07 727.419 599.194 399.177 198.388
internal_count=302269 293148 279672 25240 14833 254432 227474 74830 152644 24404 128240 62787 65593 33396 26958 13476 7569 32197 65453 3999 18959 17574 9200 10407 7999 1385 2676 6203 5556 12018 965 5907 4326 2019 412 1607 2307 1581 689 420 9237 2078 1706 1807 869
cat_boundaries=0 1 2 3 4 5 6
cat_threshold=2 1 2 2 2 2
is_linear=0
shrinkage=0.05


Tree=42
num_leaves=59
num_cat=15
split_feature=14 8 8 8 2 14 10 8 2 10 10 1 10 1 2 0 0 10 0 0 13 8 11 0 1 0 7 8 7 4 6 4 7 7 7 4 7 7 7 7 7 3 7 7 7 7 7 7 7 3 7 7 7 7 7 7 7 7
split_gain=471.646 338.386 354.775 344.672 2228.12 760.926 746.711 340.356 513.469 671.911 816.901 354.639 303.449 280.989 271.48 538.731 268.737 266.875 223.293 213.795 166.457 71.4758 45.0647 34.6651 19.6135 9.33766 9.14306 8.17821 8.08839 6.23274 5.3227 8.44552 5.31327 5.23024 5.34028 5.11864 5.96585 4.86957 10.7938 4.38586 3.99818 5.93657 3.63805 5.08166 3.80558 2.37386 7.25774 3.37505 0.960311 0.942615 0.75325 0.73612 3.92804 0.963297 1.55412 0.674506 0.657752 0.349164
threshold=475.00000000000006 101.00000000000001 138.50000000000003 208.00000000000003 0 75.000000000000014 590.00000000000011 420.50000000000006 1 625.00000000000011 590.00000000000011 960.00000000000011 335.00000000000006 600.00000000000011 2 3 4 535.00000000000011 5 6 29.000000000000004 185.50000000000003 42.500000000000007 7 750.00000000000011 8 22.750000000000004 66.000000000000014 21.950000000000003 9 10 11 23.850000000000005 18.950000000000003 25.350000000000005 12 19.050000000000004 23.650000000000002 24.450000000000003 22.950000000000003 23.550000000000004 13 20.750000000000004 20.450000000000003 21.250000000000004 21.850000000000005 22.150000000000002 20.850000000000005 21.950000000000003 14 23.850000000000005 22.150000000000002 21.550000000000004 22.350000000000005 22.750000000000004 25.450000000000003 20.950000000000003 21.850000000000005
decision_type=2 2 2 2 1 2 2 2 1 2 2 2 2 2 1 1 1 2 1 1 2 2 2 1 2 1 2 2 2 1 1 1 2 2 2 1 2 2 2 2 2 1 2 2 2 2 2 2 2 1 2 2 2 2 2 2 2 2
left_child=1 13 14 4 19 6 21 8 12 10 -10 -11 -5 17 25 -16 22 27 26 -4 -14 -6 24 -20 -9 30 -7 -1 35 33 31 48 -33 -27 -35 36 -17 39 -39 -30 41 -31 43 -15 56 47 -47 -32 -3 -37 -24 52 -46 -53 -55 -42 -44 -54
right_child=-2 2 3 7 5 18 -8 16 9 11 -12 -13 20 42 15 28 -18 -19 23 -21 -22 -23 50 -25 -26 29 -28 -29 37 40 45 32 -34 34 -36 49 -38 38 -40 -41 55 -43 44 -45 51 46 -48 -49 -50 -51 -52 53 57 54 -56 -57 -58 -59
leaf_value=0.038787271524009202 -0.050645429119798739 -0.007230777901069952 0.029429345680326898 -0.049806485660532709 0.024584198143022679 0.0023098845947770123 -0.05221190538368229 0.010803716598029159 -0.0087484705938743398 -0.0029772298288440009 -0.055040595936244857 0.029585555456063947 0.010600285576715825 0.0093910482487079144 -0.052301174523417697 -0.0011488148587369151 0.029047380345022324 -0.0039289908790159896 0.037000812818783195 0.054752365578931872 0.0026828294881325681 -0.0073844882150207909 -0.0080137883758875268 0.01755279768826171 0.0046633994579513508 -0.0049232031043578029 -0.0027223787957519423 0.053744465305546378 -0.00028993478710366349 -0.0064486402278252242 -0.0039445609209311011 0.010979547136748011 -0.0040902609748650646 0.0072458851800948562 -0.0058666293875857291 -0.0053994753712015842 -0.012130090280712935 -0.016795161399614979 0.0010633865653796282 0.0097372819288359634 0.0063471051380091532 0.0016603831076251589 0.0045220739177723726 0.020886070812833703 0.012028461720464624 -0.020580964458746336 -0.0030361141634933637 0.0028817838811952519 0 -0.0018329118125587044 -0.016761658023829448 0.015906604783032928 0.0031264009497109211 0.0031557916782862776 0.0098326546691869087 0.0013579453476292719 -0.000647285972484965 -0.00040566569002348343
leaf_weight=305.1325391381979 365.74814246967435 124.89954842627048 1360.2055412977934 234.23003109171987 436.08132041990757 3212.7812631130219 1193.0363817475736 4887.9599261134863 5548.020228356123 2021.8500730320811 1143.2674693763256 1410.9830840528011 11868.591958791018 480.11972361803055 766.25002727657557 173.56542545557022 1999.5936780273914 288.68554626405239 267.22621423006058 2396.5106905251741 15120.554366663098 278.21708911657333 254.77551800012589 2085.2562079429626 1847.5862077921629 95.295528426766396 1237.5325044244528 762.62384176254272 344.53162620961666 241.64193174242973 406.38343580067158 265.52917212247849 63.064808532595634 1342.7566166073084 70.891316935420036 479.90136930346489 566.32177610695362 115.67668408155441 241.73665462434292 143.42574968934059 455.60673248767853 2080.8877078443766 82.371914625167847 143.36455303430557 149.25185380876064 60.648012414574623 472.58232668042183 304.50666783750057 87.795303627848625 411.16616047918797 52.224826961755753 80.562982857227325 121.5765718370676 144.65944653749466 583.49917721748352 118.61219225823879 142.39109899103642 100.62050941586494
leaf_count=1328 9187 423 4641 5935 1275 9642 25065 14722 26117 8838 13547 4617 34315 1384 14272 633 6700 1315 1355 14710 47780 1269 1125 5777 5490 296 3779 5020 1293 752 1351 849 214 3983 221 1786 2191 458 901 519 1351 6300 240 394 425 223 1601 1002 296 1558 238 225 356 423 1671 358 424 298
internal_value=0.00522069 0.00551349 0.00474581 0.00618889 0.0135687 -0.000320111 -0.0281509 0.00420204 0.00209156 -0.00751515 -0.0167357 0.0104395 0.00566749 0.0209273 -0.00424926 -0.0159472 0.0129016 0.038475 0.00750546 0.0456993 0.00616905 0.0121334 0.00827559 0.0199304 0.00913623 0.00188531 0.000896349 0.0499161 -0.004513 0.00312245 -0.00114003 0.00291765 0.00790425 0.00573357 0.00651661 -0.00656258 -0.00967041 -0.000469864 -0.00488024 0.00269332 0.00173005 0.000771234 0.00903707 0.0124011 0.00743173 -0.00295449 -0.00546578 -0.000951753 -0.00457067 -0.00384785 -0.0101415 0.00856712 0.00598256 0.00960558 0.00863466 0.005443 0.00114614 0.00136301
internal_weight=72040.8 71675 68290.2 58856.5 12466.8 8710.13 1907.33 46389.6 37347.5 10124.1 6691.29 3432.83 27223.4 3384.86 9433.68 3242.58 9042.14 1356.44 6802.8 3756.72 26989.1 714.298 7042.55 2352.48 6735.55 6191.1 4450.31 1067.76 2476.33 4405.69 1785.41 541.289 328.594 1508.94 1413.65 1630.95 739.887 845.371 357.413 487.957 2896.75 2322.53 2028.42 623.484 1404.93 1244.12 533.23 710.89 212.695 891.068 307 1180.17 371.449 808.722 728.159 574.219 224.763 222.197
internal_count=302458 293271 279768 236937 67513 48162 27609 169424 141149 53119 39664 13455 88030 13503 42831 23611 28275 7663 20553 19351 82095 2544 21575 7132 20212 19220 13421 6348 9339 13261 5959 1782 1063 4500 4204 6168 2824 3171 1359 1812 8761 7052 5840 1778 4062 4177 1824 2353 719 3344 1363 3398 1079 2319 2094 1709 664 654
cat_boundaries=0 1 2 3 4 5 6 7 8 9 10 11 12 13 14 15
cat_threshold=1 4 4 1 2 4 4 2 1 2 1 2 4 2 1
is_linear=0
shrinkage=0.05


Tree=43
num_leaves=42
num_cat=6
split_feature=14 12 14 9 8 1 8 2 10 10 2 1 2 8 12 10 9 11 10 8 10 1 10 8 1 8 6 7 7 7 7 7 7 7 7 7 7 7 8 7 7
split_gain=448.521 333.449 1136.84 408.366 327.067 327.208 295.521 370.157 633.993 271.24 1491.88 1017.76 760.807 667.297 512.834 282.073 240.743 217.375 211.238 109.079 67.6257 44.7791 18.3478 45.7947 11.6365 7.37352 7.36338 15.1405 7.21479 4.34925 2.75097 6.49015 4.62094 3.35889 1.60364 1.22172 0.908728 0.766516 3.83604 0.747764 0.382913
threshold=475.00000000000006 32.500000000000007 75.000000000000014 0 101.00000000000001 600.00000000000011 420.50000000000006 1 590.00000000000011 625.00000000000011 2 960.00000000000011 3 159.00000000000003 67.500000000000014 335.00000000000006 4 12.500000000000002 535.00000000000011 185.50000000000003 535.00000000000011 750.00000000000011 535.00000000000011 458.00000000000006 750.00000000000011 66.000000000000014 5 18.950000000000003 19.050000000000004 20.550000000000004 22.650000000000002 22.450000000000003 23.950000000000003 22.150000000000002 20.450000000000003 22.150000000000002 24.350000000000005 21.950000000000003 478.00000000000006 20.350000000000005 21.550000000000004
decision_type=2 2 2 1 2 2 2 1 2 2 1 2 1 2 2 2 1 2 2 2 2 2 2 2 2 2 1 2 2 2 2 2 2 2 2 2 2 2 2 2 2
left_child=1 2 3 19 5 18 7 8 17 10 15 -12 13 -11 -14 -9 21 -6 25 -1 -19 22 35 -24 -4 -3 28 -28 -23 39 31 33 -32 -31 -21 -8 -34 40 -39 -7 -36
right_child=-2 4 24 -5 6 29 16 9 -10 12 11 -13 14 -15 -16 -17 -18 20 -20 34 -22 26 23 -25 -26 -27 27 -29 -30 30 32 -33 36 -35 37 -37 -38 38 -40 -41 -42
leaf_value=0.025146201028654572 -0.050470269337872735 0.038902672733835186 0.037193802132248897 -0.050775856444863578 -0.050043010560462647 0.0096424164157222648 0.014156106689668338 -0.049556799266934071 -0.054472875815211111 -0.05174695628653006 -0.053461193870241855 -0.0050092157626404499 0.035218365833922481 0.0046623842199840148 0.0027308434437394486 0.0060970661279401931 0.027944371011550603 0.0058418837755345064 0.00095005847645497795 -0.00019013722999145034 -0.0061041543552413143 -0.012717616906259707 0.010632993669540351 -0.008918945301709549 0.053732582488477648 0.05347844652459012 0.012818982257462953 0.00036517538082931418 0 0.0035293880550101883 0.01339608159655345 -0.0098265054525125892 0 0.012344212873869656 -0.007832284897751526 0.019755147011887124 0.005568822437581859 0 -0.01089545312571257 0.016648877355791243 -0.015979142072395661
leaf_weight=455.63461467623711 348.96469630300999 312.03137791156769 255.02618515491486 419.94190816581249 225.96831501275301 439.05262449383736 525.62644083797932 219.52131483703852 675.60581179708242 536.97183072566986 1877.3362132906914 2557.2767417579889 3668.4043025225401 12590.570694491267 1821.5268332958221 27082.12104383111 1971.3332235515118 2095.0856553465128 286.65386746823788 90.719233989715576 2696.636342510581 135.96775296330452 3579.4130942523479 316.46983495354652 1308.5675880163908 730.91159211099148 322.45134578645229 953.94545981287956 463.60030633211136 692.50521610677242 264.69083198904991 68.187738597393036 80.020615518093109 131.67805546522141 162.01038919389248 427.65450814366341 258.82076479494572 144.89713506400585 152.86503764986992 96.352076604962349 53.067674070596695
leaf_count=1340 9183 1394 1328 10837 5021 1266 1476 5823 9224 10680 29206 9167 14629 37301 5511 82989 6722 6181 1293 392 10610 429 10600 1384 9187 5033 927 2875 1399 2032 751 210 236 374 740 1176 752 645 682 270 255
internal_value=0.00527331 0.00555448 0.021728 -0.00965498 0.00482807 0.0200176 0.00403582 0.00270283 -0.00936819 0.00407024 0.0012568 -0.0256061 0.00886022 0.00231357 0.0244729 0.00562976 0.012608 -0.00318886 0.0392152 0.006924 -0.000869284 0.00807016 0.0106053 0.00901318 0.0513203 0.049576 0.00146918 0.0036254 -0.00302326 0.00729675 0.00577349 0.00383435 0.00844994 0.00512875 -0.00693632 0.0168988 0.0041696 -0.0080076 -0.00562672 0.0112771 -0.0106852
internal_weight=71496.1 71147.1 3042.73 1479.14 68104.4 3360.9 64743.5 56047 5693.3 50353.7 31736.3 4434.61 18617.5 13127.5 5489.93 27301.6 8696.46 5017.69 1329.6 1059.19 4791.72 6725.13 4849.16 3895.88 1563.59 1042.94 1875.96 1276.4 599.568 2031.31 1495.9 892.371 603.532 824.183 603.559 953.281 338.841 512.84 297.762 535.405 215.078
internal_count=301530 292347 25406 14891 266941 13611 253330 226342 31036 195306 127185 38373 68121 47981 20140 88812 26988 21812 7720 4054 16791 20266 14636 11984 10515 6427 5630 3802 1828 5891 4355 2616 1739 2406 2714 2652 988 2322 1327 1536 995
cat_boundaries=0 1 2 3 4 5 6
cat_threshold=2 2 4 4 2 1
is_linear=0
shrinkage=0.05


Tree=44
num_leaves=41
num_cat=8
split_feature=14 12 14 0 13 1 8 10 2 0 2 8 12 2 10 0 0 10 8 1 0 10 1 7 8 8 7 7 7 7 7 7 7 7 7 7 7 7 7 7
split_gain=424.726 305.265 1079.01 387.18 295.205 433.185 306.05 354.25 1214.27 977.502 752.967 606.812 463.231 446.498 247.567 221.223 211.525 196.919 78.2538 29.1814 16.3073 13.1356 57.3576 10.797 8.60286 5.57125 3.89019 6.06192 2.36071 5.18012 4.04843 1.44045 2.59548 1.81849 1.31931 1.01757 0.773894 0.615381 0.789012 0.816741
threshold=475.00000000000006 32.500000000000007 75.000000000000014 0 17.000000000000004 600.00000000000011 420.50000000000006 625.00000000000011 1 2 3 159.00000000000003 67.500000000000014 4 335.00000000000006 5 6 470.00000000000006 185.50000000000003 750.00000000000011 7 535.00000000000011 600.00000000000011 20.950000000000003 247.00000000000003 317.50000000000006 20.550000000000004 20.150000000000002 24.650000000000002 23.050000000000004 22.450000000000003 19.950000000000003 20.850000000000005 18.550000000000004 20.350000000000005 23.050000000000004 20.650000000000002 25.450000000000003 24.950000000000003 23.050000000000004
decision_type=2 2 2 1 2 2 2 2 1 1 1 2 2 1 2 1 1 2 2 2 1 2 2 2 2 2 2 2 2 2 2 2 2 2 2 2 2 2 2 2
left_child=1 2 3 18 5 -3 7 8 9 24 12 -12 16 -13 -10 19 -9 -16 -1 21 -4 34 -23 -14 -6 37 27 -21 29 30 -20 33 36 -27 -8 -28 -33 38 39 -7
right_child=-2 4 20 -5 6 25 15 10 14 -11 11 13 23 -15 17 -17 -18 -19 28 26 -22 22 -24 -25 -26 31 35 -29 -30 -31 -32 32 -34 -35 -36 -37 -38 -39 -40 -41
leaf_value=0.02221687849144531 -0.05029896878962134 0.053206817066557693 0.035093206940102574 -0.050619132340888218 -0.0022205392271351185 0.0088929577928817463 0.02230232915447496 0.054652545091786991 -0.049400265075884173 -0.053255173397789339 -0.051542600393737918 0.0053433837918695848 0.0057515936663562897 -0.051340515099611739 0.0090505892258154631 0.027465803692185042 0.02673554649464864 0.00057479040559395669 -0.0038211930229677428 0.0020783754236792171 0.053496234597074768 -0.011428919184843631 0.01073832313752987 -0.0025127843068092118 -0.0081010352467477832 0.0066940923125472056 0.0042080811420243868 -0.011980964626243484 -0.013952084790337188 0.0060948639749924009 -0.017402709062983069 0.0085267578327858466 0.012616337898252925 0.018653526317714792 0.014360346582827328 0.0089546220020745703 0.002103762657789241 0.002701830384067452 0.014897189344873371 0.0053555808438282603
leaf_weight=443.7472926825285 333.23056077212095 685.66520392894745 243.19859236478806 402.82297107204795 1273.7566200494766 1563.3636769205332 123.47045873105526 938.03892585635185 213.91613401472569 1802.2169572748244 504.95369479060173 12690.169751182199 1269.2931745797396 347.10152395814657 10190.262206077576 1933.5395566225052 2634.7037635743618 20929.166945900768 374.8939642906189 1111.724922388792 1254.1313781738281 307.47149400413036 3571.5714949071407 555.2084487080574 1285.3751894831657 70.58596895635128 469.03739246726036 71.720036432147026 64.501688361167908 93.866198644042015 61.294550493359566 261.54370737075806 1432.9880962222815 242.88883656263351 835.34044988453388 216.23004938662052 94.013155460357666 80.707786157727242 76.684217154979706 337.02609512209892
leaf_count=1329 9187 4940 1307 10893 4638 4517 335 5422 5940 29348 10520 37496 3797 6604 30116 6689 9163 74792 1686 3326 9216 1360 10599 1711 4562 205 1397 227 298 407 283 760 4109 680 2350 630 279 236 215 981
internal_value=0.00518079 0.00544871 0.021207 -0.00963649 0.0047652 0.0166507 0.00385174 0.00246654 -0.000465259 -0.0251534 0.007992 0.00168873 0.0237659 0.00379222 0.00297647 0.0125921 0.0342113 0.00335387 0.00654674 0.00826192 0.050793 0.0103134 0.00894352 0.00320944 -0.00521363 0.0105 0.00289768 0.00109119 -0.00524 -0.00384854 -0.00618903 0.0124034 0.0115868 0.0164054 0.0156543 0.00588498 0.00706923 0.00848098 0.00867695 0.00832311
internal_weight=71391.4 71058.2 2938.46 1441.13 68119.7 4845.47 63274.3 54634.2 35694.7 4361.35 18939.5 13542.2 5397.24 13037.3 31333.3 8640.11 3572.74 31119.4 1038.3 6706.57 1497.33 4837.85 3879.04 1824.5 2559.13 4159.8 1868.71 1183.44 594.556 530.055 436.189 2102.02 1788.54 313.475 958.811 685.267 355.557 2057.78 1977.07 1900.39
internal_count=302550 293363 25419 14896 267944 16922 251022 224109 149396 38548 74713 54620 20093 44100 110848 26913 14585 104908 4003 20224 10523 14644 11959 5508 9200 11982 5580 3553 2674 2376 1969 6033 5148 885 2685 2027 1039 5949 5713 5498
cat_boundaries=0 1 2 3 4 5 6 7 8
cat_threshold=2 1 4 1 4 2 2 2
is_linear=0
shrinkage=0.05


Tree=45
num_leaves=61
num_cat=15
split_feature=14 8 8 8 2 14 10 0 8 2 10 10 1 10 1 10 0 2 0 0 13 8 11 0 1 2 4 8 4 7 7 4 7 7 7 7 7 7 4 7 7 3 7 7 7 7 7 7 7 7 3 7 7 7 7 7 7 7 7 7
split_gain=395.699 262.758 263.257 293.506 1804.4 595.324 678.815 259.763 256.802 394.51 480.436 772.777 271.524 250.185 241.507 268.965 216.546 466.177 190.06 172.498 138.37 46.7105 38.1093 23.3878 22.3391 20.4435 8.92978 7.30332 6.33368 10.2474 6.26144 6.1619 12.8059 5.84098 4.4568 4.35878 4.21185 6.3913 4.06344 3.74669 3.50227 4.71437 3.26973 2.00484 3.60723 1.70794 1.65923 1.54435 1.25965 0.939134 0.91878 0.891076 0.673001 0.873296 0.529811 0.413453 0.335601 2.46738 0.335033 0.232608
threshold=475.00000000000006 101.00000000000001 138.50000000000003 208.00000000000003 0 75.000000000000014 590.00000000000011 1 420.50000000000006 2 625.00000000000011 590.00000000000011 750.00000000000011 335.00000000000006 600.00000000000011 535.00000000000011 3 4 5 6 29.000000000000004 185.50000000000003 42.500000000000007 7 750.00000000000011 8 9 66.000000000000014 10 19.250000000000004 24.950000000000003 11 20.950000000000003 20.750000000000004 20.450000000000003 18.550000000000004 24.950000000000003 23.650000000000002 12 19.650000000000002 23.650000000000002 13 18.750000000000004 22.150000000000002 22.350000000000005 25.050000000000004 25.050000000000004 18.950000000000003 21.550000000000004 21.950000000000003 14 21.050000000000004 24.250000000000004 22.550000000000004 25.250000000000004 21.550000000000004 18.450000000000003 19.250000000000004 20.250000000000004 20.050000000000004
decision_type=2 2 2 2 1 2 2 1 2 1 2 2 2 2 2 2 1 1 1 1 2 2 2 1 2 1 1 2 1 2 2 1 2 2 2 2 2 2 1 2 2 1 2 2 2 2 2 2 2 2 1 2 2 2 2 2 2 2 2 2
left_child=1 14 16 4 7 6 21 -4 9 13 11 -11 -12 -5 15 27 17 31 22 30 -15 -6 24 -21 -10 26 47 -1 29 42 -7 32 58 34 56 -28 37 -30 -24 -31 41 -33 -27 49 -45 -37 -42 -18 -34 51 -49 -35 53 -46 -54 -53 -16 -58 -3 -59
right_child=-2 2 3 8 5 19 -8 -9 18 10 12 -13 -14 20 33 -17 25 -19 -20 23 -22 -23 38 -25 -26 28 35 -29 36 39 -32 40 48 43 -36 45 -38 -39 -40 -41 46 -43 -44 44 52 -47 -48 50 -50 -51 -52 55 54 -55 -56 -57 57 59 -60 -61
leaf_value=0.037839525750202684 -0.050138184520383558 0.01626418100724579 0.024995094248152699 -0.049181096803762779 0.021390879769720206 0.0015603037524285156 -0.051751294065659807 0.054012809774109584 0.0098929434868166716 -0.0072628876933472338 -0.049916217642466905 -0.054326883454779276 0.012040413843798297 0.0092285059461462322 0.014166282837494682 -0.0055589309831428693 0 -0.051784161970378197 0.025101409008983572 0.032918269968526197 0.002023839397792796 -0.0042982803436506954 -0.0015030759372881093 0.015958467441411887 0.0033971674955870224 -0.0018382507361576689 -0.0090358156331942566 0.052960969292307196 -5.7936075438979928e-05 -0.01908663757690382 -0.0054859395196074426 -0.015290368426083282 0.00053888586404782224 0.00026624388431864559 0.020008257914073839 0.0012099037836272816 0.0096315625203475842 -0.012336890810856494 -0.014128974551570223 -0.0067618323980384414 0.0036825113422414369 -0.004554976801730168 0.009631589072049437 0.017866344244795041 0.0021192307758670227 0.0058456284590689793 -0.0041137179723307413 0.0039805307095824366 -0.0070870536061369491 -0.0011622934876716665 0.0073107644133300525 0.0068828730555058823 0.0015425818492854197 0.0088788774717161682 0.0066103631256056858 0.0026847145790757218 0.0013437097418103534 0.012767039730542003 0.0072287056726815227 0.0071300828714629914
leaf_weight=285.01550540328026 319.79008482769132 83.798260495066643 1272.8509862273932 203.0344574674964 435.2881445735693 4131.6925406754017 1028.6063322275877 2104.5773452818394 4814.4928978383541 5480.3380750790238 177.32890611886978 1029.2641203477979 3137.0728298574686 11940.441709250212 70.089983433485031 293.52292431890965 101.78580088913441 666.15627333521843 1908.2609416544437 236.66829996556044 15134.227060303092 284.20858500897884 111.51259627938271 2067.776794090867 1880.2723934203386 111.97834134101868 88.635652869939804 655.22145092487335 1170.2386778742075 67.57552096247673 329.09471322596073 112.91444055736065 59.004129707813263 130.71615381538868 143.4450499266386 2574.6088517010212 85.714486613869667 107.50074972212315 189.26415422558784 820.5475790053606 160.68427748978138 1043.4580646753311 109.41762079298496 77.157067731022835 87.822487697005272 215.36043733358383 101.46863476932049 417.18916353583336 169.61197961866856 70.62185937166214 1009.801441192627 251.56464110314846 173.80597294867039 349.42540158331394 105.50585559010506 165.06482791900635 121.93958480656147 150.91196961700916 74.912804558873177 158.56735862791538
leaf_count=1319 9237 256 4609 5902 1317 12406 24884 14700 14638 26016 3308 13728 10076 34685 197 1344 310 14071 6745 1311 47791 1298 493 5784 5602 412 278 4940 4374 265 1014 399 193 388 398 7790 310 423 860 3168 528 3508 387 215 258 638 345 1246 583 210 2988 732 513 1008 305 485 362 431 237 463
internal_value=0.0044962 0.00475167 0.00407403 0.00533165 0.0123329 4.59169e-05 -0.0258737 0.0431977 0.00351872 0.00168579 -0.00689896 -0.014784 0.00857036 0.0047808 0.0185317 0.0359448 -0.00370341 -0.0163651 0.0111404 0.00677911 0.00520531 0.011255 0.00729451 0.0178566 0.0080838 0.000855655 0.00290049 0.0488763 -0.00276556 -0.0055566 0.00101818 -0.00305876 0.00240011 0.00793812 0.0119677 0.00123009 -0.00043401 -0.00121762 -0.00980781 -0.00795735 -0.00459067 -0.00576821 0.00378552 0.00599073 0.00771771 0.0016052 0.000440915 0.00598484 -0.00496921 0.0036054 0.00640642 0.00432008 0.00632525 0.00771072 0.003792 0.00543871 0.00922395 0.008005 0.012977 0.0103489
internal_weight=70858.8 70539 67248.6 57896.3 11890.8 8513.34 1748.1 3377.43 46005.5 37101.7 9824 6509.6 3314.4 27277.7 3290.4 1233.76 9352.36 2472.01 8903.8 6765.23 27074.7 719.497 6995.54 2304.45 6694.77 6880.35 4407.38 940.237 2472.97 1109.52 4460.79 1805.85 387.327 2056.64 644.954 2878.6 1363.45 1277.74 300.777 888.123 1418.53 1156.37 221.396 1411.68 793.717 2789.97 262.153 1528.78 228.616 617.967 1426.99 547.346 716.56 437.248 279.312 416.629 501.509 431.419 158.711 309.479
internal_count=302681 293444 279876 237167 67323 48014 27499 19309 169844 141506 53128 39744 13384 88378 13568 7603 42709 20120 28338 20515 82476 2615 21593 7095 20240 22589 13250 6259 9339 4232 13420 6049 1269 5965 1851 8706 5107 4797 1353 3433 4780 3907 799 4114 2299 8428 873 4544 776 1815 4234 1605 2084 1266 818 1217 1453 1256 493 894
cat_boundaries=0 1 2 3 4 5 6 7 8 9 10 11 12 13 14 15
cat_threshold=1 4 4 1 4 2 4 2 4 2 4 1 2 2 2
is_linear=0
shrinkage=0.05


Tree=46
num_leaves=47
num_cat=9
split_feature=14 12 14 0 8 8 2 10 10 2 0 2 8 12 1 10 10 0 11 8 10 0 1 8 8 8 7 7 7 8 6 7 7 8 7 7 7 7 7 7 7 7 8 4 7 7
split_gain=375.313 277.113 996.247 337.726 247.846 275.236 343.738 532.904 275.524 1102.55 962.784 578.904 575.462 458.54 251.727 252.02 235.676 201.155 184.836 65.817 59.3067 19.4117 16.0913 10.2991 20.3094 10.0697 7.06932 6.65625 4.98656 4.05366 3.80896 4.84661 3.71928 2.6618 2.23761 5.74205 2.8419 1.94069 1.36434 1.14153 0.942775 0.87877 0.678062 0.582336 0.254821 0.0128799
threshold=475.00000000000006 32.500000000000007 75.000000000000014 0 101.00000000000001 420.50000000000006 1 590.00000000000011 625.00000000000011 2 3 4 159.00000000000003 67.500000000000014 600.00000000000011 535.00000000000011 335.00000000000006 5 12.500000000000002 185.50000000000003 535.00000000000011 6 750.00000000000011 458.00000000000006 503.00000000000006 66.000000000000014 20.950000000000003 20.250000000000004 23.850000000000005 450.00000000000006 7 18.850000000000005 18.450000000000003 478.00000000000006 22.750000000000004 22.350000000000005 21.850000000000005 24.750000000000004 25.250000000000004 21.650000000000002 23.450000000000003 23.050000000000004 478.00000000000006 8 23.050000000000004 23.450000000000003
decision_type=2 2 2 1 2 2 1 2 2 1 1 1 2 2 2 2 2 1 2 2 2 1 2 2 2 2 2 2 2 2 1 2 2 2 2 2 2 2 2 2 2 2 2 1 2 2
left_child=1 2 3 19 14 6 7 18 9 16 -11 12 -10 -13 15 25 -8 22 -6 -1 -20 -4 23 29 -25 -3 27 -21 34 -7 31 -24 -32 39 35 36 -16 43 -39 -28 -35 -19 -29 -30 -36 -43
right_child=-2 4 21 -5 5 17 8 -9 11 10 -12 13 -14 -15 28 -17 -18 41 20 26 -22 -23 30 24 -26 -27 33 42 37 -31 32 -33 -34 40 44 -37 -38 38 -40 -41 -42 45 -44 -45 -46 -47
leaf_value=0.019612953766000217 -0.049971263218262646 0.03656756644697292 0.033478455243663635 -0.050293928657234144 -0.049582563237343086 0.014728605867165121 -0.04900847431123144 -0.053806603319488271 -0.051200978978260814 -0.0040121958573219934 -0.052910805464885607 0.033112462247932288 0.0046725628377501252 0.0020948452463776346 0.0067442080892728788 -0.0042658058524604895 0.0046336920584080805 0.027414842037652661 0.0040277852263801341 -0.0091338621352040818 -0.007150341104019884 0.053052971005863162 0.017107686700606237 -0.0061819169081227228 0.010204557422707265 0.052738163501044745 -0.010927748314259196 0.014825510241830906 -0.0058188952121866998 0.0094624100070273744 -0.0054710625918445123 0.0044531225920818301 0.0030704834467657209 -0.015616534699195456 0.017191883258445732 -0.0020863775363665089 0.013879023716434041 0.0086017860959205356 0 -0.0018975361325597887 -0.0053054855048526818 0.01362263562448447 0.0040257076472907894 0 0.009174382646427115 0.023041150187666132
leaf_weight=434.76115867495537 305.38795847445726 285.17070429027081 238.15896078944206 365.85873287916183 205.38140112161636 490.35723009705544 196.22160551324487 599.70222580060363 468.30199243873358 2574.4729708880186 1647.5045817643404 3409.5754378139973 12561.762267172337 1836.3627628087997 1102.9454837143421 298.85515312850475 27265.129048109055 1388.3246056735516 2114.0564689487219 61.061996161937714 2671.5190446972847 1147.8142639696598 97.730076238512993 303.26378980278969 461.56690841913223 635.15146636962891 46.127736389636993 47.223654478788376 69.946880862116814 3564.895114466548 128.47577366232872 365.42848174273968 1281.7233697324991 149.24020923674107 73.955622926354408 148.61482691764832 186.71743321418762 89.310535252094269 94.011109203100204 165.31243944168091 62.03476870059967 84.426889777183533 56.408711522817612 99.0405243486166 137.33793039619923 412.71212932467461
leaf_count=1333 9242 1359 1351 10878 5004 1380 5971 9176 10711 9260 29090 14568 37199 5547 3222 1369 83804 4937 6268 273 10579 9252 273 1325 1323 5012 224 203 212 10677 395 1084 3822 693 207 445 528 257 279 750 279 310 242 293 397 1484
internal_value=0.00444293 0.00468771 0.0201526 -0.00974848 0.0040471 0.00336477 0.00207535 -0.00966917 0.00339228 0.000569793 -0.0231852 0.00827962 0.0026229 0.0222888 0.0175639 0.0353897 0.00423088 0.0116961 -0.00425872 0.00506191 -0.00220381 0.0499891 0.00759993 0.00913488 0.00364668 0.0482282 -0.00577214 0.00267119 0.00656081 0.0101462 0.00359647 0.00753414 0.00222406 -0.00916301 0.00771304 0.00683933 0.0079145 0.000963868 0.00451287 -0.00449788 -0.0131915 0.0260944 0.0102586 -0.00264386 0.0128566 0.0218404
internal_weight=70429.3 70124 2774 1388.03 67350 64128.9 55550 5590.66 49959.3 31683.3 4221.98 18276 13030.1 5245.94 3221.06 1219.18 27461.4 8578.9 4990.96 1022.17 4785.58 1385.97 6693.44 4820.08 764.831 920.322 587.41 164.694 2001.88 4055.25 1873.36 463.159 1410.2 422.715 1649.57 1438.28 1289.66 352.309 183.322 211.44 211.275 1885.46 103.632 168.987 211.294 497.139
internal_count=302487 293245 25478 14875 267767 254187 227177 31027 196150 128125 38350 68025 47910 20115 13580 7740 89775 27010 21851 3997 16847 10603 20279 14705 2648 6371 2664 718 5840 12057 5574 1357 4217 1946 4799 4195 3750 1041 536 974 972 6731 445 505 604 1794
cat_boundaries=0 1 2 3 4 5 6 7 8 9
cat_threshold=2 2 4 4 4 2 2 2 4
is_linear=0
shrinkage=0.05


Tree=47
num_leaves=44
num_cat=8
split_feature=14 12 14 0 11 1 11 8 2 13 12 12 11 1 0 8 2 14 12 12 8 0 11 8 1 14 8 3 7 7 8 7 7 7 7 7 7 7 6 4 7 7 7
split_gain=352.851 256.503 894.576 344.475 262.775 410.344 273.836 223.547 180.257 359.3 241.124 212.861 200.166 1428.75 178.569 143.311 128.496 712.617 162.124 91.9108 65.3979 24.6187 24.4955 24.0639 19.611 12.6146 40.0928 8.43343 8.22586 7.11291 5.47316 6.32759 3.98297 3.39621 2.54432 2.36598 2.18479 4.16882 2.38224 1.35835 1.16003 0.528772 0.314543
threshold=475.00000000000006 32.500000000000007 75.000000000000014 0 6.5000000000000009 600.00000000000011 4.0000000000000009 420.50000000000006 1 27.500000000000004 42.500000000000007 39.000000000000007 26.500000000000004 750.00000000000011 2 101.00000000000001 3 115.00000000000001 67.500000000000014 36.500000000000007 185.50000000000003 4 5.5000000000000009 401.00000000000006 750.00000000000011 30.000000000000004 458.00000000000006 5 21.150000000000002 20.450000000000003 317.50000000000006 23.050000000000004 22.250000000000004 20.450000000000003 23.850000000000005 20.850000000000005 22.150000000000002 21.650000000000002 6 7 22.550000000000004 21.650000000000002 25.250000000000004
decision_type=2 2 2 1 2 2 2 2 1 2 2 2 2 2 1 2 1 2 2 2 2 1 2 2 2 2 2 1 2 2 2 2 2 2 2 2 2 2 1 1 2 2 2
left_child=1 2 3 20 5 -3 -7 8 9 15 11 -11 13 19 24 -6 18 -18 -14 -10 40 -4 30 -17 25 26 -9 29 33 -26 31 -8 -27 -24 36 -32 37 -22 -38 -29 41 -1 -30
right_child=-2 4 21 -5 7 6 22 14 12 10 -12 -13 16 -15 -16 23 17 -19 -20 -21 34 -23 28 -25 27 32 -28 39 42 -31 35 -33 -34 -35 -36 -37 38 -39 -40 -41 -42 -43 -44
leaf_value=0.019372841150682441 -0.049784428640185528 0.052501632705975132 0.031161469754976759 -0.050150074407575976 0.037243220695720926 -0.048775750987621616 0.0086411656298005773 0.008615301329444932 0.012616717215029001 -0.052434557839188038 -0.052476598530660161 -0.0055426337774948445 0.001474847495182404 -0.052600024675715978 0.024318267527024741 0.0015508440818779107 0.053883848356080767 0.005300581503853285 0.012832943516787227 0.0010135237499938428 -0.0013604027520315121 0.052838332744337725 0.014017127127746692 -0.013196390350029622 -0.013335769479067661 0.010322314605510821 -0.010104388212526844 0.00682735255957591 0.018889023987297367 0.00011729942522936718 0.007959071333713123 0.0019568838861802485 0.017896126398424115 0.0064218509079076698 -0.011292915006628556 0.012207621636871247 -0.0048580126533584699 -0.014293681572578459 0.0072704995130685127 0.0031761612461037045 0.026254602021964266 0.010194887772921032 0.011301485965659596
leaf_weight=187.52456215023994 288.2568633556366 600.09518998116255 224.56830334663391 352.02619279921055 273.58597777038813 185.3744931705296 1536.53171415627 3474.8451204299927 2099.2912618964911 279.91249153017998 495.68408796191216 1506.8530394583941 21350.365566037595 1268.0103000998497 1840.7868691980839 3334.2379201203585 834.56378619372845 7170.9721366018057 3677.9948436617851 9018.5486724227667 265.36647866666317 1078.0129805207253 483.81962585449219 291.39296895265579 115.21107739210129 530.19792245328426 300.90476237237453 442.68799556791782 1184.7202796936035 422.88161601126194 657.48214061558247 495.22739163041115 390.00826865434647 294.75640106201172 102.15204721689224 1405.9196979850531 55.278158128261566 77.381694078445435 88.517480999231339 902.35463257133961 157.32182940840721 93.666702806949615 103.64309310913086
leaf_count=578 9140 4957 1312 10969 1336 5905 4460 10461 5903 4628 9619 6032 74602 23794 6697 11035 5419 29235 10648 28659 1193 9100 1365 1324 365 1520 1331 1300 3287 1275 1924 1463 1088 854 473 4056 249 368 385 2684 473 297 294
internal_value=0.00447573 0.00470813 0.0198483 -0.00818449 0.00409821 0.0132995 0.00950865 0.00303027 0.00179549 -0.00620586 -0.0219178 -0.0131674 0.00288671 -0.00252991 0.0105806 0.00301102 0.0049193 0.0104324 0.00315041 0.00321832 0.00649383 0.0494052 0.0113463 0.000318815 0.00669829 0.00842893 0.0070875 0.00233445 0.0158312 -0.00286267 0.00903742 0.00705397 0.0137439 0.011323 -0.00432772 0.0109229 -0.00256667 -0.0047445 0.00227022 0.00445628 0.0209056 0.0169424 0.0184089
internal_weight=69938.9 69650.7 2681.82 1379.24 66968.9 6947.57 6347.47 60021.3 51601.4 6181.67 2282.45 1786.77 45419.7 12385.9 8419.88 3899.22 33033.9 8005.54 25028.4 11117.8 1027.21 1302.58 6162.1 3625.63 6579.09 4695.96 3775.75 1883.14 2066.94 538.093 4095.16 2031.76 920.206 778.576 588.696 2063.4 486.544 342.748 143.796 1345.04 438.513 281.191 1288.36
internal_count=302057 292917 25397 14985 267520 28565 23608 238955 212234 33974 20279 10660 178260 58356 26721 13695 119904 34654 85250 34562 4016 10412 17703 12359 20024 14400 11792 5624 5800 1640 11903 5923 2608 2219 2668 5980 2195 1561 634 3984 1348 875 3581
cat_boundaries=0 1 2 3 4 5 6 7 8
cat_threshold=2 2 2 4 2 4 4 2
is_linear=0
shrinkage=0.05


Tree=48
num_leaves=45
num_cat=7
split_feature=14 12 14 0 8 1 11 8 2 13 11 12 12 14 14 0 8 8 8 0 8 8 1 8 7 7 7 7 4 7 7 7 8 7 7 4 7 4 7 7 7 7 7 7
split_gain=331.564 237.608 935.47 299.86 213.226 220.685 247.477 214.344 281.249 296.504 198.96 193.257 186.189 162.981 528.028 161.179 78.1589 25.4579 15.5019 14.3405 10.6474 35.7411 10.6854 9.57157 4.81074 3.79799 3.64338 4.26586 3.30897 1.69828 1.45953 1.31937 1.22304 1.16327 0.875877 4.15078 2.49354 1.16617 0.841713 0.82513 0.74344 0.693244 0.519005 0.377402
threshold=475.00000000000006 32.500000000000007 75.000000000000014 0 101.00000000000001 600.00000000000011 29.000000000000004 420.50000000000006 1 27.500000000000004 4.0000000000000009 42.500000000000007 39.000000000000007 15.000000000000002 50.000000000000007 2 185.50000000000003 238.00000000000003 401.00000000000006 3 503.00000000000006 458.00000000000006 750.00000000000011 66.000000000000014 22.150000000000002 24.350000000000005 23.850000000000005 23.050000000000004 4 22.850000000000005 22.350000000000005 24.750000000000004 533.00000000000011 25.450000000000003 20.950000000000003 5 21.150000000000002 6 21.850000000000005 22.150000000000002 25.050000000000004 23.850000000000005 20.050000000000004 21.250000000000004
decision_type=2 2 2 1 2 2 2 2 1 2 2 2 2 2 2 1 2 2 2 1 2 2 2 2 2 2 2 2 1 2 2 2 2 2 2 1 2 1 2 2 2 2 2 2
left_child=1 2 3 16 5 6 23 8 9 17 -10 12 -11 24 -15 20 43 29 -19 -4 21 22 -9 -3 -12 -23 27 30 38 -6 -18 34 -17 -33 35 42 -36 -37 -22 -30 -28 -38 -7 -1
right_child=-2 4 19 -5 7 31 -8 15 10 11 13 -13 -14 14 -16 32 26 18 -20 -21 28 25 -24 -25 -26 -27 40 -29 39 -31 -32 33 -34 -35 36 37 41 -39 -40 -41 -42 -43 -44 -45
leaf_value=0.013996855148282895 -0.049634787785359624 0.035896842236833877 0.034189400060700863 -0.050000541236290101 -0.0048690215858674842 0.0074232380151926097 -0.0054047849549834145 0.0085328814303725561 -0.048558696796404295 -0.052123820700481882 0.01159966672432714 -0.052224399604702258 -0.0067574743356008 -0.051033818665327073 0.0029209838075282503 0.025964635954372497 -0.0057747856968175153 0.0040599596588192311 -0.0079084883197578157 0.052646614090594082 0.01068761129975759 -0.012376668431064367 0.0038463877601928199 0.052272887462391171 0.015719803542469529 0.0017660863949939837 -0.021086401469915556 0.0059832656695606766 0.020815728022654075 -0.009416923146386454 -0.014391449174205182 0.014024348574338864 0.02102365934053833 0.0040569487353196388 -0.0028738260024711781 0.0056300979440938835 0.0059209086215957088 0 0.0020685099664634172 0.011473555294269484 -0.0069902873114321452 0.0017504366044606538 0.014087273052297617 0.021912598366727661
leaf_weight=155.46025995910168 277.56626199744642 272.95903441309929 224.47489984333515 336.96907784789801 836.77013206481934 143.24028547108173 294.03491625189781 3987.2499032318592 176.2865777015686 270.64090278744698 2238.0878639519215 469.10834453627467 1207.0037779510021 447.9900238737464 45186.807951524854 908.31515368819237 364.80953858792782 2142.348349198699 297.71197527647018 1039.5111366137862 75.742738470435143 262.76733306050301 1853.6364095807076 567.06191033124924 1463.4489264190197 47.466938316822052 57.363768219947815 54.871562734246254 168.34491237998009 354.35790507495403 71.041047543287277 110.6947213858366 874.41031144559383 75.882497146725655 87.10718160867691 235.29434198141098 876.89922514557838 153.16440233588219 77.519570767879486 125.32100954651833 43.263305813074112 164.85930423438549 172.80570061504841 279.95145091414452
leaf_count=491 9221 1373 1336 11004 3306 418 1358 11972 5878 4706 6523 9554 4679 10721 168661 3207 1666 6346 1347 9191 216 1185 5506 4904 4204 195 275 236 464 1404 331 313 3372 221 263 692 2568 460 229 358 200 484 493 863
internal_value=0.00393516 0.00415773 0.018882 -0.00980143 0.0035735 0.016246 0.0338085 0.00294053 0.0018052 -0.00882655 0.00300549 -0.0245167 -0.0153948 0.00320055 0.00237916 0.0103866 0.00369818 -0.000356796 0.00255296 0.0497021 0.00675151 0.00617613 0.00706326 0.0474953 0.0132801 -0.0100691 -0.00804089 -0.00587671 0.0142526 -0.00633078 -0.00758268 0.00624336 0.0236998 0.0106375 0.00571378 0.00728385 0.00463466 0.00349239 0.00702808 0.0175028 -0.0166576 0.00533138 0.0115406 0.0195763
internal_weight=69530.6 69253.1 2627.72 1363.73 66625.3 3154 1134.06 63471.3 55090.6 5577.94 49512.6 1946.75 1477.64 49336.3 45634.8 8380.77 1026.76 3631.19 2440.06 1263.99 6598.05 6151.12 5840.89 840.021 3701.54 310.234 591.349 490.722 446.928 1191.13 435.851 2019.95 1782.73 186.577 1833.37 704.505 1128.87 388.459 153.262 293.666 100.627 1041.76 316.046 435.412
internal_count=302394 293173 25593 15066 267580 13547 7635 254033 227329 31342 195987 18939 9385 190109 179382 26704 4062 12403 7693 10527 20125 18858 17478 6277 10727 1380 2708 2233 1267 4710 1997 5912 6579 534 5378 2063 3315 1152 445 822 475 3052 911 1354
cat_boundaries=0 1 2 3 4 5 6 7
cat_threshold=2 2 2 2 2 4 2
is_linear=0
shrinkage=0.05


Tree=49
num_leaves=52
num_cat=12
split_feature=12 1 0 11 1 10 2 0 2 12 8 2 10 8 0 8 0 8 2 10 0 8 12 10 11 8 7 8 8 7 8 7 7 8 7 7 7 7 7 7 7 3 7 7 7 7 7 7 3 3 7
split_gain=233.384 726.462 370.899 226.112 387.175 259.187 1215.56 734.459 384.316 580.06 512.792 340.713 237.163 210.868 205.6 193.416 173.103 120.201 109.19 270.31 87.9471 86.7197 39.7598 28.3804 17.2857 10.9641 8.62865 8.49985 5.10197 3.71899 6.04618 3.24695 7.58525 3.46924 3.23655 3.00021 2.85094 2.681 2.51611 2.39121 5.53597 1.61138 2.72834 1.70787 0.958888 4.08838 2.83764 0.909679 0.529915 0.422683 0.311785
threshold=32.500000000000007 750.00000000000011 0 6.5000000000000009 600.00000000000011 625.00000000000011 1 2 3 57.500000000000007 159.00000000000003 4 345.00000000000006 420.50000000000006 5 437.50000000000006 6 26.500000000000004 7 590.00000000000011 8 185.50000000000003 36.500000000000007 535.00000000000011 5.5000000000000009 450.00000000000006 20.750000000000004 171.00000000000003 317.50000000000006 21.650000000000002 247.00000000000003 20.950000000000003 21.750000000000004 478.00000000000006 18.150000000000002 18.550000000000004 22.450000000000003 21.250000000000004 20.550000000000004 22.450000000000003 22.750000000000004 9 19.550000000000004 25.150000000000002 24.350000000000005 24.750000000000004 23.950000000000003 18.850000000000005 10 11 25.250000000000004
decision_type=2 2 1 2 2 2 1 1 1 2 2 1 2 2 1 2 1 2 1 2 1 2 2 2 2 2 2 2 2 2 2 2 2 2 2 2 2 2 2 2 2 1 2 2 2 2 2 2 1 1 2
left_child=1 2 21 4 -2 6 7 15 9 14 -10 16 -6 17 -7 29 25 -8 22 -20 23 27 -19 -15 28 -12 38 -1 39 37 -31 49 -33 36 -11 -18 -34 -5 -26 47 -41 43 -43 -36 46 -46 -30 -14 -35 -23 -28
right_child=3 -3 -4 5 12 8 13 -9 10 34 11 -13 24 20 -16 -17 35 18 19 -21 -22 31 -24 -25 26 -27 50 -29 44 30 -32 32 33 48 41 -37 -38 -39 -40 40 -42 42 -44 -45 45 -47 -48 -49 -50 -51 -52
leaf_value=0.031542762821881586 0.052070838480013197 0.052448329378770212 -0.049825192547049139 -0.0046651557582715374 -0.048350833389103065 0.053605788912429203 0.034828191256935578 -0.052612948172784446 -0.050871101325460334 -0.0034754225414325747 0.012504866798143966 -0.050276912689809494 0.0022166408989429316 0.0097133048770822201 0.024292251246823823 -0.04947481078617802 -0.0047423396665118422 0.0069141689766193757 -0.0022367899872881166 -0.053787115606376758 0.02275198111464341 0.0042717732081944343 0.0019452862322126918 -0.0075487371695147328 0.0098594256174629104 0.0084555203905892374 0.016483700744656261 0.017580170358626503 0.0098808930864186153 -0.0035471342194869555 -0.014121206010453399 -0.017382235466653104 0.01184992502959252 -0.010258306500279884 0.0071742994601061002 0.00028364920354380634 -0.0012677041238577345 0.0025409366371849981 0.0003675017358137874 -0.0066091114458667836 0.0055586689773140987 0.0042835044642514598 0.0012110930174294066 0 -0.0031609267547360606 0.0099595536236164791 0.020145640883307475 0.0078995788599409405 -0.0029604088791844352 -0.00013895401611697052 0.010016895009018902
leaf_weight=214.70574221014977 546.21313910186291 975.90405298769474 317.28897581994534 1840.0611983090639 168.28135267458856 802.60596163570881 264.21476590633392 1539.2292391695082 429.83113752305508 179.3618793040514 3685.4080180823803 275.71711530536413 111.23358233273029 910.11076048016548 2492.4490634202957 265.64038199186325 297.16020205616951 5212.2825166732073 5316.22230566293 257.33322903513908 1799.1173529028893 85.646200940012932 17877.894725456834 309.71802613139153 513.1713433265686 3513.3143032342196 1341.6309693753719 414.04361814260483 1719.4728622436523 300.01956377923489 280.32485812902451 100.11136332154274 50.869799569249153 72.382724910974503 421.4153057038784 8540.6254776418209 108.11275254189968 123.35520496964455 94.266845211386681 100.04693633317947 548.51175303757191 1399.8299174010754 1629.4020132273436 106.66620051860809 71.925732403993607 188.57533079385757 82.263681709766388 1259.2231503427029 90.626491501927376 78.104764848947525 119.30360844731331
leaf_count=1318 4946 9039 10859 6628 5873 5465 1367 29426 10778 549 10738 6641 330 2626 9126 9246 907 16392 23406 2666 6741 375 55356 1380 1473 10628 3766 1305 5013 1091 1022 489 224 336 1242 25580 492 427 279 305 1605 4162 4910 322 220 549 229 3674 410 342 341
internal_value=0.0040168 0.0189671 -0.00253177 0.00345316 0.0120455 0.00246863 -0.000188424 -0.0249593 0.00652564 0.0163274 0.00239858 0.00383562 0.00850045 0.00318859 0.0315881 -0.0096576 0.00479985 0.00187168 0.00155411 -0.00471791 0.0157431 0.0100878 0.00307161 0.00526402 0.0101402 0.01055 0.0139155 0.0228456 0.0081854 -0.00530253 -0.00889213 -0.00367385 -0.00598333 -0.00187183 0.00280861 0.000103836 0.00308653 -0.0041765 0.00849719 0.0062702 0.00353388 0.00314832 0.00265675 0.00577342 0.00999702 0.00616915 0.0104858 0.00749394 -0.0068956 0.00199329 0.0160613
internal_weight=69441.2 2507.8 1531.89 66933.4 6864.12 60069.3 36295.5 4348.63 23773.8 7031.73 16742.1 16312.2 6317.91 31946.9 3295.06 2809.4 16036.5 28927.9 28663.7 5573.56 3018.95 1214.6 23090.2 1219.83 6149.63 7198.72 2068.37 628.749 4081.25 2543.76 580.344 585.854 422.103 321.992 3736.68 8837.79 158.983 1963.42 607.438 2019.02 648.559 3557.31 3029.23 528.082 2062.24 260.501 1801.74 1370.46 163.009 163.751 1460.93
internal_count=302614 25189 16150 277425 28603 248822 157774 47840 91048 25776 65272 54494 23657 109934 14591 18414 47853 99187 97820 26072 10747 5291 71748 4006 17784 21366 5859 2623 11925 9168 2113 2668 1951 1462 11185 26487 716 7055 1752 5914 1910 10636 9072 1564 6011 769 5242 4004 746 717 4107
cat_boundaries=0 1 2 3 4 5 6 7 8 9 10 11 12
cat_threshold=2 1 4 1 4 2 2 4 2 2 4 4
is_linear=0
shrinkage=0.05


Tree=50
num_leaves=32
num_cat=13
split_feature=14 12 14 0 11 1 10 10 2 0 2 1 14 1 8 8 2 14 8 0 11 0 8 4 8 4 4 4 4 4 8
split_gain=299.497 237.047 741.319 308.785 191.727 381.745 220.921 184.113 858.137 887.589 346.791 269.844 240.997 597.44 207.438 120.7 141.904 84.5808 58.9163 31.6719 31.0365 26.5015 6.81719 5.19146 4.78678 9.55864 4.35598 2.76244 1.47003 0.895036 0.476649
threshold=475.00000000000006 32.500000000000007 75.000000000000014 0 6.5000000000000009 600.00000000000011 345.00000000000006 625.00000000000011 1 2 3 960.00000000000011 115.00000000000001 750.00000000000011 420.50000000000006 26.500000000000004 4 30.000000000000004 185.50000000000003 5 5.5000000000000009 6 247.00000000000003 7 317.50000000000006 8 9 10 11 12 478.00000000000006
decision_type=2 2 2 1 2 2 2 2 1 1 1 2 2 2 2 2 1 2 2 1 2 1 2 1 2 1 1 1 1 1 2
left_child=1 2 3 18 5 -3 -7 8 9 22 -9 12 13 -12 15 -10 -17 -16 -1 -19 24 -4 23 -6 25 -8 -14 -26 -24 -22 -20
right_child=-2 4 21 -5 7 6 20 10 14 -11 11 -13 26 -15 17 16 -18 19 30 -21 29 -23 28 -25 27 -27 -28 -29 -30 -31 -32
leaf_value=0.020914106413092496 -0.049314052489824386 0.051879541848823811 0.029420189295818074 -0.049684915584268907 -0.0070070346870097144 -0.048146222103780931 0.0098726650582148957 -0.05007666709395521 0.035347126974041347 -0.052440442117073043 0.0070845659305294323 0.022372049433695251 0.0022450410716349299 0.05334250148718065 -0.0091687785194758294 0.003153554212885849 -0.0057408698949951327 0.010716064116364526 -0.004906103533798791 0.022405538767760583 0.012114418500026914 0.052270235726724457 -0.003393964021287818 0.0007143854607881779 0.010748388933960301 0.0025164044158338039 -6.3969148569908895e-05 0.0066646629697509219 -0.007413352606078798 0.01563138235975281 -0.0016084535433356873
leaf_weight=424.69739547371864 254.06287734396756 527.61050561070442 213.03408762812614 305.03954250365496 265.2857172191143 160.89571319147944 678.88470189273357 262.65927354991436 254.61925721168518 1460.0380450673401 7540.189565513283 2430.5068389475346 2545.6128628998995 760.49404227733612 302.26141363382339 22880.998836159706 5564.4582336619496 943.17450384795666 278.89495521783829 1743.2029836624861 701.9332769215107 936.42795161157846 424.66753454506397 999.04598298668861 953.7138786315918 1335.136550500989 9986.3041936159134 1074.8160213530064 846.28875544667244 1348.5888559818268 299.7178640216589
leaf_count=1333 9265 5003 1345 10941 984 5877 1964 6614 1350 29257 31936 9064 7591 5418 1357 71044 26116 2716 1290 6614 2004 9087 1490 3613 2777 3966 30009 3174 3027 3804 1349
internal_value=0.00382409 0.00402923 0.0192498 -0.00646787 0.00345876 0.0114183 0.00791952 0.00254449 0.000278792 -0.0215265 0.00597742 0.00663371 0.00478529 0.0113877 0.00303552 0.0017255 0.00141048 0.0155513 0.00698285 0.0183749 0.00948467 0.0483687 -0.00356789 -0.000908781 0.00689056 0.00505728 0.00040249 0.00865246 -0.00614636 0.0145164 -0.00333923
internal_weight=68703.3 68449.2 2457.81 1308.35 65991.4 6781.58 6253.97 59209.8 35684 3995.33 23525.8 23263.1 20832.6 8300.68 31688.7 28700.1 28445.5 2988.64 1003.31 2686.38 6093.07 1149.46 2535.29 1264.33 4042.55 2014.02 12531.9 2028.53 1270.96 2050.52 578.613
internal_count=301379 292114 25345 14913 266769 28569 23566 238200 147568 38371 90632 84018 74954 37354 109197 98510 97160 10687 3972 9330 17689 10432 9114 4597 11881 5930 37600 5951 4517 5808 2639
cat_boundaries=0 1 2 3 4 5 6 7 8 9 10 11 12 13
cat_threshold=2 1 4 2 4 2 2 1 2 1 4 2 2
is_linear=0
shrinkage=0.05


Tree=51
num_leaves=52
num_cat=13
split_feature=14 12 14 0 8 1 10 8 10 0 2 8 1 14 10 0 8 0 4 1 2 8 6 7 7 4 4 7 7 7 4 7 7 4 7 7 7 7 7 7 7 7 7 6 7 7 7 7 7 7 7
split_gain=280.971 216.002 749.679 279.042 216.125 183.552 199.035 172.44 175.743 154.26 372.164 109.044 135.854 528.522 244.869 124.795 43.0789 20.1017 16.0717 15.2674 13.4206 8.46264 7.01772 7.10775 10.1452 6.16833 5.36656 4.01928 3.18168 2.53091 2.3679 11.65 6.49772 2.00143 2.00095 1.90931 4.526 2.12751 1.59567 6.99055 3.49101 2.31899 2.18279 1.02231 0.847279 0.577344 0.428891 0.250605 0.230393 0.217182 0.20376
threshold=475.00000000000006 32.500000000000007 75.000000000000014 0 101.00000000000001 600.00000000000011 535.00000000000011 144.50000000000003 335.00000000000006 1 2 420.50000000000006 960.00000000000011 355.00000000000006 625.00000000000011 3 185.50000000000003 4 5 750.00000000000011 6 66.000000000000014 7 21.550000000000004 22.650000000000002 8 9 25.050000000000004 20.750000000000004 23.050000000000004 10 21.550000000000004 22.450000000000003 11 18.650000000000002 23.950000000000003 21.650000000000002 20.550000000000004 21.950000000000003 22.350000000000005 21.050000000000004 20.650000000000002 22.850000000000005 12 21.850000000000005 22.550000000000004 20.450000000000003 20.550000000000004 21.050000000000004 20.550000000000004 21.250000000000004
decision_type=2 2 2 1 2 2 2 2 2 1 1 2 2 2 2 1 2 1 1 2 1 2 1 2 2 1 1 2 2 2 1 2 2 1 2 2 2 2 2 2 2 2 2 1 2 2 2 2 2 2 2
left_child=1 2 3 16 5 6 21 9 -9 10 30 12 13 -10 -14 19 44 -4 28 -13 25 -3 35 33 26 -20 -25 -22 34 -26 31 -6 -32 49 -11 36 37 -7 40 -40 41 -18 -41 -30 47 -38 -35 -1 -17 -24 -49
right_child=-2 4 17 -5 7 22 -8 8 11 18 -12 15 14 -15 -16 48 38 -19 20 -21 27 -23 23 24 29 -27 -28 -29 43 -31 32 -33 -34 46 -36 -37 45 -39 39 42 -42 -43 -44 -45 -46 -47 -48 50 -50 -51 -52
leaf_value=0.016888567012435608 -0.049139493174442675 0.03505947288571927 0.030997850848094196 -0.049531290301669223 0.0077647186549257147 0.0034809063510019876 -0.0015250927273972863 -0.047944481719296515 0.0026756201722861312 -0.0084938671672969909 -0.051012567245654908 0.0074708781517065287 -0.005541839526330015 -0.05145441401792468 0.021412203773005074 0.023999151643980331 -0.005168585998669907 0.052101276487521414 0.0012266376042855834 0.0020652201006748079 -0.0026427064770065526 0.051671332412375183 0.0088517960239097235 0.0064287620895779789 0.018831188453641626 0.0054811195377736672 -0.005901005154282617 0.0062804810199554367 -0.0035827179902512586 0.0079486661601999731 -0.0069348824209660327 -0.010354481325151418 0.00014222363931130441 0.010916809226695962 -0.0001562436511298807 -0.0040285473897835027 0.013714956398452133 -0.0055667613277422404 0.01355653680533043 -0.01259084703000289 -0.012161778825801968 0.0060487124628871847 -0.0013091458268579129 -0.0080528897064160495 0.020433085954303487 0.0048588501799038458 0.01628758631134105 0.0045189697859639279 0.019592847360333246 0.0032204248811274865 0.011891146398342885
leaf_weight=76.537066102027893 241.42287242412567 248.80627800524235 208.10845971107483 290.87716387584805 199.14191490411758 124.07396627962589 293.84516543149948 154.05352999269962 41112.766326628625 78.923505157232285 535.07483299076557 4720.9256398081779 1281.228712528944 445.89077135547996 2418.0656914561987 504.41355682909489 119.99814900755882 900.96936474740505 2011.0259115546942 1856.9475774914026 1854.0237199217081 498.54090365022421 90.466548815369606 135.84185263514519 78.271010160446167 1530.5557140111923 209.97153423726559 123.01641635596752 260.3191032409668 351.85911636054516 937.05469186604023 144.04126673936844 471.89379915595055 284.8287320882082 451.59023453295231 93.238374322652817 71.770961433649063 112.8690832555294 56.594377368688583 56.115936011075974 123.71121349930763 59.424340352416039 166.79017202556133 564.21670506894588 217.46560174226761 77.582287237048149 301.41316699981689 69.713279485702515 1232.6580501049757 88.889549389481544 64.037189841270447
leaf_count=243 9224 1355 1341 10934 628 369 1356 5889 155771 275 14121 14663 4557 9111 9150 1929 534 9161 6064 5542 7039 4951 263 396 219 4539 640 454 850 1020 3167 499 1567 826 1498 282 203 346 243 264 607 262 756 1893 689 228 854 231 4767 263 207
internal_value=0.00361123 0.00380542 0.0184814 -0.00723894 0.00326556 0.0162185 0.0331882 0.00263156 0.00371314 -0.00370341 -0.0149207 0.00387154 0.00290174 0.00208141 0.0120736 0.0091343 0.00525356 0.0484985 3.81148e-05 0.00595789 0.00124486 0.0467429 0.00733131 0.00897598 0.00537962 0.00308962 -0.000872566 -0.00203351 -0.00481302 0.0104254 -0.00364347 0 -0.00454504 0.0124401 -0.00162332 0.00186677 0.00348161 -0.000677419 -0.00352537 -0.000556512 -0.0059979 -0.00106629 -0.00478261 -0.00676134 0.0171328 0.010022 0.0139889 0.0127202 0.021031 0.00664238 0.00897812
internal_weight=68601.9 68360.4 2410.34 1301.26 65950.1 3062.27 1041.19 62887.8 53726.9 9160.88 2287.21 53572.9 45258 41558.7 3699.29 8314.94 1010.39 1109.08 6873.67 6577.87 5518.62 747.347 2021.08 1541.54 775.944 3541.58 345.813 1977.04 1355.05 430.13 1752.13 343.183 1408.95 765.598 530.514 479.535 386.296 236.943 582.634 279.5 303.134 179.422 222.906 824.536 427.753 149.353 586.242 210.288 1737.07 179.356 133.75
internal_count=302240 293016 25472 14970 267544 13571 7662 253973 211379 42594 19982 205490 178589 164882 13707 26901 4036 10502 22612 20205 18096 6306 5909 4481 2275 10603 1036 7493 4516 1239 5861 1127 4734 2206 1773 1428 1146 715 2666 1263 1403 796 1020 2743 1370 431 1680 681 6696 526 438
cat_boundaries=0 1 2 3 4 5 6 7 8 9 10 11 12 13
cat_threshold=2 1 4 2 2 1 4 2 4 2 1 1 1
is_linear=0
shrinkage=0.05


Tree=52
num_leaves=61
num_cat=21
split_feature=12 1 0 8 1 10 10 8 2 0 8 11 10 2 11 2 2 8 8 4 8 7 6 8 4 0 7 7 8 7 6 5 7 6 7 3 6 5 6 4 7 5 7 7 7 7 7 7 7 7 3 6 7 7 7 7 7 7 7 7
split_gain=204.686 644.623 320.834 196.066 198.531 171.845 155.422 133.358 124.355 390.844 80.1705 79.8789 115.403 991.196 525.223 324.322 277.442 174.238 13.4762 9.92209 9.75097 12.7879 7.75077 6.75272 5.81623 6.60287 5.83281 5.75325 5.54266 4.5048 4.49765 3.569 3.39442 3.39063 2.99624 2.56443 2.19335 2.15143 2.08976 1.4763 4.08675 3.4551 2.38295 2.368 2.30572 4.42168 2.56553 2.19386 1.707 0.979312 0.970031 0.907309 0.83642 0.541458 0.342877 0.840585 0.302673 0.20924 1.08217 0.207324
threshold=32.500000000000007 750.00000000000011 0 101.00000000000001 600.00000000000011 535.00000000000011 335.00000000000006 144.50000000000003 1 2 185.50000000000003 6.5000000000000009 625.00000000000011 3 32.500000000000007 4 5 420.50000000000006 66.000000000000014 6 317.50000000000006 19.450000000000003 7 478.00000000000006 8 9 20.050000000000004 20.050000000000004 171.00000000000003 22.050000000000004 10 11 19.950000000000003 12 20.650000000000002 13 14 15 16 17 21.250000000000004 18 23.950000000000003 20.550000000000004 21.450000000000003 22.150000000000002 19.850000000000005 20.550000000000004 24.650000000000002 20.850000000000005 19 20 21.150000000000002 19.350000000000005 24.350000000000005 23.350000000000005 18.550000000000004 21.550000000000004 22.150000000000002 19.850000000000005
decision_type=2 2 1 2 2 2 2 2 1 1 2 2 2 1 2 1 1 2 2 1 2 2 1 2 1 1 2 2 2 2 1 1 2 1 2 1 1 1 1 1 2 1 2 2 2 2 2 2 2 2 1 1 2 2 2 2 2 2 2 2
left_child=1 2 10 4 5 18 -5 8 24 -10 28 20 13 14 -13 -14 -17 -15 -2 30 21 56 -21 29 25 32 36 -22 -1 33 -11 -28 -8 -12 -27 -29 -26 -31 -30 44 41 43 57 53 46 -46 -6 -48 -44 -25 -23 -51 -49 -41 55 -47 -9 -42 -59 -43
right_child=3 -3 -4 6 39 -7 7 11 9 19 23 12 15 17 -16 16 -18 -19 -20 22 27 50 -24 49 26 34 31 35 38 37 -32 -33 -34 -35 -36 -37 -38 -39 -40 40 42 59 48 -45 45 54 47 52 -50 51 -52 -53 -54 -55 -56 -57 -58 58 -60 -61
leaf_value=0.029573694995081102 0.032697705477387061 0.05193754137214629 -0.049399045425058678 -0.047683537039679709 0.0001483660332040496 0.00041863589988141455 0.0063695022427846908 0.0034382443606961119 -0.050865725791530515 -0.0040955304888358251 0.0031445053391303936 -0.052097180405455495 -0.049896359746781194 0.0021044350672458274 -0.0064801644209805222 0.002469125427914881 0.014453718373257159 0.015118487513925166 0.051517127093771445 -0.011641767090916084 0.013623366625999823 0.0092134829856005181 -0.0033920015576617175 -0.0030475761840022845 -0.0077477834294706425 0.00095592767462604391 -0.00053986913814584676 0 0.0086497668126118196 0.012231824214368303 0.0036430270075401942 0.0028505014780690762 -0.0031026448887672533 -0.010927061825737727 0.0061097897325186638 0.0068018570912115016 -0.0016575303104123783 0 0.019580540705436716 0 0.016550776110634147 0.011708319822959053 -0.0004599442610921092 -0.0059198527339541637 -0.0065185354127594852 0.0047169303069013162 0.014749841825099867 0.0015662068318989548 0.0083904474664385116 -0.017112390864320658 0.014506509302977491 -0.0075670807466397053 0.0092096747053928615 0.0056535887348364063 0.0069723098356709373 -0.00099990531476670742 -0.00014900139161546985 0.0050927984795083835 0.012496187959789221 0.0053711214928761925
leaf_weight=192.97793817520142 239.69304855912924 864.44351267069578 280.54923326522112 145.01225201971829 113.76660713553429 291.14282029867172 103.88199156522751 67.423285827040672 511.52459466457367 260.53372877836227 67.322160005569458 1248.7389113716781 252.48851247876883 20730.14072547853 1277.4561947733164 16496.627246428281 6829.4221293181181 2929.9466091543436 491.65118238329887 381.89908382296562 333.81124851107597 224.67818492650986 1216.4308530539274 80.113378942012787 290.55401742458344 415.75476768612862 2270.979403167963 141.72045448422432 100.36582800745964 84.394408777356148 585.19777400791645 1155.4185471981764 505.40732926130295 79.878908276557922 1105.4499764740467 1567.8364765495062 357.18929426372051 49.359478875994682 314.78988622128963 74.483842864632607 92.0115005671978 72.055494874715805 81.68587164580822 100.62156574428082 109.52720935642719 173.08939215540886 118.9164400100708 112.70747691392899 106.58716721832752 60.22303269803524 1609.0752993524075 156.00053229928017 68.703405976295471 96.277720347046852 118.4627240896225 74.991727113723755 150.57799363136292 122.78495298326015 237.96221531927586 117.2932406514883
leaf_count=1277 1346 9211 11052 5801 342 1338 333 198 14144 989 309 29375 6648 67308 4566 58951 25692 10677 5114 1494 963 648 4639 350 924 1252 7076 429 331 371 2180 3560 1699 383 3266 4639 1112 224 1006 224 260 207 243 309 335 510 341 336 308 288 4571 725 199 285 344 225 450 359 684 346
internal_value=0.00342131 0.0179585 -0.00226026 0.00290602 0.015346 0.0331569 0.00230922 0.0024326 -0.0031393 -0.0115626 0.00917395 0.00338157 0.00282651 0.000539166 -0.0291656 0.0053634 0.00598482 0.00372385 0.0459409 -0.00314259 0.0100913 0.0125823 -0.00545439 -0.00408696 0.000877243 0.00298922 -0.000219546 0.00751663 0.0217057 0.00131365 0.00118068 0.000593819 -0.00133016 -0.00438275 0.0047493 0.00622285 -0.00454167 0.00779933 0.0173212 0.00605847 0.00737258 0.00349949 0.009983 0 0.0043126 0.00173879 0.00704296 0.00940463 0.00446883 -0.00924619 0.0139386 -0.0110856 0.00505205 0.00336213 0.00444654 0.00282328 0.000843302 0.0120218 0.0103165 0.00849988
internal_weight=68510 2330.42 1465.97 66179.6 3014.42 1022.49 63165.2 63020.2 9160.22 2955.59 1185.43 53859.9 49764.8 26186.3 2526.2 23578.5 23326 23660.1 731.344 2444.06 4095.12 2051.75 1598.33 577.292 6204.64 2130.49 4074.14 2043.37 608.134 280.955 845.732 3426.4 609.289 147.201 1521.2 1709.56 647.743 133.754 415.156 1991.93 1101.76 460.732 641.032 271.383 890.165 476.071 414.094 300.327 188.273 296.337 1833.75 216.224 181.411 170.762 366.544 248.081 218.001 452.759 360.747 189.349
internal_count=302766 25527 16316 277239 13655 7798 263584 257783 42668 23446 5264 215115 203217 111926 33941 91291 84643 77985 6460 9302 11898 5867 6133 2650 19222 6550 12672 6031 2614 1287 3169 10636 2032 692 4518 5068 2036 595 1337 5857 3225 1371 1854 818 2632 1414 1218 876 551 1363 5219 1013 535 509 1079 735 648 1303 1043 553
cat_boundaries=0 1 2 3 4 5 6 7 8 9 10 11 12 13 14 15 16 17 18 19 20 21
cat_threshold=2 4 1 1 2 4 2 2 2 1 1 1 4 1 4 1 2 4 1 1 2
is_linear=0
shrinkage=0.05


Tree=53
num_leaves=63
num_cat=11
split_feature=12 1 0 8 1 10 10 2 0 2 1 8 8 10 2 10 0 11 8 0 8 1 1 10 8 8 7 7 8 8 7 7 7 7 7 7 7 8 7 4 7 7 7 5 7 8 6 7 7 4 7 7 7 7 7 7 7 7 7 7 7 7
split_gain=198.018 617.961 298.691 193.072 177.075 162.474 151.875 861.137 714.881 309.48 225.781 171.392 167.592 146.662 125.776 252.272 93.5346 62.3971 61.2416 34.7681 32.6289 1151.77 61.5585 25.651 12.8024 11.9886 7.56272 6.08771 5.53601 4.49368 4.34009 4.01754 3.56336 3.46754 3.45089 2.98194 2.5379 2.43778 2.27765 2.18709 3.32233 2.27278 3.08836 2.15824 2.0361 1.77469 1.53361 1.26759 1.74409 2.71425 1.05637 3.80102 2.49459 2.47746 0.895203 0.869731 0.394517 0.928672 0.255901 0.289391 0.20173 0.178381
threshold=32.500000000000007 750.00000000000011 0 101.00000000000001 600.00000000000011 535.00000000000011 625.00000000000011 1 2 3 960.00000000000011 437.50000000000006 420.50000000000006 335.00000000000006 4 590.00000000000011 5 6.5000000000000009 185.50000000000003 6 254.50000000000003 750.00000000000011 750.00000000000011 535.00000000000011 66.000000000000014 283.00000000000006 19.750000000000004 21.450000000000003 247.00000000000003 478.00000000000006 21.650000000000002 24.450000000000003 24.250000000000004 18.350000000000005 22.950000000000003 25.350000000000005 20.450000000000003 171.00000000000003 22.750000000000004 7 22.650000000000002 22.250000000000004 21.950000000000003 8 22.050000000000004 533.00000000000011 9 18.850000000000005 20.050000000000004 10 22.450000000000003 23.750000000000004 21.650000000000002 20.750000000000004 20.750000000000004 21.450000000000003 19.650000000000002 19.750000000000004 25.250000000000004 24.550000000000004 24.250000000000004 22.850000000000005
decision_type=2 2 1 2 2 2 2 1 1 1 2 2 2 2 1 2 1 2 2 1 2 2 2 2 2 2 2 2 2 2 2 2 2 2 2 2 2 2 2 1 2 2 2 1 2 2 1 2 2 1 2 2 2 2 2 2 2 2 2 2 2 2
left_child=1 2 18 4 5 24 7 8 11 -8 16 28 13 -9 17 -16 20 -15 37 23 21 -11 -22 31 -2 35 -27 47 33 50 36 -14 -30 -5 -32 -18 -31 60 45 44 41 42 -41 -39 -29 -21 -25 -6 -49 54 52 -52 53 -20 -50 56 -12 -58 59 -42 -1 -46
right_child=3 -3 -4 6 27 -7 9 12 -10 10 55 -13 19 14 15 -17 25 -19 29 38 22 -23 -24 46 -26 26 -28 39 32 30 34 -33 -34 -35 -36 -37 -38 43 -40 40 58 -43 -44 -45 61 -47 -48 48 49 -51 51 -53 -54 -55 -56 -57 57 -59 -60 -61 -62 -63
leaf_value=0.027333239336555171 0.032354842212793007 0.051778799445092775 -0.049220105070947179 -0.010334521222514081 0.0032793009513573143 0.00055093354428929016 -0.049722646020612493 -0.047533971438852768 -0.05205995194800811 -0.050736566921332896 0.020423624137436151 -0.048767974549165767 0.012903893232356706 0.0089062641051891826 -0.002757563163212138 -0.053401301794079828 0.0017255255541277989 0.0021778140011059692 0.0064136126921357246 0.022961004484151601 0.0088625627674776674 0.053024236404730141 0.00089534726853110263 0.00061571135790886174 0.051290925052977845 -0.0068655571850844595 -0.00078568454146749934 0.012949643383934492 -0.0048550527359589772 -0.0085413097035823664 -0.018404448579880921 0.0019107180910988017 -0.01618067962747605 -0.00014241374468450499 -0.0030676190265496624 0.0076927858333644822 0.0047284971826397652 0.019358604582625196 0.01483918241527038 -0.0036588323991314747 0.0040254432228070515 -0.0077907226979293132 0.0081006513548239883 0.0094397493813238378 0.0013970447073619451 0.016997662090607206 -0.0067977659730169421 0.01447521315036236 -0.0018659121184964459 0.010076798353159803 -0.010900149002219422 0.0062127107586461708 0.012506089507780885 -0.0066383809579897805 0.0054485589037713521 0.023321307262292371 0.0076693328162476156 0.017332774647126334 0.00097866907177606463 0.0088333013895803263 0.010440514030419408 0.0052041797283961834
leaf_weight=164.37450358271599 231.45635324716568 827.67390722036362 264.04178380407393 80.849653497338295 110.97420391440392 286.08404371142387 243.59101707488298 141.17097290791571 1302.8539251051843 412.22882956266403 1123.4637165814638 216.721265418455 806.78966385126114 4054.6071204990149 4951.996261999011 249.0686642229557 4287.7986420094967 23024.79889562726 64.542990118265152 607.79634623229504 7110.0467295199633 720.09369456768036 3702.2666649371386 79.869723603129387 453.28662424534559 587.76369053125381 3793.0770326852798 100.03608983755112 1187.9972681701183 46.727193370461464 89.120205745100975 108.95159690082073 71.479351222515106 1175.9326160252094 80.260285496711731 217.68485371768475 88.67679063975811 261.95327332615852 526.64701296389103 124.35318996012211 244.49386179447174 96.916058108210564 83.512310326099396 141.67733199894428 99.286480575799942 559.73776772618294 227.81563678383827 219.24427358806133 69.537074282765388 481.28533683717251 52.020299270749092 55.715387880802155 49.21784733235836 60.96666556596756 67.575699374079704 606.2945954054594 70.316681817173958 612.74995194375515 68.142042353749275 82.419727772474289 29.57365545630455 175.04562999308109
leaf_count=1117 1333 9243 10901 305 329 1314 6718 5909 29405 10710 4344 9115 2318 11849 21903 2695 12831 71590 285 2292 21349 5448 11112 347 4939 1794 11335 285 4234 206 430 325 269 4278 366 639 398 843 2101 377 722 298 242 470 296 2314 1010 629 212 1403 241 251 218 298 198 2331 279 2387 202 238 205 514
internal_value=0.0031208 0.0175907 -0.00212617 0.00261725 0.0150046 0.0324602 0.00202424 0.000124535 -0.0217252 0.00520545 0.00580437 -0.00710878 0.00262668 0.00158989 0.00182092 -0.00529021 0.00411888 0.00319003 0.0086511 0.0140861 0.00700698 0.0150923 0.00614246 0.00750411 0.04552 0.000227677 -0.00162657 0.006484 -0.00332211 -0.00274469 -0.00689065 0.0116847 -0.0056596 -0.000913954 -0.011992 0.00204131 0 0.019793 0.0187379 0.00377317 0.00197268 -0.00180131 0.000991138 0.0163103 0.00687002 0.0203132 -0.00475716 0.00943017 0.0101378 0.00831455 0.00164058 -0.00184956 0.00404688 0 0.00152445 0.0202582 0.01908 0.0165351 0.0049803 0.00561219 0.0256408 0.00409974
internal_weight=68132.7 2276.54 1448.87 65856.1 2993.65 970.827 62862.5 39375.1 4035.83 23487.4 23243.8 2732.98 35339.2 32421.6 32280.5 5201.06 20831 27079.4 1184.83 2917.61 11944.6 1132.32 10812.3 1223.43 684.743 8886.32 4380.84 2022.82 2516.26 587.248 304.784 915.741 1259.48 1256.78 169.38 4505.48 135.404 597.579 1694.18 1074.21 699.837 304.782 207.866 403.631 374.368 1167.53 307.685 948.617 837.642 618.398 282.463 107.736 174.728 125.51 137.113 2412.82 1806.53 683.067 395.056 326.914 193.948 274.332
internal_count=302539 25472 16229 277067 13531 7586 263536 172259 47606 91277 84559 18201 124653 113946 108037 24598 75218 83439 5328 10707 48619 16158 32461 4000 6272 26599 13129 5945 9086 2693 1400 2643 4503 4583 796 13470 604 2635 6707 3174 2079 917 619 1313 1095 4606 1357 2771 2442 1813 1293 492 801 583 410 9341 7010 2666 1162 960 1322 810
cat_boundaries=0 1 2 3 4 5 6 7 8 9 10 11
cat_threshold=2 1 4 2 4 2 2 2 1 2 1
is_linear=0
shrinkage=0.05


Tree=54
num_leaves=42
num_cat=6
split_feature=14 12 14 0 11 1 10 10 2 1 2 1 14 1 8 8 14 14 8 0 11 1 7 7 7 5 12 7 7 7 7 7 7 7 7 7 7 7 7 7 4
split_gain=233.987 163.651 664.317 225.49 161.348 313.054 173.968 122.422 625.757 801.172 282.668 222.169 195.49 574.182 110.314 81.3781 67.6407 58.089 34.1325 25.3415 19.0308 14.3225 9.08508 6.60836 11.0383 4.34086 3.24404 3.23864 2.8891 4.49562 3.22659 2.71524 2.41371 1.69281 3.33367 1.55948 1.54659 1.18693 0.316384 1.47666 0.140817
threshold=475.00000000000006 32.500000000000007 75.000000000000014 0 6.5000000000000009 600.00000000000011 345.00000000000006 625.00000000000011 1 960.00000000000011 2 960.00000000000011 115.00000000000001 750.00000000000011 437.50000000000006 26.500000000000004 30.000000000000004 245.00000000000003 185.50000000000003 3 5.5000000000000009 690.00000000000011 20.750000000000004 20.950000000000003 24.050000000000004 4 67.500000000000014 18.150000000000002 23.850000000000005 22.950000000000003 24.850000000000005 22.350000000000005 21.950000000000003 19.550000000000004 20.450000000000003 19.350000000000005 24.350000000000005 19.050000000000004 21.750000000000004 20.750000000000004 5
decision_type=2 2 2 1 2 2 2 2 1 2 1 2 2 2 2 2 2 2 2 1 2 2 2 2 2 1 2 2 2 2 2 2 2 2 2 2 2 2 2 2 1
left_child=1 2 3 18 5 -3 -7 8 9 -6 -9 12 13 -12 15 -10 36 -17 25 -4 33 -18 35 27 -25 38 -14 -11 29 31 -30 -20 -27 37 -35 -22 -16 -8 39 -1 -13
right_child=-2 4 19 -5 7 6 20 10 14 23 11 40 26 -15 16 17 21 -19 28 -21 22 -23 -24 24 -26 32 -28 -29 30 -31 -32 -33 -34 34 -36 -37 -38 -39 -40 -41 -42
leaf_value=0.01794910260583623 -0.048611972351519775 0.051095676988962974 0.028050353763130465 -0.04905342743819717 -0.051912864271186292 -0.047259134307436723 0.0067493124616269332 -0.049479807950471355 0.030496587301484981 0.0024926240249194781 0.0056241658663917912 0.018077048852646608 -0.00054862647640780142 0.052802667863530751 -0.010165728003461341 -0.00097881125371827578 0.0073852257706027193 0.003485748991570425 -0.0025318057067426091 0.051614359296670104 0.0028569859988584086 0.018044403059325372 0.014797437745999854 0.0038525793063625235 -0.010273799291831158 -0.00020029412606211531 0.0017198899885619426 -0.0052596342652083275 -0.020245437513151721 0.0089752501294312372 -0.0020138649311036158 -0.013776639005431851 0.011602000798138385 0.0017105233781786865 0.0066420259927082049 0.008909874464553786 0 0.012964218171527845 0.021632955388364364 0.0047972702330859344 0.02136956428283826
leaf_weight=63.936903551220894 207.99764496088028 428.06358304619789 194.44468556344509 250.36624258756638 1237.9450763240457 132.70929829776287 298.49410890042782 227.40459558740258 231.149737611413 132.36106081306934 7470.1160235367715 1061.5935398340225 10739.251117944717 696.7916331589222 265.60051400959492 14132.465114768595 434.58112981915474 14993.12555937469 357.29292193055153 779.73800418525934 196.91428132355213 1662.6339746415615 1418.8307389914989 642.23156523704529 164.87448260188103 68.461943686008453 1831.0807191729546 1569.2032306790352 48.058577015995979 60.334927558898926 57.85215400159359 59.940606400370598 78.597808107733727 426.63861636817455 3081.1383917629719 413.68425421416759 45.458042219281197 197.15871043503284 133.79957714676857 62.662139281630516 1264.9060935229063
leaf_count=206 9164 4886 1347 10832 29276 5812 881 6561 1369 470 31969 4177 32228 5518 1201 54638 1277 44629 1641 9127 582 6659 4043 2260 613 235 5504 5715 233 260 267 287 260 1288 9097 1199 188 571 431 211 4937
internal_value=0.00309623 0.0032632 0.0166027 -0.00762998 0.00280805 0.0102208 0.00729664 0.00197441 0.000125078 -0.0191714 0.00479065 0.00534913 0.00369731 0.00971515 0.00240794 0.00155988 0.0126759 0.00131812 0.00317146 0.0472946 0.00858124 0.0159049 0.012557 -0.00285271 0.000815253 0.01413 -0.0002131 -0.00461635 -0.00450606 -0.00258874 -0.011751 -0.00454894 0.00612631 0.0065271 0.00606301 0.00711591 -0.00875598 0.00952783 0.0180714 0.0126332 0.0199724
internal_weight=67819.9 67611.9 2215.49 1241.3 65396.4 6593.63 6165.57 58802.8 35511.6 3746.62 23291.1 23063.7 20737.2 8166.91 31765 29356.7 2408.27 29125.6 990.938 974.183 6032.86 2097.22 2029.43 2508.67 807.106 407.458 12570.3 1701.56 583.479 477.568 105.911 417.234 147.06 4003.43 3507.78 610.599 311.059 495.653 260.399 126.599 2326.5
internal_count=302049 292885 25337 14863 267548 28359 23473 239189 148295 38334 90894 84333 75219 37487 109961 100636 9325 99267 4031 10474 17661 7936 5824 9058 2873 1343 37732 6185 2688 2188 500 1928 495 11837 10385 1781 1389 1452 848 417 9114
cat_boundaries=0 1 2 3 4 5 6
cat_threshold=2 1 2 2 1 4
is_linear=0
shrinkage=0.05


Tree=55
num_leaves=42
num_cat=8
split_feature=14 12 14 0 11 1 10 10 2 0 2 1 14 1 13 1 14 10 14 10 13 0 11 7 7 7 4 7 7 7 7 4 11 7 4 7 7 7 7 7 7
split_gain=223.012 156.872 643.983 216.367 141.008 310.86 165.088 131.904 608.668 744.679 271.108 182.951 169.283 537.236 56.27 203.37 262.067 70.6192 72.1928 35.4646 30.1741 19.3124 14.5182 6.22362 5.78256 5.01904 4.61056 6.09032 4.11571 4.10793 6.46474 3.84444 2.95132 2.61191 2.46732 1.76786 0.763996 0.485791 1.61325 0.391022 1.23782
threshold=475.00000000000006 32.500000000000007 75.000000000000014 0 6.5000000000000009 600.00000000000011 345.00000000000006 625.00000000000011 1 2 3 960.00000000000011 115.00000000000001 750.00000000000011 26.000000000000004 600.00000000000011 50.000000000000007 390.00000000000006 15.000000000000002 535.00000000000011 34.000000000000007 4 5.5000000000000009 23.850000000000005 22.850000000000005 25.150000000000002 5 18.750000000000004 20.550000000000004 20.750000000000004 20.450000000000003 6 42.500000000000007 20.650000000000002 7 18.750000000000004 22.850000000000005 20.950000000000003 19.950000000000003 21.950000000000003 20.550000000000004
decision_type=2 2 2 1 2 2 2 2 1 1 1 2 2 2 2 2 2 2 2 2 2 1 2 2 2 2 1 2 2 2 2 1 2 2 1 2 2 2 2 2 2
left_child=1 2 3 19 5 -3 -7 8 9 26 -9 12 13 -12 17 16 -16 25 -19 39 -17 -4 28 24 33 -10 35 -28 34 30 -24 -14 -25 -21 -8 -6 -30 38 -13 40 -1
right_child=-2 4 21 -5 7 6 22 10 14 -11 11 37 31 -15 15 20 -18 18 -20 23 -22 -23 29 32 -26 -27 27 -29 36 -31 -32 -33 -34 -35 -36 -37 -38 -39 -40 -41 -42
leaf_value=0.016472650795449278 -0.048451704717367414 0.050947729209427577 0.029552221198528544 -0.048903256586660254 0.0043047571100197834 -0.047093763920935394 0.011782448829603777 -0.049296521448151602 -0.00052495413430331771 -0.051768271463567564 0.00572854036429852 0.01852515335441712 -0.00091168213156489627 0.052569664692408473 0.00016559906016280665 0.00088542961964609601 -0.05244760714388718 -0.0051720142509895902 0.010141131842237309 -0.010516108171944233 0.0057522698746461437 0.051468031947165094 0.010366832721881594 -0.0044351011808633897 0.01048564483886457 0.0068605172383641461 -0.011815048391556714 -0.0037190894179568649 0.0044562776305239263 0.013064254217805792 -0.0015861489655023535 0.00093813473941900159 -0.023311211660503345 -0.0015972630807782079 0.006367914489639726 -0.001665977251656731 0.0064323811843032784 0.021189768635956997 0.012500416802337329 0.01704813218597238 0.0064065605037008332
leaf_weight=69.099265679717064 199.34597834944725 417.97400423884392 187.60981886088848 239.45184943079948 137.06099388003349 128.69057095050812 491.6035236120224 218.19852285832167 3790.5884940177202 1176.2394006028771 7511.6991021446884 1309.2537022978067 4195.4267318844795 657.38020390272141 570.31308470666409 15701.94991338253 392.23705112934113 869.0349448621273 6136.4360123127699 115.12759187817574 3999.2746161222458 748.25705219805241 474.21844884753227 52.643737241625786 66.598722785711288 234.71264085173607 286.48375025391579 1377.2904804050922 1860.1223428249359 1439.8834385871887 135.4516694098711 8366.2879239320755 50.057471558451653 306.27868995070457 566.68159104883671 716.52108956873417 1087.8487336486578 712.78075248003006 288.59446474909782 203.22764532268047 135.06043037772179
leaf_count=225 9200 4998 1326 10856 481 5896 1434 6592 11355 29190 32121 5198 12624 5450 2638 50053 7639 4012 19563 522 13901 9181 1369 246 286 684 1069 5009 5539 4139 408 25017 246 1433 1683 2561 3215 2822 1161 670 454
internal_value=0.00306441 0.00322463 0.016414 -0.00723601 0.00278209 0.00970613 0.00683303 0.00200022 7.61013e-05 -0.0191029 0.00492421 0.005461 0.00396544 0.00956371 0.00231806 0.000775087 -0.0215416 0.00520065 0.00822973 0.00309669 0.00187833 0.0474864 0.00806301 -0.00465401 -0.00204385 -6.59875e-05 -0.00367567 -0.00520526 0.00625656 0.0115223 0.00764778 0.000316112 -0.0153312 -0.00433706 0.00901667 -0.000610603 0.00522168 0.0187826 0.0175526 0.0142971 0.0106571
internal_weight=67623 67423.7 2173.41 1237.55 65250.2 6602.47 6184.5 58647.8 35388.1 3693.6 23259.6 23041.4 20730.8 8169.08 31694.5 20663.8 962.55 11030.8 7005.47 998.094 19701.2 935.867 6055.81 590.706 488.005 4025.3 2517.36 1663.77 4006.26 2049.55 609.67 12561.7 102.701 421.406 1058.29 853.582 2947.97 2310.63 1597.85 407.387 204.16
internal_count=302466 293266 25445 14938 267821 28681 23683 239140 148155 38310 90985 84393 75212 37571 109845 74231 10277 35614 23575 4082 63954 10507 17787 2733 2241 12039 9120 6078 11871 5916 1777 37641 492 1955 3117 3042 8754 9181 6359 1349 679
cat_boundaries=0 1 2 3 4 5 6 7 8
cat_threshold=2 1 4 2 2 2 2 4
is_linear=0
shrinkage=0.05


Tree=56
num_leaves=35
num_cat=8
split_feature=14 12 14 0 10 8 1 10 8 0 2 1 14 10 13 8 0 8 4 7 7 3 7 7 7 4 7 7 7 7 4 7 7 7
split_gain=205.98 154.527 599.646 206.946 130.154 115.195 165.827 163.513 139.423 96.5871 313.656 88.6566 412.396 172.977 138.916 42.1005 28.1055 16.2232 10.8496 7.10066 4.69429 4.34782 4.13225 3.66252 3.95131 2.73685 2.41233 3.34176 2.10313 1.4939 0.682327 0.640467 0.686154 0.306485
threshold=475.00000000000006 32.500000000000007 75.000000000000014 0 335.00000000000006 101.00000000000001 600.00000000000011 535.00000000000011 144.50000000000003 1 2 960.00000000000011 355.00000000000006 625.00000000000011 29.000000000000004 185.50000000000003 3 66.000000000000014 4 17.950000000000003 21.350000000000005 5 24.950000000000003 23.050000000000004 22.650000000000002 6 20.450000000000003 22.650000000000002 23.650000000000002 21.750000000000004 7 20.850000000000005 22.150000000000002 25.450000000000003
decision_type=2 2 2 1 2 2 2 2 2 1 1 2 2 2 2 2 1 2 1 2 2 1 2 2 2 1 2 2 2 2 1 2 2 2
left_child=1 2 3 15 -3 6 7 17 9 10 20 12 14 21 -10 30 -4 -6 -9 -11 -7 -13 -21 24 29 31 -27 -28 -25 -8 -1 -17 -33 -30
right_child=-2 4 16 -5 5 8 23 18 11 19 -12 13 -14 -15 -16 25 -18 -19 -20 22 -22 -23 -24 28 -26 26 27 -29 33 -31 -32 32 -34 -35
leaf_value=0.019506630947594521 -0.048257777619181909 -0.046908137681255596 0.026161100613627582 -0.048757588424600921 0.030050667895176825 -0.00055483585648518437 0.0052156015753142219 -0.01127839627363017 0.0059181409746696407 0.013126259868934526 -0.050370321195418247 -0.0016158840040059589 -0.050537971133711404 0.018640273373384475 0.00051054213170131446 0.0036316694909538255 0.051326908703260746 0.050766693242044351 0.0073237606395050161 -0.0013777867511303426 -0.0057548853925465399 -0.0076513209741631942 0.0033109350187867231 -0.0060452153831940672 0.014517709119542074 0 -0.014061145680288229 -0.0025364317342627929 0.0025400840335264509 0.0011765988993636721 0.01204131580793324 -0.0059613025484029905 8.4004229760784065e-05 -0.00048582106660539697
leaf_weight=149.7191663980484 188.74411679059267 124.14984675124288 182.38708410412073 229.56805590167642 224.86659029126167 813.37564933300018 1057.7260028868914 131.99977228045464 20260.243493109941 79.423431321978569 435.44018946588039 715.32766462862492 355.74521571397781 2304.0071871578693 28740.070976790041 48.90267850458622 718.19610923528671 396.62883611768484 163.69715335965157 6283.8454657047987 987.31631903350353 547.27898165583611 492.93293172121048 100.50365789234638 99.225577399134636 65.327347278594971 183.54500076174736 118.60814973711967 294.60517713427544 344.20002865791321 249.21375946700573 63.190948739647865 88.085511296987534 76.473264947533607
leaf_count=489 9124 5950 1327 10906 1375 2653 3145 624 62227 251 14146 2541 9200 9261 120638 214 9238 4969 740 20849 3373 1979 1581 311 285 289 881 547 873 1026 835 305 400 229
internal_value=0.00255937 0.00271016 0.0160423 -0.0071401 0.00227712 0.00237919 0.0121233 0.029575 0.00192242 -0.00379198 -0.0127923 0.00290565 0.00235296 0.0105121 0.0027482 0.003091 0.0466285 0.0439451 -0.000914021 -0.000834902 -0.00344966 -0.00431081 -0.00102499 0.00387595 0.00507645 -0.00557111 -0.00809061 -0.00992356 0 0.00427472 0.0153738 -0.00054315 -0.00234426 0.0017889
internal_weight=67314.6 67125.8 2096.74 1196.16 65029.1 64904.9 2889.93 917.192 62015 9092.33 2236.13 52922.7 49356.1 3566.61 49000.3 966.593 900.583 621.495 295.697 6856.2 1800.69 1262.61 6776.78 1972.73 1501.15 567.66 367.48 302.153 471.582 1401.93 398.933 200.179 151.276 371.078
internal_count=302781 293657 25431 14866 268226 262276 13577 7708 248699 42853 20172 205846 192065 13781 182865 3960 10565 6344 1364 22681 6026 4520 22430 5869 4456 2636 1717 1428 1413 4171 1324 919 705 1102
cat_boundaries=0 1 2 3 4 5 6 7 8
cat_threshold=2 1 4 2 4 1 2 2
is_linear=0
shrinkage=0.05


Tree=57
num_leaves=32
num_cat=13
split_feature=14 12 14 0 10 11 1 8 10 2 0 2 8 8 12 8 8 0 11 1 8 0 3 8 8 4 4 3 6 6 3
split_gain=198.428 143.865 553.147 202.011 123.533 127.087 283.264 107.766 134.716 450.404 734.174 311.732 441.536 401.862 106.754 74.8872 35.8928 30.4441 25.7237 14.3054 9.91718 5.78422 3.51678 1.94486 1.68292 1.74423 1.21758 2.32732 1.07703 0.371899 0.186404
threshold=475.00000000000006 32.500000000000007 75.000000000000014 0 335.00000000000006 6.5000000000000009 600.00000000000011 420.50000000000006 625.00000000000011 1 2 3 159.00000000000003 159.00000000000003 57.500000000000007 26.500000000000004 185.50000000000003 4 26.500000000000004 750.00000000000011 175.00000000000003 5 6 478.00000000000006 317.50000000000006 7 8 9 10 11 12
decision_type=2 2 2 1 2 2 2 2 2 1 1 1 2 2 2 2 2 1 2 2 2 1 1 2 2 1 1 1 1 1 1
left_child=1 2 3 16 -3 6 -6 8 9 10 -7 13 -13 -10 21 -11 -1 -4 19 -16 26 28 -18 -24 30 -26 -8 -28 -9 -20 -22
right_child=-2 4 17 -5 5 7 20 14 11 15 -12 12 -14 -15 18 -17 22 -19 29 -21 24 -23 23 -25 25 -27 27 -29 -30 -31 -32
leaf_value=0.014851657661984822 -0.048111178900180171 -0.046666498877496354 0.024979859784640637 -0.04859316030769821 0.050594492771534716 -0.0027100930360547978 0.0052992235859666836 0.00555049220783819 0.052352411296768736 0.029659304121738745 -0.051576968062884844 -0.050621784759976356 0.0020322539311717876 0.0095641792766266321 0.0061302507001145031 0.00079823408718992378 -0.010138542905674574 0.051179565425080169 -0.014684465161607358 0.00073640048919017937 0.010612156415369932 0.018200112887777741 0.0019576297217498342 -0.004821788280148437 0.0033983214092183989 0.0074715819015071412 0.00021029710329995211 0.0044994366988090314 0.012700806702176555 -0.0079448472432867654 0.0083220861413366987
leaf_weight=403.36959499120712 182.04755279421806 118.15389107167721 178.68817175924778 218.40868632495403 378.02166630327702 2517.3485299646854 676.66965448856354 123.70260247588158 626.88133025169373 216.68869437277317 1098.746628690511 400.95762955024838 12747.995453055948 4069.0158727914095 3857.0797285735607 28460.701960109174 175.95761047303677 680.14346733689308 79.862048894166946 1839.2151436656713 575.3962162733078 1645.7454005479813 184.92763297259808 207.93854315578938 405.565529987216 1585.1379658281803 626.29132331907749 689.16476136445999 347.90430065989494 223.14501416683197 1427.2007655203342
leaf_count=1349 9217 5923 1330 10872 4962 9120 2007 365 5444 1357 29354 10797 43977 14666 11851 97383 825 9172 365 5497 1673 6704 855 962 1221 4713 1886 2046 1003 998 4175
internal_value=0.00262945 0.00277569 0.0157908 -0.00625892 0.00236051 0.00245814 0.00916356 0.00172337 0.000856327 -0.00106909 -0.0176733 0.00434217 0.000385599 0.015386 0.00706547 0.00102832 0.00359871 0.0461363 0.00363537 0.00440179 0.00645854 0.016698 -0.00441343 -0.00153713 0.00790679 0.00668786 0.00350551 0.00251208 0.0110833 -0.0102933 0.00905438
internal_weight=66968.1 66786 2049.43 1190.6 64736.6 64618.4 6363.45 58255 50138.3 32293.5 3616.1 17844.9 13149 4695.9 8116.65 28677.4 972.193 858.832 5999.3 5696.29 5985.43 2117.35 568.824 392.866 3993.3 1990.7 1992.13 1315.46 471.607 303.007 2002.6
internal_count=302069 292852 25365 14863 267487 261564 22683 238881 212098 137214 38474 74884 54774 20110 26783 98740 3991 10502 18711 17348 17721 8072 2642 1817 11782 5934 5939 3932 1368 1363 5848
cat_boundaries=0 1 2 3 4 5 6 7 8 9 10 11 12 13
cat_threshold=2 1 4 1 2 2 2 1 2 4 2 1 2
is_linear=0
shrinkage=0.05


Tree=58
num_leaves=39
num_cat=8
split_feature=14 12 14 0 10 11 1 8 10 2 0 2 8 8 0 8 0 8 8 7 7 3 7 7 7 7 7 7 7 7 8 7 7 7 7 3 7 7
split_gain=187.21 120.293 567.302 179.232 116.304 127.937 269.688 109.267 110.609 439.194 689.756 296.104 406.728 393.12 73.6965 64.7319 23.9759 19.0455 9.12024 7.30734 5.31838 4.97151 4.83204 3.90783 2.79166 5.58252 4.44919 3.71747 3.17144 2.69891 2.00519 1.92333 1.80602 1.62978 1.20435 5.94484 3.4942 0.663708
threshold=475.00000000000006 32.500000000000007 75.000000000000014 0 335.00000000000006 6.5000000000000009 600.00000000000011 420.50000000000006 625.00000000000011 1 2 3 159.00000000000003 159.00000000000003 4 26.500000000000004 5 185.50000000000003 175.00000000000003 21.650000000000002 21.550000000000004 6 20.250000000000004 22.650000000000002 21.950000000000003 21.550000000000004 23.850000000000005 24.850000000000005 22.950000000000003 20.550000000000004 450.00000000000006 22.450000000000003 21.950000000000003 20.450000000000003 21.150000000000002 7 21.950000000000003 20.650000000000002
decision_type=2 2 2 1 2 2 2 2 2 1 1 1 2 2 1 2 1 2 2 2 2 1 2 2 2 2 2 2 2 2 2 2 2 2 2 1 2 2
left_child=1 2 3 17 -3 6 -6 8 9 10 -7 13 -13 -10 19 -11 -4 23 34 20 -9 31 -16 29 25 37 28 -28 -26 -1 -21 -20 -31 -23 35 -8 -36 -19
right_child=-2 4 16 -5 5 7 18 14 11 15 -12 12 -14 -15 22 -17 -18 24 21 30 -22 33 -24 -25 26 -27 27 -29 -30 32 -32 -33 -34 -35 36 -37 -38 -39
leaf_value=0.013926162034331774 -0.04792685759969445 -0.046414012416856248 0.02679130838796398 -0.048436437596972616 0.050433575271364363 -0.0032187386086367058 0.005699019392423706 0.0034829162354515055 0.052150862574825797 0.028239308098494592 -0.051446556118075165 -0.05043791367839337 0.0016157682422918769 0.0090707472126552776 0.025176222994659655 0.00085928978937504391 0.051039274344490529 -0.0061163475625539265 0.018424323835373596 0.011039121641904615 -0.0066574293689149137 0.0085582292751174259 0.015259346386836362 0.017079663398997098 -0.00027204888198996359 -0.021105545942420038 -0.017264062092685648 0 0.012621512679629344 -0.0011946780381155134 0.0060372193053341017 0.0098871529853272622 0.0082755631416312446 0.0057029031553647207 0.0088235461247862957 -0.0029968512647562907 0.0028000579059959127 -0.000461590984466803
leaf_weight=66.031742587685585 173.33506292663515 112.30882215499878 177.21531444787979 208.66553636826575 362.38188678026199 2502.375909909606 450.57848580181599 3609.2848253548145 601.72581124305725 207.67679867148399 1045.9144973419607 376.63436362147331 12751.50662618503 4043.9234240204096 178.94203962385654 28490.92869586125 646.93549045175314 119.63360385596752 96.151470333337784 259.14899298548698 121.85002788901329 945.65940085053444 1439.7806606143713 132.23304569721222 123.35102310776711 51.140290185809135 47.328452840447426 56.189807549118996 60.760426864027977 121.7360180914402 2549.8461117744446 1050.9921678602695 66.555891007184982 1894.5105468034744 362.00801745057106 326.4307966530323 849.03427317738533 124.87972174584866
leaf_count=221 9191 5888 1343 10883 4984 9090 1343 11157 5472 1334 29317 10628 44113 14621 725 97463 9147 541 272 753 401 2783 5967 445 567 265 234 261 258 426 7993 3088 228 5640 1058 999 2526 588
internal_value=0.00251887 0.00265802 0.0147014 -0.00753582 0.00228184 0.00237457 0.00911676 0.00163781 0.000760943 -0.000983425 -0.0175533 0.00392733 8.13362e-05 0.0147615 0.00700012 0.00106893 0.0462689 0.00161762 0.00652263 0.00461112 0.00312148 0.0079143 0.0165342 0.0101228 -0.00401035 -0.00734669 -0.000281318 -0.00828549 0.00415651 0.00580724 0.00655394 0.010799 0.00214916 0.00669784 0.00368078 0.00199059 0.00469908 -0.00355637
internal_weight=66805.6 66632.3 2002.66 1178.51 64629.6 64517.3 6337.75 58179.5 50020.7 32246.9 3548.29 17773.8 13128.1 4645.65 8158.85 28698.6 824.151 969.84 5975.37 6540.13 3731.13 3987.31 1618.72 386.557 583.283 295.654 287.63 103.518 184.111 254.324 2809 1147.14 188.292 2840.17 1988.05 777.009 1211.04 244.513
internal_count=302213 293022 25407 14917 267615 261727 22693 239034 212038 137204 38407 74834 54741 20093 26996 98797 10490 4034 17709 20304 11558 11783 6692 1320 2714 1394 1320 495 825 875 8746 3360 654 8423 5926 2342 3584 1129
cat_boundaries=0 1 2 3 4 5 6 7 8
cat_threshold=2 1 4 1 2 2 2 1
is_linear=0
shrinkage=0.05


Tree=59
num_leaves=41
num_cat=10
split_feature=14 12 14 0 11 1 10 10 2 1 2 1 14 1 14 2 11 10 12 0 10 7 11 6 11 7 7 11 7 7 7 5 7 6 6 7 7 6 7 7
split_gain=174.659 121.99 505.44 182.016 108.686 261.9 128.196 102.919 444.812 656.061 248.791 164.179 137.261 477.032 65.0385 136.401 135.943 63.6863 47.1806 31.0616 23.5695 5.95461 4.60784 3.63985 3.63597 6.20674 5.64256 3.56794 3.60558 6.92979 2.91001 2.38288 2.44373 1.92594 1.23983 1.11209 1.57776 1.05443 0.928539 0.227331
threshold=475.00000000000006 32.500000000000007 75.000000000000014 0 6.5000000000000009 600.00000000000011 345.00000000000006 625.00000000000011 1 960.00000000000011 2 960.00000000000011 115.00000000000001 750.00000000000011 165.00000000000003 3 12.500000000000002 535.00000000000011 36.500000000000007 4 535.00000000000011 17.850000000000005 5.5000000000000009 5 32.500000000000007 23.050000000000004 20.950000000000003 42.500000000000007 23.850000000000005 20.650000000000002 23.550000000000004 6 22.050000000000004 7 8 22.350000000000005 22.850000000000005 9 21.050000000000004 21.950000000000003
decision_type=2 2 2 1 2 2 2 2 1 2 1 2 2 2 2 1 2 2 2 1 2 2 2 1 2 2 2 2 2 2 2 1 2 1 1 2 2 1 2 2
left_child=1 2 3 20 5 -3 -7 8 9 -6 -9 12 13 -12 16 18 -10 -18 -16 -4 34 -14 35 30 26 -26 -11 31 29 -29 -24 32 -22 -33 -1 38 -37 -25 -8 -17
right_child=-2 4 19 -5 7 6 22 10 14 24 11 -13 21 -15 15 39 17 -19 -20 -21 27 -23 23 37 25 -27 -28 28 -30 -31 -32 33 -34 -35 -36 36 -38 -39 -40 -41
leaf_value=0.01770390967238086 -0.04771329111938933 0.050250671365072913 0.023604251175332016 -0.048288292867557807 -0.05132268252103174 -0.046136792015146498 0.0054359629381398678 -0.049106753987370445 -0.047863581797837042 -0.0038669585632677356 0.0048231475464789141 0.017385888338283601 -0.010715526527254521 0.051943955652710927 0.0092879234173154877 0.015433997711887052 0.0055661207456640495 -0.0025281011203623534 0.0011756308451319583 0.050905971683922482 -0.0010230085161888332 0 0.0031320530923518567 0.0088465544985003534 -0.0040634213272123737 -0.015537850252103198 0.0031456308128153618 -0.017470121930626251 -0.01865852330560373 0.00089709470010595907 0.012078825150618581 -0.011996707351277671 0.0096736040954259819 0.00041943758370737848 0.0094833071910879196 0.0010962303825986031 0.0053775140191855463 0.012638283284549577 0.0077341894519900858 0.019021001836838039
leaf_weight=111.11760812997818 163.64840495400131 341.88771832734346 166.37208706140518 200.19238627701998 993.53269106894732 106.31019471585751 1473.7403936684132 208.20457218214869 143.44525657966733 847.39785970747471 7389.8942141383886 2230.9633310586214 120.9619116038084 569.93407770991325 2038.3818755596876 821.77060835063457 3221.0516650155187 9781.9369234591722 14589.797166466713 617.94127354025841 101.65872457623482 12530.575593411922 460.89889132976532 913.30270577967167 1130.9542563706636 129.2375780493021 415.15456286072731 59.378994330763817 49.148937493562698 177.4869729578495 117.89552703499794 44.998102232813835 84.978014796972275 54.180893808603287 280.62813180685043 314.99225616455078 1073.4283079952002 497.81162475049496 1116.5985444784164 799.47575643658638
leaf_count=371 9087 4927 1294 10939 29168 5828 4410 6563 4922 3152 32034 9185 379 5428 5775 3448 10285 37073 44417 9161 480 37536 1376 2677 4056 487 1489 274 245 821 341 216 377 251 963 948 3198 1439 3303 3304
internal_value=0.00235571 0.00248717 0.0147868 -0.00611303 0.00211197 0.00828294 0.00583416 0.00142663 -0.000284147 -0.0171234 0.00401893 0.00452663 0.00312457 0.00826427 0.00160507 0.00353646 -0.00107286 -0.000516452 0.00217807 0.0455476 0.00300392 -0.000109154 0.00684382 0.00887822 -0.00348546 -0.0053926 -0.00151518 -0.00339587 -0.00725469 -0.00402593 0.00521355 0.000411322 0.00383729 -0.00533872 0.0123221 0.00579411 0.00445675 0.0102989 0.0064718 0.0173392
internal_weight=66491.3 66327.6 1948.08 1163.77 64379.5 6416.87 6074.98 57962.7 34912.1 3516.28 23050.5 22842.3 20611.4 7959.83 31395.9 18249.4 13146.4 13003 16628.2 784.313 963.576 12651.5 5968.67 1989.91 2522.74 1260.19 1262.55 571.831 286.015 236.866 578.794 285.816 186.637 99.179 391.746 3978.76 1388.42 1411.11 2590.34 1621.25
internal_count=301627 292540 25392 14937 267148 28447 23520 238701 147576 38352 91125 84562 75377 37462 109224 56944 52280 47358 50192 10455 3998 37915 17692 5833 9184 4543 4641 2664 1340 1095 1717 1324 857 467 1334 11859 4146 4116 7713 6752
cat_boundaries=0 1 2 3 4 5 6 7 8 9 10
cat_threshold=2 1 2 4 2 1 1 4 1 4
is_linear=0
shrinkage=0.05


Tree=60
num_leaves=31
num_cat=5
split_feature=14 12 14 0 10 13 1 1 14 14 14 10 10 14 0 8 7 8 8 6 6 3 8 7 7 7 7 7 7 7
split_gain=165.516 125.161 465.882 178.654 103.725 94.0875 371.348 189.524 232.694 124.342 389.842 593.345 54.7512 43.9974 34.831 33.2642 15.7414 12.8497 12.0612 7.55944 4.52921 3.75928 4.44218 3.61234 3.60063 2.31289 1.271 1.91419 3.3416 0.417112
threshold=475.00000000000006 32.500000000000007 75.000000000000014 0 335.00000000000006 26.000000000000004 750.00000000000011 600.00000000000011 50.000000000000007 15.000000000000002 50.000000000000007 665.00000000000011 345.00000000000006 15.000000000000002 1 66.000000000000014 25.050000000000004 185.50000000000003 450.00000000000006 2 3 4 262.50000000000006 18.750000000000004 24.950000000000003 22.550000000000004 20.450000000000003 21.950000000000003 23.150000000000002 21.650000000000002
decision_type=2 2 2 1 2 2 2 2 2 2 2 2 2 2 1 2 2 2 2 1 1 1 2 2 2 2 2 2 2 2
left_child=1 2 3 17 -3 6 12 8 16 18 -11 -12 21 19 -4 -15 25 -1 24 -14 -20 23 -23 -6 -9 -7 -19 29 -29 -28
right_child=-2 4 14 -5 5 7 -8 9 -10 10 11 -13 13 15 -16 -17 -18 26 20 -21 -22 22 -24 -25 -26 -27 27 28 -30 -31
leaf_value=0.010579349617619539 -0.047546109231268563 -0.045956779431104322 0.022555068470641426 -0.048122592839170072 0.0038335708394324308 -0.0015248802954260369 -0.04983488511979476 0.00989609564697763 -0.052177023902637024 -0.050324704596840533 -0.00010988649439241065 0.051761076136208978 -0.0081902308065802624 0.027898489548423951 0.050778132304449199 0.0080132934376117362 0.023505042012607905 0.0041430583174413785 0.0022228393302466958 0.00093276319549420424 0.0063685915288658485 -0.0001107685723717932 0.003583163952187423 -0.0037180893368338498 0.0034928159098764518 -0.0088851716183495476 -0.0035716287192014656 0.0061019377838010015 -0.0044022975310802374 -0.010325822882791104
leaf_weight=387.28586032986641 157.09898675233126 102.99577849917114 172.13470879942179 190.89881053566933 191.98175749182701 364.74775546789169 292.39341647177935 3320.2383068203926 361.77842090278864 368.83665572851896 37761.861514644697 549.45623356103897 390.84664705395699 208.03067598491907 591.69442597031593 12168.560613192618 47.527839988470078 84.791950523853302 983.91113510727882 500.36105111241341 2409.5654620081186 1583.3627575337887 1610.1054078191519 667.3995977640152 276.81745068728924 159.56318464875221 168.06928890943527 134.49653765559196 146.95542731881142 43.008034214377403
leaf_count=1332 9134 5903 1367 10928 566 1691 9143 9889 7591 10858 146671 5481 1820 1373 9198 40966 203 375 3086 2289 7462 4729 4748 2020 842 757 797 603 688 220
internal_value=0.00214337 0.00226913 0.0148219 -0.00520342 0.00189153 0.0019762 0.00508883 0.000797934 -0.0213796 0.00125697 0.000145841 0.000646049 0.00604711 0.00760037 0.0448561 0.00837382 -0.00124751 0.00364573 0.00738896 -0.00305921 0.00519132 0.000943744 0.00174143 -0.00194888 0.00942823 -0.00398278 -0.00102138 -0.00207471 0.000482908 -0.00557881
internal_weight=66396.8 66239.7 1919.34 1155.51 64320.3 64217.3 17613 46604.3 933.617 45670.7 38680.2 38311.3 17320.6 13267.8 763.829 12376.6 571.839 964.607 6990.53 891.208 3393.48 4052.85 3193.47 859.381 3597.06 524.311 577.321 492.529 281.452 211.077
internal_count=302730 293596 25508 14943 268088 262185 67654 194531 10242 184289 163010 152152 58511 46448 10565 42339 2651 4015 21279 4109 10548 12063 9477 2586 10731 2448 2683 2308 1291 1017
cat_boundaries=0 1 2 3 4 5
cat_threshold=2 2 4 1 1
is_linear=0
shrinkage=0.05


Tree=61
num_leaves=35
num_cat=9
split_feature=14 12 14 0 11 11 1 8 2 13 11 14 14 0 8 0 2 8 4 7 12 7 5 7 7 7 7 7 7 7 4 4 7 7
split_gain=160.421 111.55 469.363 164.177 99.5773 91.9019 251.137 65.2747 111.42 172.327 109.766 99.4597 374.575 96.8387 28.3472 25.355 12.2427 10.1329 9.50183 5.45224 5.42191 5.49438 5.40787 5.13854 3.13019 2.71595 4.78576 2.55587 2.32032 2.25289 1.70792 0.890172 0.670396 0.0341539
threshold=475.00000000000006 32.500000000000007 75.000000000000014 0 4.0000000000000009 6.5000000000000009 600.00000000000011 420.50000000000006 1 36.500000000000007 12.500000000000002 15.000000000000002 50.000000000000007 2 185.50000000000003 3 4 450.00000000000006 5 23.050000000000004 52.500000000000007 21.750000000000004 6 21.550000000000004 21.050000000000004 21.350000000000005 20.650000000000002 18.350000000000005 22.750000000000004 21.150000000000002 7 8 20.450000000000003 21.750000000000004
decision_type=2 2 2 1 2 2 2 2 1 2 2 2 2 1 2 1 1 2 1 2 2 2 1 2 2 2 2 2 2 2 1 1 2 2
left_child=1 2 3 14 -3 6 -6 8 9 10 -7 27 -13 16 29 -4 22 -18 -16 23 25 24 -9 -20 -22 26 -8 -10 -23 32 -21 -31 -1 -27
right_child=-2 4 15 -5 5 7 20 13 11 -11 -12 12 -14 -15 18 -17 17 -19 19 30 21 28 -24 -25 -26 33 -28 -29 -30 31 -32 -33 -34 -35
leaf_value=0.0096123372776037129 -0.047399982984777642 -0.045725653428436486 0.025233492443131635 -0.047952550360731122 0.050064900648488314 -0.047427078525695103 0.0081901665660095192 0.0034723360540759433 0.00032282424753557254 -0.050441271404874422 -0.0028440152239514824 -0.050136728229242866 0.0014521885482744617 0.016746586244546294 -0.017492290453392147 0.050651477639563805 0.0073824691984701379 -0.00058426591658053081 0.00078741413503751855 0.00079873127382556965 0.0046950833526890629 5.4388042668629414e-05 0.0077432374929702792 -0.011133750809539721 0.0090325065141218346 0.012102784646838659 0.00038154074041961796 0.0099114119742322038 0.0037480594864237439 0.020704834047337858 0.013268000677298079 0.011183610485079525 0.0011743986536194191 0.0086919611916162036
leaf_weight=59.723035305738449 151.90447404421866 98.726996257901192 168.70358765125275 181.95073186419904 324.64402982592583 131.91414342820644 543.75227475166321 2193.669303715229 82.624901473522186 197.38984449207783 5481.4367570281029 344.94828663021326 39943.871022069827 1584.288785777986 101.68509837985039 565.48370269685984 460.66983856260777 2575.762013182044 193.39109501242638 65.380998611450195 1458.0187952816486 726.12845696508884 1202.956824451685 147.17546996474266 677.46913589537144 187.89885015785694 326.98839953541756 3480.3223478198051 1121.9013134539127 104.31968352198601 56.040954664349556 156.65524025261402 64.13341648876667 915.22498387098312
leaf_count=206 9247 5915 1360 10911 4939 4974 1595 6866 254 4598 24161 10642 156719 6686 492 9218 1362 8177 887 300 4387 2201 3713 710 2004 546 988 10389 3371 349 247 541 224 2699
internal_value=0.0022981 0.00242054 0.0144481 -0.0057639 0.00206747 0.00214916 0.00788927 0.00152186 0.000844315 -0.0056538 -0.00398309 0.0017076 0.000996918 0.00570636 0.00269279 0.0452956 0.00295792 0.000628254 -0.00437006 -0.00106646 0.00550251 0.00439074 0.0050179 -0.00439232 0.00613009 0.00768754 0.0053522 0.00970457 0.00233175 0.0130133 0.0075059 0.0157977 0.00603082 0.00942137
internal_weight=66077.2 65925.3 1864.64 1130.46 64060.6 63961.9 6282.03 57679.9 49662.5 5810.74 5613.35 43851.8 40288.8 8017.35 948.505 734.187 6433.06 3036.43 563.674 461.989 5957.38 3983.52 3396.63 340.567 2135.49 1973.86 870.741 3562.95 1848.03 384.831 121.422 260.975 123.856 1103.12
internal_count=301878 292631 25445 14867 267186 261271 22730 238541 211737 33733 29135 178004 167361 26804 3956 10578 20118 9539 2636 2144 17791 11963 10579 1597 6391 5828 2583 10643 5572 1320 547 890 430 3245
cat_boundaries=0 1 2 3 4 5 6 7 8 9
cat_threshold=2 2 2 2 4 1 1 4 2
is_linear=0
shrinkage=0.05


Tree=62
num_leaves=27
num_cat=10
split_feature=14 10 11 1 12 14 0 8 10 2 0 2 8 8 14 0 0 8 12 2 14 3 3 6 8 8
split_gain=152.524 94.0544 100.557 236.468 98.6087 442.979 152.189 86.6589 82.6372 338.431 658.739 264.492 348.334 347.839 71.4705 61.653 33.895 32.9423 9.41678 5.8978 13.4304 4.02897 1.36499 1.25973 0.839527 0.591207
threshold=475.00000000000006 335.00000000000006 6.5000000000000009 600.00000000000011 32.500000000000007 75.000000000000014 0 420.50000000000006 625.00000000000011 1 2 3 159.00000000000003 159.00000000000003 245.00000000000003 4 5 185.50000000000003 52.500000000000007 6 30.000000000000004 7 8 9 478.00000000000006 317.50000000000006
decision_type=2 2 2 2 2 2 1 2 2 1 1 1 2 2 2 1 1 2 2 1 2 1 1 1 2 2
left_child=1 -1 3 -3 5 6 17 8 9 10 -6 12 -10 -13 -11 19 -7 -4 21 22 -21 -5 -9 -17 -19 -20
right_child=-2 2 4 18 7 16 -8 15 11 14 -12 13 -14 -15 -16 23 -18 24 25 20 -22 -23 -24 -25 -26 -27
leaf_value=-0.045404511310095048 -0.047224113253608341 0.049935051358867111 0.012892738614045746 0.0043182777865321169 -0.0022090891184162291 0.021553713205221741 -0.047783499414171891 0.0043463772044689186 0.051577501045747626 -0.0017094672463042607 -0.051173158971878491 -0.049994909212039002 0.008647817989802067 0.0010886805132036634 0.0032861629215280973 0.011504515701840185 0.050516406290515584 -0.0032508125846714159 0.0039165517940334153 -0.0072140439513070295 0.0035317090444507478 0.010189663436345558 0.0065843355933781064 0.016214063873038798 -0.007737564206280672 0.0053880176041796388
leaf_weight=92.988445870578289 145.63002971746027 315.71607472747564 390.0956464111805 426.74243631958961 2503.0640918016434 159.59423389285803 173.69150979444385 1711.3955494165421 527.86597759276628 13752.575698815286 938.46396578848362 332.2210044618696 4002.6903197914362 12672.403592823073 14898.491433858871 415.03033794462681 534.61896529048681 279.59063360095024 1986.5073365569115 312.70704463124275 2774.2074644863605 1552.0434602200985 1669.812262326479 1154.5757976174355 292.76285533607006 1987.6765375137329
leaf_count=5823 9281 5033 1346 1270 9089 1320 10910 5347 5523 54486 29304 10741 14599 44082 44287 1792 9139 1311 5942 1405 8250 4556 5183 4929 1383 5993
internal_value=0.00220451 0.00232172 0.00239686 0.00841741 0.00176037 0.0131575 -0.00606657 0.00139553 0.00061381 -0.00089315 -0.0156851 0.00337361 0.0137632 -0.00024989 0.000886745 0.00620915 0.0443297 0.00182454 0.00612708 0.00402852 0.00240723 0.00897667 0.0054825 0.0150811 -0.00572513 0.00467673
internal_weight=66003.2 65857.5 65764.5 6268.69 59495.9 1830.35 1136.14 57665.5 49627.8 32092.6 3441.53 17535.2 4530.56 13004.6 28651.1 8037.73 694.213 962.449 5952.97 6468.12 3086.91 1978.79 3381.21 1569.61 572.353 3974.18
internal_count=302324 293043 287220 22794 264426 25409 14950 239017 212111 137166 38393 74945 20122 54823 98773 26906 10459 4040 17761 20185 9655 5826 10530 6721 2694 11935
cat_boundaries=0 1 2 3 4 5 6 7 8 9 10
cat_threshold=2 1 4 1 2 2 4 1 4 2
is_linear=0
shrinkage=0.05


Tree=63
num_leaves=39
num_cat=5
split_feature=14 12 14 0 10 11 1 8 10 2 1 2 8 8 12 8 0 11 8 11 4 7 7 1 8 7 7 11 7 7 7 7 7 7 7 7 7 7
split_gain=140.419 97.3912 423.776 148.639 87.9812 95.9018 230.511 84.9015 85.8873 331.407 611.019 237.017 338.626 331.925 63.8538 50.7218 23.5877 14.0747 13.0335 11.2035 8.35876 6.76014 6.55797 5.41 3.64228 3.35975 4.69867 3.05803 2.4289 2.09235 2.02699 1.89318 1.37335 0.899156 2.59014 0.439719 0.29361 3.44942
threshold=475.00000000000006 32.500000000000007 75.000000000000014 0 335.00000000000006 6.5000000000000009 600.00000000000011 420.50000000000006 625.00000000000011 1 960.00000000000011 2 159.00000000000003 159.00000000000003 57.500000000000007 26.500000000000004 3 26.500000000000004 185.50000000000003 5.5000000000000009 4 22.050000000000004 19.850000000000005 750.00000000000011 478.00000000000006 21.650000000000002 20.650000000000002 29.000000000000004 18.450000000000003 24.850000000000005 25.050000000000004 19.650000000000002 22.650000000000002 22.350000000000005 21.650000000000002 24.150000000000002 21.950000000000003 21.050000000000004
decision_type=2 2 2 1 2 2 2 2 2 1 2 1 2 2 2 2 1 2 2 2 1 2 2 2 2 2 2 2 2 2 2 2 2 2 2 2 2 2
left_child=1 2 3 18 -3 6 -6 8 9 10 -7 12 -10 -13 27 -11 -4 23 36 22 -19 31 28 -16 33 26 -26 -9 -8 -23 -24 -21 -27 34 -20 -35 37 -1
right_child=-2 4 16 -5 5 7 19 14 11 15 -12 13 -14 -15 17 -17 -18 20 24 21 -22 29 30 -25 25 32 -28 -29 -30 -31 -32 -33 -34 35 -36 -37 -38 -39
leaf_value=0.012187147212683432 -0.046966036944534661 -0.045196611867762575 0.02492137793325766 -0.047614858912066738 0.049763825041103313 -0.051057106024237943 0.0016322405618213682 0.016266734022454276 0.051391682888996253 0.025437870736352116 -0.0031563578199258167 -0.049849195445038699 0.008115798119110498 0.0010353267122533564 0.0049431945746415511 0.00040100271230812841 0.05038145621655922 -0.024058679956804815 0 0.0017010731732896975 -0.0026963932935940107 0.013455208015771297 0.0026026127911453574 0.0016035390315127488 -0.0092932392670829131 -0.016628505198105974 0.0083283343499750504 0.011577099175152775 0.010429612414018817 0.0060623270460090318 0.0071744987998986253 0.006977322475629856 -0.0051310803849979013 -0.0041081656058535839 0.012690673903341441 0.0013859339210738069 0.011731327420401621 -0.00054124842566781667
leaf_weight=107.67248204350471 136.50904511846602 89.768363261595368 160.76274368539453 166.01984476856887 299.31312426924706 897.51326416246593 115.94245964288712 827.97549054026604 501.50411584973335 193.84314042329788 2514.3772942572832 318.77791559137404 3999.5351650565863 12682.911766925827 3814.2812160402536 28340.395448723808 504.94333080947399 49.786272689700127 120.98251107335091 251.41625246405602 243.59936162829399 653.37308524549007 3135.3848210573196 1870.1395988315344 63.77806656062603 65.216840669512749 67.491140022873878 1186.3053399324417 463.03095495700836 173.47593080997467 274.67534486949444 905.05141171813011 87.584028676152229 66.040213569998741 46.763765066862106 44.607432380318642 184.49214993417263 82.681591063737869
leaf_count=370 9107 5874 1348 10922 5000 29425 351 3412 5497 1308 9163 10801 14623 44179 11863 97117 9052 237 573 755 1086 1903 9485 5567 292 327 308 4661 1372 517 816 2684 414 303 210 207 649 295
internal_value=0.00191789 0.00202757 0.0135712 -0.00543912 0.00170464 0.00177859 0.0076457 0.0011359 0.000361527 -0.00117971 -0.0158839 0.00317653 0.0130519 -0.000245779 0.00591442 0.000581691 0.0447669 0.00329785 0.00240219 0.00544688 -0.00715981 0.00853723 0.00388037 0.00385799 -0.00234068 -0.00626286 0 0.0136003 0.00881041 0.0120549 0.00300539 0.00589755 -0.0110654 0.00156648 0.00387331 -0.00154751 0.00952479 0.00665785
internal_weight=65707.9 65571.4 1769.04 1103.33 63802.4 63712.6 6271.66 57440.9 49448.9 31946.1 3411.89 17502.7 4501.04 13001.7 7992.09 28534.2 665.706 5977.81 937.31 5972.35 293.386 1983.32 3989.03 5684.42 562.464 284.07 131.269 2014.28 578.973 826.849 3410.06 1156.47 152.801 278.394 167.746 110.648 374.846 190.354
internal_count=302073 292966 25270 14870 267696 261822 22883 238939 212113 137013 38588 75100 20120 54980 26826 98425 10400 18753 3948 17883 1323 5859 12024 17430 2634 1341 600 8073 1723 2420 10301 3439 741 1293 783 510 1314 665
cat_boundaries=0 1 2 3 4 5
cat_threshold=2 1 1 2 1
is_linear=0
shrinkage=0.05


Tree=64
num_leaves=31
num_cat=7
split_feature=14 11 12 1 0 11 1 11 2 8 1 14 14 8 6 12 3 6 8 7 7 7 7 4 8 7 3 7 7 7
split_gain=133.913 85.4056 79.1166 401.465 158.933 77.871 222.674 57.4895 320.934 50.8426 31.1698 272.93 123.508 29.7643 9.98793 7.07768 5.92015 4.77879 4.41188 12.146 10.3596 3.03769 2.77379 2.3752 2.20099 1.85591 1.40602 1.69127 1.1255 0.745702
threshold=475.00000000000006 4.0000000000000009 32.500000000000007 750.00000000000011 0 6.5000000000000009 600.00000000000011 12.500000000000002 1 26.500000000000004 960.00000000000011 355.00000000000006 425.00000000000006 185.50000000000003 2 52.500000000000007 3 4 262.50000000000006 19.350000000000005 20.550000000000004 25.950000000000003 23.250000000000004 5 171.00000000000003 20.950000000000003 6 20.350000000000005 20.850000000000005 24.650000000000002
decision_type=2 2 2 2 1 2 2 2 1 2 2 2 2 2 1 2 1 1 2 2 2 2 2 1 2 2 1 2 2 2
left_child=1 -1 3 4 13 6 -4 8 18 -9 11 -11 -12 17 28 26 23 24 20 -20 -7 -18 -16 -17 -3 -19 29 -28 -15 -8
right_child=-2 2 5 -5 -6 7 15 9 -10 10 12 -13 -14 14 22 16 21 25 19 -21 -22 -23 -24 -25 -26 -27 27 -29 -30 -31
leaf_value=-0.044952515723564353 -0.046764206907633665 0.012538378593825741 0.049604456949830018 0.050290080986214826 -0.047462584865765864 0.0028528019299737572 0.011722086476975611 0.026662700060428063 -0.049657494094384032 0.0016738273765976145 0.014436702705002108 -0.049329988080009234 -0.0018347444350360115 -0.0043126729142160675 0.003238524284105088 0.010533737087055128 0.0030145544981854608 0.0082399053256374585 -0.010076495897411799 0.0027403714849616781 -0.0030205534613647242 -0.0067436821163549491 -0.0059307498417855587 0.0047608697564320273 0 0.018258491060656825 0.0093415261438676896 0.0051728956252353239 -0.016179078986122634 0.0064388690065024824
leaf_weight=86.109446931630373 130.28487529978156 39.734427038580179 285.63860803842545 495.64049508422613 159.70329246483743 1012.0167420357466 347.40864872932434 196.4341399744153 341.0428209155798 46242.10830020532 2152.6754797548056 253.74248170852661 2516.7767453491688 50.374472141265869 313.39427070319653 386.5833440721035 3007.3377369493246 111.95703962817788 194.46396595239639 1837.3204438686371 2768.8511922955513 69.704644620418549 99.004429668188095 469.91714188456535 95.80982580780983 278.83151192218065 427.05234861373901 996.19192352890968 114.99293783307076 211.20137280225754
leaf_count=5887 9097 344 5000 9318 11003 3124 1021 1350 14250 178454 9113 9139 9151 230 1456 1146 9086 559 602 5428 8800 218 471 1418 345 1357 1252 2981 559 630
internal_value=0.00202273 0.00212756 0.00219709 0.0126319 -0.0023765 0.00190623 0.00722702 0.00133054 -0.00322986 0.00187842 0.0017771 0.00138386 0.00567073 0.00446761 -0.00328669 0.00509203 0.00382163 0.0129755 -0.000416647 0.00144583 -0.00143188 0.00275617 0.000830595 0.00751567 0.00398934 0.0157902 0.00755654 0.00651505 -0.0133015 0.00996089
internal_weight=65692.3 65562 65475.9 1759.44 1263.8 63716.5 6201.04 57515.4 6153.7 51361.7 51165.3 46495.9 4669.45 1104.1 577.766 5915.4 3933.54 526.333 5812.65 2031.78 3780.87 3077.04 412.399 856.5 135.544 390.789 1981.85 1423.24 165.367 558.61
internal_count=302789 293692 287805 25642 16324 262163 22752 239411 32204 207207 205857 187593 18264 5321 2716 17752 11868 2605 17954 6030 11924 9304 1927 2564 689 1916 5884 4233 789 1651
cat_boundaries=0 1 2 3 4 5 6 7
cat_threshold=2 4 1 1 2 4 2
is_linear=0
shrinkage=0.05


Tree=65
num_leaves=36
num_cat=7
split_feature=14 12 14 0 10 11 1 8 2 10 11 14 14 0 8 0 1 4 8 11 7 7 7 3 7 3 7 7 7 7 7 8 7 8 7
split_gain=128.975 83.2085 402.151 132.996 79.9804 65.1587 216.021 74.1226 85.4532 392.303 111.42 78.1147 317.363 67.9973 22.6043 18.6248 13.1888 6.90007 5.99597 5.45915 4.74225 4.07569 15.8385 2.87964 2.62437 1.95222 1.9508 1.71935 2.0145 1.36362 1.08911 1.53321 1.06077 0.694624 0.360223
threshold=475.00000000000006 32.500000000000007 75.000000000000014 0 335.00000000000006 6.5000000000000009 600.00000000000011 420.50000000000006 1 590.00000000000011 12.500000000000002 15.000000000000002 50.000000000000007 2 185.50000000000003 3 750.00000000000011 4 175.00000000000003 26.500000000000004 22.950000000000003 23.850000000000005 23.050000000000004 5 20.850000000000005 6 23.250000000000004 21.250000000000004 20.550000000000004 24.450000000000003 24.550000000000004 533.00000000000011 24.950000000000003 478.00000000000006 22.150000000000002
decision_type=2 2 2 1 2 2 2 2 1 2 2 2 2 1 2 1 2 1 2 2 2 2 2 1 2 1 2 2 2 2 2 2 2 2 2
left_child=1 2 3 14 -3 6 -6 8 9 10 -7 17 -13 16 27 -4 19 -10 29 -9 23 22 24 -20 -16 -18 -22 28 -1 34 31 -15 -31 -23 -8
right_child=-2 4 15 -5 5 7 18 13 11 -11 -12 12 -14 30 21 -17 25 -19 20 -21 26 33 -24 -25 -26 -27 -28 -29 -30 32 -32 -33 -34 -35 -36
leaf_value=0.010259733333176984 -0.046627191118849644 -0.044707654225955268 0.026076138668097111 -0.047265813348193048 0.049441169848423165 -0.046994753804142364 0.0021345449736873763 0.0056316557384233148 0.0051019129256410656 -0.051857813899425079 -0.00040619243191354116 -0.049678494464796073 0.001037990111094136 0.017912137147876091 -3.433057704180795e-05 0.050148838131646306 -0.0027036127944201575 0.0099678865706820385 0.0057940249310430873 0.00087028590190597671 0.01450025338335445 -0.0058719474831543765 0.02061665379347348 0.0023162672999110577 -0.0088204307331127118 0.00086839216332897518 0.0075331114214449192 0.013427741046615661 -0.00092729562260877765 -0.0055579468521654296 0.0096915675732773994 0.013124418559381932 0.0010839646285761039 -0.018341532980962187 0.003959151956932771
leaf_weight=72.446450084447861 126.64637773111463 82.669930323958397 154.14243037253618 151.62156260479242 271.99156227707863 121.61556808277965 1178.6815788596869 3784.2491571009159 1181.5931015312672 407.80895149707794 5274.2042159587145 300.84861423447728 39724.045994862914 704.75333076715469 139.68570326268673 464.27992228418589 530.73718512058258 2363.9848749935627 1858.7037856727839 750.83234415948391 147.4928030371666 51.271625757217407 54.305673435330391 988.43364012241364 265.78189216554165 1281.8532731831074 875.45999450981617 255.82320921123028 61.334668457508087 80.313245490193367 192.01445221155882 649.6790934279561 149.38493072986603 47.338767364621162 537.83936025202274
leaf_count=254 9254 5904 1334 10939 4989 5034 3566 11765 3595 9258 19642 10666 156870 2925 630 9154 1608 7078 5583 2702 430 245 224 3001 1294 3818 2622 900 219 247 845 2976 449 242 1604
internal_value=0.00188615 0.00198835 0.0128189 -0.00532925 0.00169229 0.00176066 0.00667612 0.00123615 0.000515262 -0.0051772 -0.00155049 0.00127566 0.000643215 0.00573226 0.00174928 0.0447387 0.00341948 0.00837923 0.00458626 0.00485801 0.00573283 -0.00461546 -0.00236686 0.00461649 -0.0059876 -0.000159174 0.00871671 0.0108836 0.00507529 0.00226308 0.0151104 0.0157653 -0.00116475 -0.013456 0.00275483
internal_weight=65283.9 65157.2 1718.03 1099.61 63439.2 63356.5 6088.3 57268.2 49374.1 5803.63 5395.82 43570.5 40024.9 7894.12 947.988 618.422 6347.67 3545.58 5816.31 4535.08 3870.09 558.384 459.773 2847.14 405.468 1812.59 1022.95 389.604 133.781 1946.22 1546.45 1354.43 229.698 98.6104 1716.52
internal_count=301866 292612 25435 14947 267177 261273 22491 238782 212143 33934 24676 178209 167536 26639 4008 10488 19893 10673 17502 14467 11636 2635 2148 8584 1924 5426 3052 1373 473 5866 6746 5901 696 487 5170
cat_boundaries=0 1 2 3 4 5 6 7
cat_threshold=2 2 2 2 2 4 4
is_linear=0
shrinkage=0.05


Tree=66
num_leaves=38
num_cat=11
split_feature=14 12 1 0 10 11 1 8 0 10 2 0 2 8 8 8 8 8 1 6 7 7 7 3 6 8 4 8 8 6 7 7 7 7 4 7 7
split_gain=121.867 81.3322 346.46 149.052 73.6954 63.3006 210.319 68.3975 59.9891 59.15 322.387 559.261 225.792 333.691 292.838 52.4284 29.5658 11.3461 8.33166 5.63142 4.11007 4.05124 6.91614 3.93816 3.70192 3.26744 3.0474 2.75262 2.74128 1.96485 1.86259 1.84778 1.60411 1.28617 0.69075 0.172877 1.91579
threshold=475.00000000000006 32.500000000000007 750.00000000000011 0 335.00000000000006 6.5000000000000009 600.00000000000011 420.50000000000006 1 625.00000000000011 2 3 4 159.00000000000003 159.00000000000003 26.500000000000004 185.50000000000003 175.00000000000003 750.00000000000011 5 22.250000000000004 20.850000000000005 21.950000000000003 6 7 458.00000000000006 8 171.00000000000003 317.50000000000006 9 22.350000000000005 20.950000000000003 22.150000000000002 23.950000000000003 10 24.250000000000004 24.850000000000005
decision_type=2 2 2 1 2 2 2 2 1 2 1 1 1 2 2 2 2 2 2 1 2 2 2 1 1 2 1 2 2 1 2 2 2 2 1 2 2
left_child=1 2 3 16 -3 6 -6 9 18 10 11 -7 13 -11 -14 -12 19 20 25 -1 26 34 -23 -20 -24 -9 -8 32 31 -22 -29 -19 -21 -30 -18 -10 -37
right_child=-2 4 -4 -5 5 7 17 8 35 12 15 -13 14 -15 -16 -17 21 28 23 27 29 22 24 -25 -26 -27 -28 30 33 -31 -32 -33 -34 -35 -36 36 -38
leaf_value=0.022045186815335144 -0.046434258493626625 -0.044334561353520291 0.050028402726555003 -0.047068835278444708 0.049305885921072733 -0.0037063704007230546 7.6884959954753984e-05 0.0049050830683660179 0.01475958211700888 0.051217533052771526 0.02623222702618664 -0.050901617771198095 -0.049540213176889253 0.0075107451688656629 0.00047163598223439151 0.00056885089960204474 0 0.0048219522754813209 -0.0032555233564343085 0.02177326726417092 0.0010305567954234489 -0.013401835905981114 -0.0093629991826749762 0.0018021568035283674 0.0032181284372810441 0.0011539588047707952 0.0051216940982081738 0.002387468958809571 0.0037970822468690046 -0.0040755591810990406 0.011383902466583893 0.0084701291844665409 0.0059309309108097896 0.0075228352687830239 0.0068998721460305848 0.002241770511940252 0.013496518200997832
leaf_weight=152.81957929208875 121.38288576714694 77.638671549037099 442.74624800309539 144.18749192729592 262.69462149962783 2479.6492304503918 554.04307468235493 3858.8776582479477 1301.5058597177267 482.10248909890652 190.53586293011904 832.55814749002457 289.60586905479431 3985.8207937180996 12640.228222519159 28477.777713671327 69.229252904653549 658.52898173034191 530.48315733671188 63.994807451963425 321.60823000967503 146.21919538080692 70.227762028574944 1312.3391762077808 204.5515196621418 734.50914938747883 699.13767105340958 165.12654954195023 1634.0997154861689 397.52669766545296 106.21839362382889 1287.9876509457827 46.627097688615322 324.53590473532677 85.457371458411217 71.165997684001923 147.55679127573967
leaf_count=750 9281 5791 9155 10892 5049 9065 1689 12040 5740 5550 1338 29317 10760 14694 44142 97555 313 1966 1611 568 968 744 334 3896 947 2652 2095 590 4973 1217 380 3835 421 976 377 321 647
internal_value=0.00166111 0.00175845 0.0125319 -0.000951316 0.00146799 0.00153178 0.00635411 0.00101345 0.00531298 0.000318705 -0.000956513 -0.015702 0.00266488 0.0123419 -0.000682098 0.000750246 0.00535876 0.00434539 0.00318168 0.0137255 0.00121383 -0.00242987 -0.00499849 0.000309532 -3.76366e-05 0.00431993 0.00294918 0.00979187 0.0059071 -0.00174064 0.00636631 0.00729242 0.0165555 0.0044749 0.00413635 0.0142238 0.0103113
internal_weight=65371.3 65249.9 1697.41 1254.66 63552.5 63474.9 6140.16 57334.7 7956.44 49378.3 31980.5 3312.21 17397.8 4467.92 12929.8 28668.3 1110.47 5877.47 6436.21 534.786 1972.32 575.685 420.998 1842.82 274.779 4593.39 1253.18 381.967 3905.15 719.135 271.345 1946.52 110.622 1958.64 154.687 1520.23 218.723
internal_count=302639 293358 25471 16316 267887 262096 22768 239328 26907 212421 137275 38382 75146 20244 54902 98893 5424 17719 20199 2709 5969 2715 2025 5507 1281 14692 3784 1959 11750 2185 970 5801 989 5949 690 6708 968
cat_boundaries=0 1 2 3 4 5 6 7 8 9 10 11
cat_threshold=2 2 1 4 1 1 4 1 4 4 4
is_linear=0
shrinkage=0.05


Tree=67
num_leaves=32
num_cat=6
split_feature=14 10 12 1 0 11 1 1 14 10 11 2 11 10 4 3 3 7 7 7 7 7 10 10 7 7 7 7 4 7 7
split_gain=111.939 71.5687 60.3576 357.054 132.081 57.7011 197.572 52.6927 238.375 139.516 43.8748 284.477 107.021 37.4315 9.86272 4.57014 3.8148 2.75931 6.0619 2.74463 2.57249 2.00461 1.83671 1.83325 1.7778 1.75091 1.36871 1.34958 1.27115 0.984351 0.45508
threshold=475.00000000000006 335.00000000000006 32.500000000000007 750.00000000000011 0 6.5000000000000009 600.00000000000011 960.00000000000011 355.00000000000006 625.00000000000011 12.500000000000002 1 22.500000000000004 535.00000000000011 2 3 4 19.050000000000004 18.850000000000005 20.050000000000004 21.250000000000004 22.350000000000005 470.00000000000006 365.00000000000006 21.450000000000003 17.950000000000003 23.650000000000002 19.850000000000005 5 20.550000000000004 18.050000000000004
decision_type=2 2 2 2 1 2 2 2 2 2 2 1 2 2 1 1 1 2 2 2 2 2 2 2 2 2 2 2 1 2 2
left_child=1 -1 3 4 13 6 -4 8 10 17 11 -7 -12 22 15 -15 -16 18 -9 27 23 -22 29 -21 -19 -11 -27 30 -24 -3 -8
right_child=-2 2 5 -5 -6 7 19 9 -10 25 12 -13 -14 14 16 -17 -18 24 -20 20 21 -23 28 -25 -26 26 -28 -29 -30 -31 -32
leaf_value=-0.044154283438015654 -0.046131768784870748 0.0035280195885265225 0.04909543794086197 0.049917016821812113 -0.046920080080431831 -0.00081914284096478514 0.00067085456137692208 -0.0021753231053464775 -0.049013994781928277 0.0049693809834574221 0.0079179251531764534 -0.049378367741616677 0.00029195366339452791 0.0096258047004940898 0.00078504605811621081 -0.0045020457684391254 -0.012723954599195448 6.6488754657204611e-05 -0.014088534043124275 0.0029863791456237795 0.0058674079087490446 0.0032509134445841041 0.014402956827147338 -0.00063637432177843971 -0.0031480431239147713 0.01489677401065328 0.021365148161932256 0.012247471493168339 0.0069038950120865515 0.020182204161359778 0.0060141413098069247
leaf_weight=75.566419828683138 113.38985868915915 22.834860686212778 244.5933260768652 424.97513580322266 139.24526969343424 5796.9500546753407 67.221177190542221 519.12214036285877 232.99810898862779 65.54389463365078 5174.7021325081587 308.34283255040646 41004.855973906815 108.47564201056957 53.212926119565964 96.975460797548294 301.88998855650425 1222.3156967312098 131.6488232165575 991.58201032876968 1350.4858274906874 2065.8943301141262 136.66542895138264 500.6090642362833 630.01474079489708 1880.9789985194802 184.97099963575602 106.35680834949017 233.99237544834614 124.03258886560798 803.27873615920544
leaf_count=5885 9071 210 4926 9216 11012 17918 204 1893 9217 286 16896 14154 162434 501 239 449 1475 4429 497 3006 4056 6251 482 1532 2302 8061 783 312 840 1120 2414
internal_value=0.00143547 0.00152631 0.00158704 0.0110258 -0.00280676 0.00133959 0.00594699 0.000843582 0.000391035 0.00594906 0.000621487 -0.0033565 0.0011491 0.00322384 -0.00562617 0.00282577 -0.0105966 -0.0020411 -0.00483774 0.00406506 0.00354722 0.0043139 0.0128294 0.00174157 -0.00101102 0.0153213 0.0156001 0.0065542 0.010106 0.0183015 0.00567062
internal_weight=65113.7 65000.3 64924.8 1642.3 1217.32 63282.5 6130.02 57152.4 52517.8 4634.6 52284.9 6105.29 46179.6 1078.08 560.554 205.451 355.103 2503.1 650.771 5885.43 4908.57 3416.38 517.525 1492.19 1852.33 2131.49 2065.95 976.857 370.658 146.867 870.5
internal_count=302071 293000 287115 25544 16328 261571 22701 238870 220619 18251 211402 32072 179330 5316 2664 950 1714 9121 2390 17775 14845 10307 2652 4538 6731 9130 8844 2930 1322 1330 2618
cat_boundaries=0 1 2 3 4 5 6
cat_threshold=2 4 2 4 1 2
is_linear=0
shrinkage=0.05


Tree=68
num_leaves=32
num_cat=7
split_feature=14 10 12 1 0 13 1 1 14 14 14 10 14 14 10 11 10 13 6 4 6 4 7 6 7 7 4 12 7 7 7
split_gain=107.414 68.0983 65.2456 322.427 131.645 48.0737 262.079 135.558 216.134 76.3753 277.189 466.186 63.0035 66.9609 160.584 13.6854 12.3253 11.6655 8.72382 8.24568 10.3212 8.14815 8.79121 6.5085 5.66894 5.28115 4.71317 3.49076 1.82805 0.99377 0.324521
threshold=475.00000000000006 335.00000000000006 32.500000000000007 750.00000000000011 0 26.000000000000004 750.00000000000011 600.00000000000011 50.000000000000007 15.000000000000002 50.000000000000007 665.00000000000011 15.000000000000002 270.00000000000006 390.00000000000006 29.000000000000004 470.00000000000006 18.500000000000004 1 2 3 4 20.850000000000005 5 18.550000000000004 22.750000000000004 6 25.000000000000004 21.750000000000004 20.650000000000002 23.850000000000005
decision_type=2 2 2 2 1 2 2 2 2 2 2 2 2 2 2 2 2 2 1 1 1 1 2 1 2 2 1 2 2 2 2
left_child=1 -1 3 4 16 6 12 8 21 15 -11 -12 18 14 -14 26 29 -15 28 27 -21 22 -7 -23 -17 -20 -9 -18 -4 -3 -31
right_child=-2 2 5 -5 -6 7 -8 9 -10 10 11 -13 13 17 -16 24 19 -19 25 20 -22 23 -24 -25 -26 -27 -28 -29 -30 30 -32
leaf_value=-0.043827192435537753 -0.045912948612236562 0.0039954278902973716 -0.0087719713738697667 0.04979474560008694 -0.046683220093774624 0.022729374900984506 -0.048853118310160024 0.0015070797301750978 -0.051527227338960868 -0.049342574139539158 -2.0659588218286955e-05 0.051000099671739935 0.048956372520570321 0.0017920417538005726 0.0076393326805679106 -0.0023509374532634667 0.01157575553327019 0.0061235390233643225 -0.0074638789403979888 -0.0081173609374448914 0.0048428813023763005 0.0020280383799181948 0.0005937410630628754 -0.010957192380935506 0.0084615748670565944 0.003326923261470396 0.0053066347383435427 4.8904982157379675e-05 -0.017673599621185466 0.022053690908514587 0.0067137400347678476
leaf_weight=71.768769538030028 108.34176665917039 26.201440561562777 170.89921350777149 404.20244285836816 131.31572447996587 54.874431163072586 222.96011388301849 1548.1435609310865 309.4981388412416 270.02692963927984 37613.017275052145 443.08965218067169 235.81395131349564 7920.6196105927229 6039.7457125633955 114.22301638126373 241.96377129852772 1951.1272941082716 318.59277318418026 277.29844066500664 317.29226315021515 168.85892896354198 163.50994065403938 192.69932398200035 3437.2798643708229 158.45609517395496 1860.3041833639145 100.86111478507519 211.90819990634918 92.242995135486126 26.161183673888445
leaf_count=5835 9066 242 809 9193 10871 238 9240 4915 7567 10511 146788 5346 4976 23805 19652 357 973 5852 1506 1217 1356 779 754 918 10368 702 5835 469 1010 848 240
internal_value=0.00166665 0.00175365 0.00181146 0.0117019 -0.00125051 0.00155655 0.00381027 0.000713864 -0.0185043 0.00109642 0.000219456 0.000585307 0.00453191 0.00523733 0.00927526 0.00591118 0.00459449 0.00265854 -0.00856566 0.00234852 -0.00115296 -0.00022156 0.00712647 -0.00486675 0.00809416 -0.00378224 0.00360493 0.0084237 -0.0141514 0.0177371 0.0198406
internal_weight=65203.3 65095 65023.2 1617.54 1213.34 63405.6 17230.1 46175.5 889.441 45286.1 38326.1 38056.1 17007.2 16147.3 6275.56 6959.95 1082.02 9871.75 859.856 937.416 594.591 579.943 218.384 361.558 3551.5 477.049 3408.45 342.825 382.807 144.606 118.404
internal_count=302238 293172 287337 25409 16216 261928 67552 194376 10256 184120 162645 152134 58312 54285 24628 21475 5345 29657 4027 4015 2573 2689 992 1697 10725 2208 10750 1442 1819 1330 1088
cat_boundaries=0 1 2 3 4 5 6 7
cat_threshold=2 4 2 4 2 4 4
is_linear=0
shrinkage=0.05


Tree=69
num_leaves=26
num_cat=7
split_feature=14 11 12 1 0 8 14 14 14 8 0 0 1 8 8 8 4 7 4 7 7 7 5 5 8
split_gain=102.316 64.4523 61.2783 309.281 124.421 47.2066 39.2802 78.654 432 426.007 97.3765 93.5421 65.0249 15.4914 11.4994 7.46735 7.30043 4.08113 3.91695 3.89945 3.47974 5.01304 1.64096 1.48619 1.43951
threshold=475.00000000000006 4.0000000000000009 32.500000000000007 750.00000000000011 0 26.500000000000004 15.000000000000002 90.000000000000014 115.00000000000001 274.00000000000006 1 2 600.00000000000011 450.00000000000006 185.50000000000003 401.00000000000006 3 18.550000000000004 4 20.850000000000005 23.150000000000002 22.150000000000002 5 6 171.00000000000003
decision_type=2 2 2 2 1 2 2 2 2 2 1 1 2 2 2 2 1 2 1 2 2 2 1 1 2
left_child=1 -1 3 4 14 -4 12 9 -9 -8 -10 -11 15 17 23 16 -7 -14 -15 -17 21 -16 -22 -3 -25
right_child=-2 2 5 -5 -6 6 7 8 10 11 -12 -13 13 18 20 19 -18 -19 -20 -21 22 -23 -24 24 -26
leaf_value=-0.043535642893595315 -0.045711508166704051 0.012001482876069954 0.025975326505526714 0.049681247074616769 -0.046468510985597476 0.0039107849609650433 -0.05004751338710442 0.050861524638960202 -0.0061302158305858723 -0.00015079309146209487 0.0019688278653639622 -0.046519428508290175 0 0.0022282740972438702 -0.0013453937841798255 -0.016853336849627039 -0.0054784967122748903 0.0092785777450691415 0.0057375969656831213 -0.0066428150202444015 -0.0018442279466207555 0.010332131987240038 -0.013761495977215245 0.011714677728165349 0.0016967803569904148
leaf_weight=68.670433097518981 104.06086449790746 326.16927065327764 186.37602603435516 386.91906943917274 124.85460438206792 320.6572051346302 455.03397518396378 433.08240082114935 4061.740285769105 7839.9606157019734 41703.930913735181 100.33674238063395 117.91477194428444 1543.1510675698519 326.25964410603046 134.29379789531231 531.38039417564869 3396.5270633995533 1832.5478381216526 459.00032016634941 87.608365163207054 114.45418524742126 49.047267705202103 52.30902761593461 132.20343890786171
leaf_count=5827 9107 1689 1354 9229 10818 1489 19122 5475 22026 27708 154816 3237 365 4890 1545 631 2551 10239 5749 2089 415 517 240 490 483
internal_value=0.00158975 0.00167355 0.00172901 0.0113674 -0.00112017 0.00148215 0.00140469 0.000914994 0.00172484 -0.00353232 0.00124776 -0.00080079 0.00460111 0.00662574 0.00441385 -0.00499552 -0.00188254 0.00896196 0.00415945 -0.00927792 -0.00035602 0.0017383 -0.00710911 0.00980589 0.00525014
internal_weight=64888.5 64784.4 64715.8 1599.82 1212.91 63115.9 62929.6 54594.1 46198.8 8395.33 45765.7 7940.3 8335.47 6890.14 1088.05 1445.33 852.038 3514.44 3375.7 593.294 577.369 440.714 136.656 510.682 184.512
internal_count=302101 292994 287167 25426 16197 261741 260387 232384 182317 50067 176842 30945 28003 21243 5379 6760 4040 10604 10639 2720 2717 2062 655 2662 973
cat_boundaries=0 1 2 3 4 5 6 7
cat_threshold=2 2 2 2 4 1 1
is_linear=0
shrinkage=0.05


Tree=70
num_leaves=33
num_cat=7
split_feature=14 10 12 14 0 13 1 1 14 14 14 10 10 14 8 0 8 8 6 7 4 4 7 7 7 8 8 4 7 3 7 7
split_gain=96.8786 61.1985 58.3347 295.495 106.09 46.4532 245.925 152.595 181.094 72.7763 252.06 427.398 39.9523 36.7435 26.9995 26.3277 20.3677 8.00827 6.41093 3.73738 3.7179 3.17868 4.44634 3.23968 2.91918 13.1146 5.20964 2.89591 2.69192 2.41152 1.63989 0.204452
threshold=475.00000000000006 335.00000000000006 32.500000000000007 75.000000000000014 0 26.000000000000004 750.00000000000011 600.00000000000011 50.000000000000007 15.000000000000002 50.000000000000007 665.00000000000011 345.00000000000006 15.000000000000002 66.000000000000014 1 185.50000000000003 450.00000000000006 2 22.050000000000004 3 4 20.350000000000005 20.850000000000005 18.950000000000003 262.50000000000006 262.50000000000006 5 21.450000000000003 6 20.850000000000005 21.050000000000004
decision_type=2 2 2 2 1 2 2 2 2 2 2 2 2 2 2 1 2 2 1 2 1 1 2 2 2 2 2 1 2 1 2 2
left_child=1 -1 3 4 16 6 12 8 21 17 -11 -12 24 18 -15 -5 27 19 -14 -9 28 23 -23 -7 25 -4 -26 -3 -18 -19 -22 -29
right_child=-2 2 5 15 -6 7 -8 9 -10 10 11 -13 13 14 -16 -17 20 29 -20 -21 30 22 -24 -25 26 -27 -28 31 -30 -31 -32 -33
leaf_value=-0.043253365264833372 -0.045479351057774148 0.016869042150223199 0.0056812273836984008 0.020839960507629457 -0.046271828707155307 0.010936877401604093 -0.048674524517561171 0.0059012633808087755 -0.051295081694893913 -0.049053395838434169 -9.1476908269533426e-05 0.050683470152457069 -0.0089129199156772997 0.024895931475810096 0.006072605356742037 0.049547702969787735 -0.0013656751683908024 0.0061483674783775867 -0.00022706054723649365 0.0094183190278658638 0.0054786241306574706 -0.018354397547434613 -0.0033110174368486756 -0.0021602089637361341 -0.001577296283616268 -0.016175988202459687 0.0021482520292122839 0.0098800963169493102 -0.012494743119547385 0.0030408484624202745 -0.0023804840630718156 0.004576816248640629
leaf_weight=65.879590607248247 99.382819123566151 135.92630626261234 127.4612018018961 138.16492458432913 119.45540588255972 54.092016607522964 211.66183336079121 2056.7478940784931 293.86884862929583 248.69687878526747 37468.785508681089 409.06786301732063 384.17499792575836 186.6530654206872 11887.335154291242 365.17413122579455 103.44917683303356 929.23146858811378 488.5702740997076 1460.123197004199 80.32721321284771 54.453667730093002 301.34998498857021 159.89300811290741 1835.8576289564371 124.98461025953293 1889.7923640161753 72.923677504062653 148.7934899777174 2461.9978792965412 235.92356078326702 165.61785632371902
leaf_count=5833 9095 483 372 1296 10831 238 9172 6280 7624 10639 146356 5419 1827 1387 40901 9135 485 2916 2260 4411 354 266 1419 741 5505 396 5589 257 734 7793 1130 606
internal_value=0.00152324 0.00160327 0.00165647 0.011164 -0.00380916 0.00141778 0.00363895 0.000586794 -0.0201073 0.000989144 0.000131669 0.000468788 0.00432449 0.0056702 0.0063881 0.0423244 0.00194671 0.00570738 -0.0041648 0.0073982 -0.00394052 -0.00332868 -0.00618882 0.00126777 -4.58346e-05 -0.00515368 0.000299752 0.0108844 -0.0083473 0.00392261 -0.000124286 0.00673153
internal_weight=64765.8 64666.4 64600.6 1565.76 1062.42 63034.8 17136.5 45898.3 863.658 45034.7 38126.6 37877.9 16924.8 12946.7 12074 503.339 942.961 6908.1 872.745 3516.87 568.493 569.789 355.804 213.985 3978.1 252.446 3725.65 374.468 252.243 3391.23 316.251 238.542
internal_count=301750 292655 286822 25311 14880 261511 67409 194102 10288 183814 162414 151775 58237 46375 42288 10431 4049 21400 4087 10691 2703 2664 1685 979 11862 768 11094 1346 1219 10709 1484 863
cat_boundaries=0 1 2 3 4 5 6 7
cat_threshold=2 2 4 4 2 2 2
is_linear=0
shrinkage=0.05


Tree=71
num_leaves=32
num_cat=7
split_feature=14 10 12 1 0 11 1 11 2 1 14 10 11 10 11 5 6 7 7 4 7 4 10 7 7 7 7 7 7 4 7
split_gain=95.0643 59.2471 47.7895 288.081 110.89 41.3937 184.733 53.2655 256.246 33.4586 208.895 145.624 83.9029 12.3542 6.33278 6.22524 5.94546 5.82682 5.62658 4.84046 4.35068 4.10522 2.81645 2.55397 2.43823 2.21699 2.0361 1.82673 1.49621 0.738595 0.417841
threshold=475.00000000000006 335.00000000000006 32.500000000000007 750.00000000000011 0 6.5000000000000009 600.00000000000011 12.500000000000002 1 960.00000000000011 355.00000000000006 625.00000000000011 22.500000000000004 535.00000000000011 5.5000000000000009 2 3 21.150000000000002 25.150000000000002 4 19.950000000000003 5 470.00000000000006 24.150000000000002 19.050000000000004 21.250000000000004 24.650000000000002 23.450000000000003 23.850000000000005 6 24.550000000000004
decision_type=2 2 2 2 1 2 2 2 1 2 2 2 2 2 2 1 1 2 2 1 2 1 2 2 2 2 2 2 2 1 2
left_child=1 -1 3 4 13 6 -4 8 15 10 12 19 -9 22 16 18 25 -17 -7 -11 24 -18 23 -3 -16 -8 27 -15 -24 -22 -13
right_child=-2 2 5 -5 -6 7 14 9 -10 11 -12 30 -14 26 20 17 21 -19 -20 -21 29 -23 28 -25 -26 -27 -28 -29 -30 -31 -32
leaf_value=-0.043046899612406098 -0.045374041472230016 0.018245485013469748 0.048795180517464259 0.049442516582981516 -0.046101808085454915 -0.002729661990765376 0.0026346170735886813 0.0074327900685411787 -0.049107396316490554 -0.0068203271793041463 -0.048487462641394696 0.014732820261143295 0.00064987456886593693 -0.0013709557624341558 0.0050205487275970725 0.0044225339062926297 0.0031251457046529104 -0.0009912941367465661 0.0056168706810864472 -0.0013826386932801298 0.0050389316944539353 -0.00071138244307454817 0.0042609691821395368 0 -0.0037891360598377799 0.0073260160896250273 -0.0091788448306572273 0.0072560613241220602 0.013012010523619447 0.007871161401699571 0.021349553420362155
leaf_weight=64.007199294865131 97.628664868883789 117.36382564529777 225.99778611212969 351.56246133521199 115.18097205087543 3554.6825590878725 491.4652224779129 5127.6304697245359 281.48059071600437 524.06401431560516 200.67164002358913 2029.832395106554 40758.437816396356 440.87499034404755 137.2987127751112 813.92368575930595 1334.3886397778988 1220.442149206996 201.22211320698261 1959.1866312921047 562.73701159656048 1409.0870053470135 283.96134938299656 21.490749001502991 156.72394728660583 674.80746437609196 62.653232708573341 60.754240706562996 68.804483085870743 1090.3209182918072 107.14916004240513
leaf_count=5912 9341 1128 5035 9223 10927 11055 1501 16786 14248 1947 9109 8793 162278 2080 410 2459 4058 3786 607 7120 1700 4338 1039 206 485 2017 311 282 251 3266 459
internal_value=0.00156421 0.00164312 0.001695 0.0104246 -0.00156581 0.00148113 0.00539981 0.00105956 -0.00335984 0.00159029 0.00118157 0.00564516 0.00141039 0.00363234 0.00363647 -0.00104648 0.00244403 0.00116129 -0.00225549 -0.00257301 0.00598063 0.00114107 0.00935632 0.0155545 0.000190054 0.00543078 -0.0013436 -0.000106977 0.00641727 0.00697317 0.0151858
internal_weight=64545.8 64448.2 64384.2 1522.65 1171.08 62861.5 6082.83 56778.7 6071.75 50707 46086.7 4620.23 45886.1 1055.9 5856.83 5790.27 3909.75 2034.37 3755.9 2483.25 1947.08 2743.48 491.62 138.855 294.023 1166.27 564.282 501.629 352.766 1653.06 2136.98
internal_count=302157 292816 286904 25447 16224 261457 22810 238647 32155 206492 188173 18319 179064 5297 17775 17907 11914 6245 11662 9067 5861 8396 2624 1334 895 3518 2673 2362 1290 4966 9252
cat_boundaries=0 1 2 3 4 5 6 7
cat_threshold=2 4 1 1 1 4 2
is_linear=0
shrinkage=0.05


Tree=72
num_leaves=33
num_cat=7
split_feature=14 10 11 1 11 2 12 14 0 14 10 2 11 14 11 0 7 8 7 8 8 6 4 7 7 7 4 7 7 7 7 7
split_gain=88.2076 56.4865 37.0169 171.386 44.4575 249.702 36.3809 292.878 88.6577 38.8745 118.916 83.4663 45.7489 49.2331 41.7677 26.4641 12.5861 10.5 4.94726 6.58221 4.60216 3.16755 3.08238 3.27773 2.57177 2.12536 1.90681 1.68178 3.72462 2.41833 1.26136 2.13336
threshold=475.00000000000006 335.00000000000006 6.5000000000000009 600.00000000000011 12.500000000000002 0 32.500000000000007 75.000000000000014 1 245.00000000000003 625.00000000000011 2 22.500000000000004 15.000000000000002 19.000000000000004 3 26.050000000000004 185.50000000000003 22.450000000000003 262.50000000000006 175.00000000000003 4 5 19.750000000000004 18.250000000000004 20.550000000000004 6 20.250000000000004 21.050000000000004 19.350000000000005 24.650000000000002 22.750000000000004
decision_type=2 2 2 2 2 1 2 2 1 2 2 1 2 2 2 1 2 2 2 2 2 1 1 2 2 2 1 2 2 2 2 2
left_child=1 -1 3 -3 5 16 7 8 17 12 11 -11 14 -14 -8 -9 18 -6 26 -20 22 -12 23 -5 -22 -25 -4 29 -29 -26 31 -24
right_child=-2 2 4 20 6 -7 9 15 -10 10 21 -13 13 -15 -16 -17 -18 -19 19 -21 24 -23 30 25 27 -27 -28 28 -30 -31 -32 -33
leaf_value=-0.04275931517263553 -0.045030662048430314 0.048589437678306618 0.00024071503107472077 -0.0093347324478060805 0.0062248586885214376 -0.048971562483225893 0.0025064673975691847 0.020158768860337836 -0.045880486885625897 0.0038330332976785407 0.011915801793068628 -0.0059782912506101986 0.0033815329183544372 -0.0010982392938657015 0.015201303099948322 0.049329120597012929 -0.020029365676673096 -0.0044671346225709915 -0.00028247054424502475 0.0058780252055771406 -0.0035514690287848164 0.016614791583710608 0.0024419326062531457 0.0079308191631015535 0.0037944110524012254 -0.00077556335194525934 -0.0020600991112366455 0.0010247069887706617 0.0053228397363903109 0.010324947680934728 -0.0011234172180338842 0.0078420087072799665
leaf_weight=61.460365271195769 91.305901114828885 211.80803364515305 1343.7550759017467 91.211013957858086 372.25820589065552 268.68927600979805 2110.0014923810959 135.5707678347826 109.80494311638176 10998.0569871068 914.41347131878138 2686.726533472538 8262.1480749100447 23704.720464842394 936.80919425189495 336.5762722492218 71.421377077698708 564.14291495084763 1199.6187764853239 656.06396399438381 77.167380630970001 1186.6453273147345 937.90887361764908 71.165004700422287 317.75508816540241 476.22478266060352 2503.3347156941891 679.82266844809055 2439.9861299693584 349.14473640918732 134.47733819484711 243.12872779369354
leaf_count=5921 9133 4944 4144 291 1365 14258 6282 1314 10898 32657 4027 18349 27946 107834 4638 9260 236 2690 3777 1913 240 5167 2839 213 965 1454 7765 2081 7415 1038 409 718
internal_value=0.00157397 0.00164775 0.00169754 0.0054268 0.00131052 -0.00274366 0.00178018 0.00938844 -0.00537961 0.00154999 0.00360978 0.00190017 0.00061914 5.87332e-05 0.00646309 0.0416488 -0.000502958 -0.000142931 -0.000215025 0.00188856 0.00376618 0.0146595 0.00173579 -0.00104559 0.00477299 0.000388609 -0.00124494 0.0049647 0.0044085 0.00738926 0.0031214 0.00365208
internal_weight=64543.3 64452 64390.6 6029.8 58360.8 6042.88 52317.9 1518.35 1046.21 50799.5 15785.8 13684.8 35013.7 31966.9 3046.81 472.147 5774.19 936.401 5702.77 1855.68 5817.99 2101.06 1954.12 638.601 3863.88 547.39 3847.09 3786.71 3119.81 666.9 1315.51 1181.04
internal_count=302181 293048 287127 22607 264520 32093 232427 25527 14953 206900 60200 51006 146700 135780 10920 10574 17835 4055 17599 5690 17663 9194 5924 1958 11739 1667 11909 11499 9496 2003 3966 3557
cat_boundaries=0 1 2 3 4 5 6 7
cat_threshold=4 2 4 2 4 2 2
is_linear=0
shrinkage=0.05


Tree=73
num_leaves=34
num_cat=12
split_feature=14 12 1 0 10 11 1 14 14 10 1 8 13 12 8 6 4 8 8 5 6 4 8 6 8 3 4 8 3 3 4 8 8
split_gain=82.8844 53.8733 251.426 104.145 53.0998 52.9739 162.099 39.7177 55.9899 410.01 186.241 49.4633 40.6517 23.3088 21.7427 9.08535 8.99817 7.14872 3.93506 3.74841 3.39587 2.25858 2.21029 1.73196 1.50375 0.943916 0.747826 1.18082 0.448125 0.197249 0.0551079 1.50664 1.39518
threshold=475.00000000000006 32.500000000000007 750.00000000000011 0 335.00000000000006 6.5000000000000009 600.00000000000011 15.000000000000002 30.000000000000004 665.00000000000011 600.00000000000011 420.50000000000006 27.500000000000004 67.500000000000014 185.50000000000003 1 2 175.00000000000003 171.00000000000003 3 4 5 317.50000000000006 6 458.00000000000006 7 8 478.00000000000006 9 10 11 478.00000000000006 478.00000000000006
decision_type=2 2 2 1 2 2 2 2 2 2 2 2 2 2 2 1 1 2 2 1 1 1 2 1 2 1 1 2 1 1 1 2 2
left_child=1 2 3 14 -3 6 -6 12 10 11 20 -10 16 15 18 -14 24 29 -1 -15 -9 -20 28 -18 -7 -24 27 -16 -19 -8 31 -28 -32
right_child=-2 4 -4 -5 5 7 17 8 9 -11 -12 -13 13 19 26 -17 23 22 21 -21 -22 -23 25 -25 -26 -27 30 -29 -30 -31 32 -33 -34
leaf_value=0.019485997034722966 -0.044823681729773121 -0.042568544599845007 0.049197469209722816 -0.045642911036330232 0.048424065968039283 -0.021010164222059046 0.00041488954478666336 0 -0.00073161765880910617 0.050525592174431533 -0.048901900386514874 0.0049441106487548223 0.0048495904052897644 0.0091468556479630866 -0.00028309391739097769 0 0 0.0043469730274642631 0.013817620335367702 0.005464762218159596 0.0086822763092263746 0.0049202089366121929 0.0056672856686791079 -0.0054560020254851762 -0.0067871474318027467 0.0030279466508284047 -0.0040108330204932392 -0.007500963953511775 0.0068832633045968379 0.0016843872088443341 0.0036568789326545249 0.0041809304377044268 -0.0068163984229506038
leaf_weight=135.86618838831782 87.965850330889225 59.915025657974184 318.72973193228245 104.45652546733618 202.18220990896225 100.60523790121078 552.35543479025364 205.91483740508556 43154.332506516948 391.32061377167702 237.90313307568431 4202.5364975258708 1804.3763058334589 2293.5521043092012 126.50379621982574 2089.5531118363142 219.42259129881859 421.14773954451084 136.02752102911472 1204.8349109739065 246.49805398285389 231.55603864789009 576.64705939590931 494.49340359866619 53.019808873534203 1404.1285330206156 100.26847226917744 123.45862326025963 1503.5279017090797 1372.7085735350847 51.837547764182091 103.99899937212467 50.987924471497536
leaf_count=1340 9196 6019 9196 10844 4944 501 1669 607 178661 5430 10669 14889 6064 6952 602 7133 1012 1266 495 3696 704 848 1757 2323 246 4309 474 604 4534 4175 246 476 250
internal_value=0.00112027 0.00119089 0.0105793 -0.000272746 0.000966601 0.00101576 0.00546707 0.000540375 -5.34708e-06 0.00019943 -0.0140415 -0.00022595 0.00374285 0.00494926 0.00453399 0.00226104 -0.00641921 0.00388855 0.0119751 0.0079122 0.00484298 0.00862394 0.00512043 -0.00384238 -0.0171218 0.00384604 -0.00219545 -0.0041918 0.00637947 0.00135 -0.000331865 0 -0.00123718
internal_weight=64362.6 64274.7 1483.69 1164.96 62791 62731.1 6032.7 56698.4 48438.5 47748.2 690.316 47356.9 8259.86 7392.32 1060.51 3893.93 867.541 5830.52 503.45 3498.39 452.413 367.584 3905.45 713.916 153.625 1980.78 557.055 249.962 1924.68 1925.06 307.093 204.267 102.825
internal_count=302131 292935 25375 16179 267560 261541 22654 238887 210960 198980 11980 193550 27927 23845 5335 13197 4082 17710 2683 10648 1311 1343 11866 3335 747 6066 2652 1206 5800 5844 1446 950 496
cat_boundaries=0 1 2 3 4 5 6 7 8 9 10 11 12
cat_threshold=2 4 1 1 4 2 1 2 4 1 2 2
is_linear=0
shrinkage=0.05


Tree=74
num_leaves=52
num_cat=16
split_feature=10 12 1 0 8 1 10 8 1 2 10 11 12 10 1 2 11 12 10 8 8 11 7 7 7 6 4 8 7 7 0 7 3 4 7 7 6 7 7 7 7 4 4 4 7 6 7 4 6 7 5
split_gain=49.5397 37.819 253.172 94.3281 35.1279 69.2219 93.6098 40.0364 90.0635 82.8611 336.227 71.2673 45.9518 33.504 572.569 41.336 543.089 32.6483 29.5345 19.904 17.4778 11.7972 6.43243 4.88182 8.07135 4.58485 6.75027 6.17309 4.25892 3.23513 2.97755 2.86482 2.51016 3.34217 3.30107 5.27679 3.85053 2.42787 2.98585 1.55693 1.39121 1.28312 1.23853 1.23751 1.23064 1.22546 1.21574 0.888997 0.677984 0.323326 0.292679
threshold=335.00000000000006 32.500000000000007 750.00000000000011 0 101.00000000000001 600.00000000000011 535.00000000000011 420.50000000000006 960.00000000000011 1 590.00000000000011 12.500000000000002 57.500000000000007 665.00000000000011 750.00000000000011 2 26.500000000000004 67.500000000000014 535.00000000000011 66.000000000000014 185.50000000000003 26.500000000000004 22.850000000000005 20.750000000000004 22.050000000000004 3 4 171.00000000000003 22.350000000000005 18.250000000000004 5 22.050000000000004 6 7 21.950000000000003 22.650000000000002 8 18.850000000000005 23.850000000000005 23.650000000000002 22.650000000000002 9 10 11 21.050000000000004 12 21.350000000000005 13 14 23.650000000000002 15
decision_type=2 2 2 1 2 2 2 2 2 1 2 2 2 2 2 1 2 2 2 2 2 2 2 2 2 1 1 2 2 2 1 2 1 1 2 2 1 2 2 2 2 1 1 1 2 1 2 1 1 2 1
left_child=-1 2 3 20 5 6 19 9 12 10 11 -6 30 15 -15 17 -17 -11 -13 -3 25 29 -23 -8 46 -2 40 -28 31 -14 45 44 34 49 36 47 43 -35 -39 -26 -27 -30 -38 -7 -22 -9 -25 -36 -32 -34 -43
right_child=1 4 -4 -5 7 32 23 8 -10 13 -12 18 21 14 -16 16 -18 -19 -20 -21 28 22 -24 24 39 26 27 -29 41 -31 48 -33 33 37 35 -37 42 38 -40 -41 -42 50 -44 -45 -46 -47 -48 -49 -50 -51 -52
leaf_value=-0.042093683225090259 0.017544477203980679 0.022025955642270983 0.04906736723730086 -0.045473945257672808 -0.045026072887239456 0.012900948827801587 -0.012456318545292904 0.011482526623139637 -0.044566645892659018 0.00094945039666278401 -0.051252743227744528 0.0030600297456341344 0.0094236935364329765 -0.048734911880731868 0.050357999149579391 -0.05027688453431424 0.0012665846563251553 0.0060071134075519277 -0.0048147826053612994 0.04828193408089429 0.0011105604768160457 -0.011750991415966605 0.0030451181099396957 0.004441366637969923 -0.0094069608680185605 0.01826395319883994 0.013160969230884388 -0.0044586570572905954 -0.012574589432042481 0.0027166532919386359 0.0095143424618755121 0.011256733676107107 0.010991703620689897 -0.0055690359869061141 -0.0023661280750714919 0.0053273834351928832 0.0045832448475290836 0.0056577571809314836 -0.00087922219261019259 0.00049554992185174009 0.0039432368488140825 -0.00055366466209969619 -0.0017929285439566758 0.0037337236974100806 -0.0049447879143299138 0.0050082294516122705 0.018613415629897392 -0.010851357817003984 0.013391569720011209 0.004065171542456998 -0.0065300746284099242
leaf_weight=56.110465577803552 137.19057261943817 173.17914989590645 302.48881196975708 101.04324027895927 85.205875486135483 70.134829387068748 59.866533219814301 136.51096004247665 84.016457749530673 35788.570208102465 366.17726620659232 2129.6648767441511 185.01526668667793 226.06444440968335 371.35324627161026 544.04380043409765 6563.3463512957096 3500.5760594904423 2665.2137601822615 194.87969827651978 183.0873741954565 209.06080774962902 98.308273017406464 47.618648856878281 75.746452212333679 90.569454602897167 59.950074516236782 159.68328966200352 98.554574742913246 5458.6254923045635 397.97897758334875 42.483751907944679 138.57750955224037 80.559038296341896 68.767947390675545 87.487706750631332 83.040824890136719 414.71088528633118 272.74291533231735 55.535517230629921 40.409284122288227 70.33455953001976 376.12130711972713 135.86311727762222 128.62304848432541 326.2612601518631 47.42803268134594 140.39805620908737 1088.7180396914482 69.561356425285339 45.430236086249352
leaf_count=5877 737 1342 9152 10970 4920 204 284 401 9178 110076 9338 6274 550 10623 5400 23813 29276 10744 10698 4992 832 988 417 216 361 473 603 599 486 16928 1817 188 408 252 211 263 248 1251 825 256 218 330 1157 409 656 982 207 441 4944 206 220
internal_value=0.00114817 0.00119324 0.00912593 -0.00160128 0.00100666 0.00669704 0.0206353 0.000759835 0.00405546 0.000254489 -0.00569797 -0.00217172 0.00463453 0.000921138 0.0125937 0.000767079 -0.00273694 0.00140276 -0.00130766 0.0369696 0.00293562 0.00243243 -0.00691425 -0.000741335 0.0025418 0.00980711 0.00623835 0.000496666 -0.00294151 0.00296165 0.0112845 0.000328861 0.00188405 0.00365719 1.39174e-05 -0.00423619 0.00201814 0.00199224 0.00301714 -0.00512548 0.0147935 -0.00834289 -0.000460095 0.00753909 -0.00130871 0.00722629 0.0130879 -0.00852504 0.0124576 0.0091985 -0.00362933
internal_weight=64332.9 64276.8 1459.85 1157.36 62816.9 2592.22 654.254 60224.7 7984.5 52240.2 5246.26 4880.08 7900.48 46994 597.418 46396.5 7107.39 39289.1 4794.88 368.059 1056.32 5951.01 307.369 286.195 226.329 487.803 350.612 219.633 568.514 5643.64 1949.47 354.194 1937.97 976.152 961.814 296.654 665.16 768.013 687.454 131.282 130.979 214.319 459.162 205.998 311.71 462.772 95.0467 209.166 1486.7 208.139 115.765
internal_count=302241 296364 25464 16312 270900 13533 7658 257367 36205 221162 31230 21892 27027 189932 16023 173909 53089 120820 16972 6334 5342 18883 1405 1324 1040 2630 1893 1202 2712 17478 8144 1676 5875 2942 2933 915 2018 2328 2076 617 691 1036 1405 613 1488 1383 423 652 6761 614 550
cat_boundaries=0 1 2 3 4 5 6 7 8 9 10 11 12 13 14 15 16
cat_threshold=2 2 4 1 2 2 4 1 1 4 1 2 1 2 2 1
is_linear=0
shrinkage=0.05


Tree=75
num_leaves=31
num_cat=3
split_feature=14 10 12 1 10 1 14 10 13 1 14 14 10 14 8 6 7 7 7 7 6 7 7 7 4 7 7 7 8 7
split_gain=75.5182 47.7541 43.755 229.661 94.0103 41.5092 183.44 109.915 53.3236 114.562 172.915 71.2811 36.9626 21.3576 16.3074 7.95049 6.62821 4.21009 3.93139 4.22061 3.59966 2.39417 4.78504 1.89 1.88253 1.42998 2.29295 1.29241 1.195 0.982565
threshold=475.00000000000006 335.00000000000006 32.500000000000007 750.00000000000011 590.00000000000011 960.00000000000011 355.00000000000006 625.00000000000011 26.000000000000004 600.00000000000011 50.000000000000007 15.000000000000002 345.00000000000006 15.000000000000002 185.50000000000003 0 25.150000000000002 18.650000000000002 23.250000000000004 25.050000000000004 1 22.050000000000004 22.450000000000003 21.350000000000005 2 19.750000000000004 19.650000000000002 22.150000000000002 247.00000000000003 17.850000000000005
decision_type=2 2 2 2 2 2 2 2 2 2 2 2 2 2 2 1 2 2 2 2 1 2 2 2 1 2 2 2 2 2
left_child=1 -1 3 4 14 6 8 17 12 10 -10 -11 16 -14 15 -3 -4 24 20 -20 -19 23 -23 -16 -7 26 29 -17 -26 -9
right_child=-2 2 5 -5 -6 7 -8 25 9 11 -12 -13 13 -15 21 27 -18 18 19 -21 -22 22 -24 -25 28 -27 -28 -29 -30 -31
leaf_value=-0.041840209148550585 -0.044354580700626672 0.02049858250486437 -0.0014912734257758404 0.048943059533192737 -0.045208528274748583 -0.013205058544056106 -0.048116724552777851 0.0030899018035631621 -0.0025485824769336082 0.0049220806011290594 -0.050833068726892076 -0.00068791602400363882 -0.0030467000015907413 0.005078386694413831 -0.0016211295220273565 0.0087969979231023992 0.0069279134561705666 0.002679746409381757 -0.010881578186599359 0.002317455047867352 -0.0016771887717126684 0.014079399445041297 -0.0015532858482450651 -0.010571689994446978 -4.8915490826380944e-05 0.015857505421506966 0.0015608414265440196 0.0020585082156273082 -0.0070658728840903495 0.013196402215919055
leaf_weight=54.298434618860483 81.023687831126153 142.24057738482952 3761.7746836841106 288.34282757341862 95.820779196918011 78.014905542135239 181.85957499593496 45.462036542594433 576.65591605007648 6809.6263635009527 265.80641986243427 33325.502272365615 853.08430580794811 11960.044874321669 212.285460755229 204.437067206949 237.82031728327274 827.6572403460741 163.07639892399311 80.07359479367733 1076.5214878320694 51.74893344938755 212.85300527513027 86.023168116807938 130.22212971746922 1043.475510366261 61.408726185560226 152.61931572109461 134.68729384243488 916.36903669685125
leaf_count=5927 9247 760 11275 9148 10878 301 9132 204 2691 21260 7776 144202 4009 42313 989 1093 690 2980 618 289 3930 228 1019 447 483 4600 276 851 493 4056
internal_value=0.00114297 0.00120824 0.00125209 0.00982403 -0.000209222 0.00105148 0.000688814 0.00564257 0.000851563 -0.000120293 -0.0182591 0.000263661 0.0032219 0.00453157 0.00418727 0.0106851 -0.000962159 -0.00141731 -0.000557261 -0.00641755 0.000194552 -0.00157485 0.00172334 -0.00462355 -0.00649273 0.0141392 0.012202 0.00618748 -0.00392566 0.0128069
internal_weight=64110.8 64029.8 63975.5 1446.37 1158.03 62529.1 57972.2 4556.97 57790.3 40977.6 842.462 40135.1 16812.7 12813.1 1062.21 499.297 3999.6 2490.25 2147.33 243.15 1904.18 562.911 264.602 298.309 342.924 2066.72 1023.24 357.056 264.909 961.831
internal_count=302165 292918 286991 25413 16265 261578 243348 18230 234216 175929 10467 165462 58287 46322 5387 2704 11965 9094 7817 907 6910 2683 1247 1436 1277 9136 4536 1944 976 4260
cat_boundaries=0 1 2 3
cat_threshold=1 4 1
is_linear=0
shrinkage=0.05


Tree=76
num_leaves=19
num_cat=4
split_feature=14 10 8 12 1 0 10 1 2 10 11 12 14 8 7 7 4 4
split_gain=70.0801 45.3197 36.0866 36.5423 224.679 86.7603 36.0223 552.237 39.5311 196.267 220.885 32.2958 38.3413 17.8149 4.37241 3.39941 3.30892 0.754532
threshold=475.00000000000006 335.00000000000006 26.500000000000004 32.500000000000007 750.00000000000011 0 665.00000000000011 750.00000000000011 1 390.00000000000006 12.500000000000002 67.500000000000014 245.00000000000003 185.50000000000003 20.150000000000002 22.750000000000004 2 3
decision_type=2 2 2 2 2 1 2 2 1 2 2 2 2 2 2 2 1 1
left_child=1 -1 17 4 5 13 8 -8 11 -10 -11 12 -5 14 -4 -15 -13 -3
right_child=-2 2 3 6 -6 -7 7 -9 9 10 -12 16 -14 15 -16 -17 -18 -19
leaf_value=-0.041531993560661735 -0.043995400159728845 0.030880718931230185 0.024436980571901423 -0.00036004034417833281 0.048810233580721923 -0.044985983650442381 -0.048585595318408108 0.050248026126507452 0.048147244934579309 -0.048626266804126073 -0.0011281749787305526 0.0038810604617583889 0.0026936635306033679 -0.0052635303767629973 0.0082462637400554772 0.0028139069219818603 0.0073326281477708345 0.016558801775986794
leaf_weight=52.192064464092255 76.183847045525908 61.474579423666 45.88353405892849 20329.992934048176 273.87858421169221 91.842693369835615 216.71146872080863 365.61437702178955 188.73381389677525 238.48808822967112 16773.072054691613 1162.7901040017605 20725.297271043062 383.34110333025455 430.15784798935056 178.18087439239025 2305.2444630116224 111.86142787337303
leaf_count=5936 9082 479 226 64483 9111 10900 10677 5568 5089 14143 87712 3600 62094 1846 2376 841 7068 892
internal_value=0.00104886 0.00111019 0.0011523 0.00108756 0.00904215 -0.000901391 0.000906178 0.0131836 0.000787422 -0.00124628 -0.00182517 0.00157431 0.00118058 0.00334533 0.0103804 -0.00260854 0.00620422 0.0233182
internal_weight=64010.9 63934.8 63882.6 63709.2 1403.28 1129.41 62305.9 582.326 61723.6 17200.3 17011.6 44523.3 41055.3 1037.56 476.041 561.522 3468.03 173.336
internal_count=302123 293041 287105 285734 25300 16189 260434 16245 244189 106944 101855 137245 126577 5289 2602 2687 10668 1371
cat_boundaries=0 1 2 3 4
cat_threshold=2 4 2 2
is_linear=0
shrinkage=0.05


Tree=77
num_leaves=19
num_cat=2
split_feature=14 10 8 10 1 8 12 1 0 14 10 10 0 7 8 8 7 7
split_gain=67.4018 43.331 28.2747 27.8911 515.554 29.3006 39.0145 217.987 78.3064 46.8526 177.467 95.5779 38.7979 5.00991 3.34698 0.620713 4.10394 2.44006
threshold=475.00000000000006 335.00000000000006 26.500000000000004 665.00000000000011 750.00000000000011 420.50000000000006 32.500000000000007 750.00000000000011 0 245.00000000000003 390.00000000000006 625.00000000000011 1 26.050000000000004 458.00000000000006 533.00000000000011 20.950000000000003 22.950000000000003
decision_type=2 2 2 2 2 2 2 2 1 2 2 2 1 2 2 2 2 2
left_child=1 -1 -3 5 -5 6 7 8 -4 10 -8 -11 13 14 -7 17 -17 -14
right_child=-2 2 3 4 -6 12 9 -9 -10 11 -12 -13 15 -15 -16 16 -18 -19
leaf_value=-0.041213709584967652 -0.043768388491591613 0.021223574961776778 0.0027501482672053438 -0.048414041554896856 0.050036815420781679 0.0025172089564837285 0.04789267756953839 0.048699714825764573 -0.044750834797621861 0.0011058782930676368 -0.0012561848864999169 0.012311507222486832 0.014622841488188305 0.013162205523372109 -0.00063250245022820775 0.0027464770277165185 0.011781039300681657 0.0071053100058224702
leaf_weight=50.147180175408721 73.447915276512504 166.5701557919383 744.98172667250037 205.91064416058362 336.38986482471228 5547.2334329038858 174.83578906953335 263.44748243317008 87.916660031303763 23592.690638018772 28189.382487938739 2062.0918292328715 540.99586060643196 95.192108944058418 961.62855668365955 195.44686532020569 517.38437602669001 211.90939064323902
leaf_count=5941 9143 1345 3920 10629 5369 17218 4938 9189 10906 89878 113635 9227 2379 298 3857 957 2469 936
internal_value=0.00112479 0.00118397 0.00122447 0.00116809 0.0123649 0.00106926 0.000655818 0.00995283 -0.00267593 0.000464397 -0.000934699 0.00201296 0.00388252 0.00223142 0.00204394 0.0112224 0.00944535 0.0126934
internal_weight=64017.6 63944.2 63894 63727.4 542.301 63185.1 55115.3 1096.35 832.898 54019 28364.2 25654.8 8069.79 6604.05 6508.86 1465.74 712.831 752.905
internal_count=302234 293091 287150 285805 15998 269807 241693 24015 14826 217678 118573 99105 28114 21373 21075 6741 3426 3315
cat_boundaries=0 1 2
cat_threshold=2 2
is_linear=0
shrinkage=0.05


Tree=78
num_leaves=31
num_cat=13
split_feature=14 12 14 0 10 10 2 2 0 10 0 0 11 2 13 2 8 0 8 5 4 8 8 7 3 7 7 5 7 7
split_gain=64.1888 45.9189 193.619 76.1628 39.6313 30.0208 495.554 40.6534 307.844 95.5024 300.405 79.4066 32.7108 77.1879 29.3487 160.019 25.3054 21.7321 8.68237 3.29255 2.05236 4.35493 1.97196 1.8028 1.27729 1.27286 7.87908 3.24974 1.15922 0.500412
threshold=475.00000000000006 32.500000000000007 75.000000000000014 0 335.00000000000006 665.00000000000011 1 2 3 625.00000000000011 4 5 39.000000000000007 6 36.500000000000007 7 26.500000000000004 8 185.50000000000003 9 10 478.00000000000006 478.00000000000006 21.950000000000003 11 21.250000000000004 20.550000000000004 12 22.850000000000005 22.250000000000004
decision_type=2 2 2 1 2 2 1 1 1 2 1 1 2 1 2 1 2 1 2 1 1 2 2 2 1 2 2 1 2 2
left_child=1 2 3 18 -3 7 -7 8 -6 10 -10 -11 14 19 16 -16 -9 -4 25 -14 22 28 29 -23 -24 26 -1 -27 -22 -20
right_child=-2 4 17 -5 5 6 -8 12 9 11 -12 -13 13 -15 15 -17 -18 -19 20 -21 21 23 24 -25 -26 27 -28 -29 -30 -31
leaf_value=0.015039766034493671 -0.04354114324843017 -0.040736758471359345 0.020200070762105171 -0.044497918024294786 -0.049268271808874782 -0.048265566439245594 0.0499145051848707 0.021193382919408588 -0.050202444151474269 -0.0011673330430973735 -0.0017578886346219834 0.011059391950397927 -0.00076377942066949676 -0.045926124979342953 -7.0678612914053647e-05 -0.049042657259713081 0.0021132655129837362 0.048575890404569708 0.0004464509607224605 -0.0036699442163860806 -0.0004847607536599754 -0.013657774452507708 0.00054237114262497058 -0.002469530752042481 0.012317429349433501 0.015319379723451954 -0.0081171286870952222 0.0022530330936546255 0.0076313790103786838 -0.0055994178363605145
leaf_weight=63.805933341383934 70.866881394758821 47.272029049694538 130.52112946286798 83.982323775999248 326.5916234664619 197.6556341573596 327.50229658931494 165.26405504345894 357.35154105350375 3716.1806987076998 2509.9209683537483 2049.7227089554071 2894.1579246968031 91.472217082977295 7597.5987282395363 160.60361267626286 40685.189486528747 251.87400426529348 59.056303218007088 1513.5402712672949 128.73208029568195 89.482857257127762 54.176666185259819 85.213203296065331 50.610195964574814 147.47698305547237 61.445231735706329 87.994016051292419 49.587459027767181 42.384881809353828
leaf_count=232 9210 5832 1350 10887 18302 10689 5478 1358 10955 11173 9176 9265 8638 3248 23995 4694 140842 9211 280 4562 617 445 253 420 225 545 233 332 229 199
internal_value=0.00096459 0.00102142 0.00999261 -0.00158408 0.000820513 0.000859199 0.0126573 0.000756546 -0.00235518 -0.000519728 -0.00796646 0.00318211 0.00128281 -0.00278758 0.00166108 -0.00115272 0.00219685 0.0397795 0.00271606 -0.00177908 -0.00111989 -0.00346091 0.0026309 -0.00890028 0.00724272 0.00866775 0.00354965 0.010931 0.00179207 -0.00190679
internal_weight=64097.2 64026.4 1386.34 1003.95 62640 62592.8 525.158 62067.6 8959.77 8633.18 2867.27 5765.9 53107.8 4499.17 48608.7 7758.2 40850.5 382.395 919.966 4407.7 559.244 353.016 206.228 174.696 104.787 360.722 125.251 235.471 178.32 101.441
internal_count=302875 293665 25458 14897 268207 262375 16167 246208 58871 40569 20131 20438 187337 16448 170889 28689 142200 10561 4010 13200 2668 1711 957 865 478 1342 465 877 846 479
cat_boundaries=0 1 2 3 4 5 6 7 8 9 10 11 12 13
cat_threshold=2 4 1 1 2 2 4 4 2 1 2 4 1
is_linear=0
shrinkage=0.05


Tree=79
num_leaves=31
num_cat=9
split_feature=14 10 12 1 0 10 2 0 2 1 14 1 11 2 14 1 0 10 4 3 7 7 11 4 7 7 7 7 7 7
split_gain=60.8575 38.5091 31.877 194.568 75.848 30.7964 270.123 441.438 176.783 91.9382 51.4161 145.408 64.1815 46.3945 45.0324 270.741 23.7733 10.2623 9.061 6.56272 3.63582 6.05774 2.5336 4.00394 0.936829 0.818253 0.731525 0.516692 1.31849 0.44103
threshold=475.00000000000006 335.00000000000006 32.500000000000007 750.00000000000011 0 625.00000000000011 1 2 3 960.00000000000011 150.00000000000003 600.00000000000011 12.500000000000002 4 115.00000000000001 750.00000000000011 5 470.00000000000006 6 7 21.050000000000004 21.250000000000004 32.500000000000007 8 18.350000000000005 19.850000000000005 22.450000000000003 22.150000000000002 21.350000000000005 23.050000000000004
decision_type=2 2 2 2 1 2 1 1 1 2 2 2 2 1 2 2 1 2 1 1 2 2 2 1 2 2 2 2 2 2
left_child=1 -1 3 4 17 6 7 22 -7 14 12 -12 -8 -13 15 -10 -14 27 -16 -11 25 -22 24 -24 -4 -19 -21 28 -3 -29
right_child=-2 2 5 -5 -6 8 10 -9 9 19 11 13 16 -15 18 -17 -18 20 -20 26 21 -23 23 -25 -26 -27 -28 29 -30 -31
leaf_value=-0.040489473607346053 -0.04326034458599351 0.0094282795756404844 -0.0077463341298523863 0.048442276620152144 -0.04425544603663821 -0.048045073242115981 -0.044317115783207101 -0.050436055817863396 0.0027418572646134946 0.020231031401333782 0.047719008888192749 0.0016643283945002682 -0.006357235666436767 0.010845553600923825 -0.0020252184337333674 0.049750793717622886 -0.00016969054288974901 0.011714540072910675 0.00082072014594714341 0.011703871249201862 -0.016175183096125322 0.00084362291481892681 -0.0017304282986868634 -0.0079951960706313007 -0.0021816358439506493 0.0040765519350741009 0.0030651385141888393 0 0.029589086467195998 0.011106501032365126
leaf_weight=45.920803532935679 67.840725693386048 43.770635142922401 83.223855808377266 239.93419295176864 80.49234560597688 162.70731167681515 76.341025466099381 649.69852484017611 7038.9520402401686 287.09465705603361 167.14064651727676 22466.083616778255 1799.5597417503595 1459.354969881475 4173.7089450359344 310.5547933280468 11062.400212235749 55.951912447810173 8413.4561884403229 1687.0277531072497 47.037824645638466 590.84106566011906 409.02404165267944 826.87417231500149 1157.2280690222979 221.84185688197613 49.466094270348549 20.707586891949177 25.831046868115664 36.244401767849922
leaf_count=5897 9203 467 318 9199 10902 6629 5065 29175 32191 1294 4954 68048 6650 6771 12576 5444 40807 229 25101 7652 222 2622 1463 3048 4302 938 230 223 272 375
internal_value=0.00091032 0.000964939 0.00100199 0.0085432 -0.000291809 0.000834847 8.22065e-06 -0.0140805 0.00233237 0.0027296 0.00120239 0.00256805 -0.00133678 0.00223073 0.00169279 0.00479992 -0.00104356 0.00344436 -0.000119838 0.0128613 0.00146056 -0.000564479 -0.00435766 -0.00599252 -0.00265393 0.00614229 0.0115054 0.0162738 0.0203158 0.00829059
internal_weight=63756.3 63688.5 63642.5 1362.65 1122.72 62279.9 40156.9 3126.05 22123 21960.3 37030.9 24092.6 12938.3 23925.4 19936.7 7349.51 12862 1042.23 12587.2 2023.59 915.673 637.879 2476.35 1235.9 1240.45 277.794 1736.49 126.554 69.6017 56.952
internal_count=302267 293064 287167 25449 16250 261718 170601 38306 91117 84488 132295 79773 52522 74819 75312 37635 47457 5348 37677 9176 4011 2844 9131 4511 4620 1167 7882 1337 739 598
cat_boundaries=0 1 2 3 4 5 6 7 8 9
cat_threshold=2 1 4 2 4 4 2 2 2
is_linear=0
shrinkage=0.05


Tree=80
num_leaves=23
num_cat=5
split_feature=14 8 10 11 1 12 1 0 11 2 14 14 1 11 3 8 8 6 7 3 7 7
split_gain=58.6518 39.2162 36.8038 33.7932 125.266 35.5549 182.244 73.4593 31.6927 187.823 22.4382 43.9799 25.5616 10.1854 6.57833 4.58912 4.57239 2.07665 1.8696 8.10416 2.3594 0.118191
threshold=475.00000000000006 26.500000000000004 335.00000000000006 6.5000000000000009 600.00000000000011 32.500000000000007 750.00000000000011 0 12.500000000000002 1 15.000000000000002 30.000000000000004 600.00000000000011 5.5000000000000009 2 171.00000000000003 262.50000000000006 3 20.250000000000004 4 20.750000000000004 24.350000000000005
decision_type=2 2 2 2 2 2 2 1 2 1 2 2 2 2 1 2 2 1 2 1 2 2
left_child=1 -1 -3 4 -4 6 7 15 9 16 12 -12 -10 18 21 -5 -7 -16 19 -6 -20 -15
right_child=-2 2 3 5 13 8 -8 -9 10 -11 11 -13 -14 14 17 -17 -18 -19 20 -21 -22 -23
leaf_value=0.024948098505099436 -0.043008546932673766 -0.040142554539757971 0.047477533837510057 0.01267635302559127 -0.012991295501242043 -0.0021938998750971497 0.048313651802564014 -0.043981525996992808 -0.0027437305029981828 -0.048234671837174919 -0.012391428415473815 0.00067459658950839898 0.0046132090096983993 0.0087661753039810324 0.0013406537898732864 0.0025173421868046404 0.00073869875901001042 0.0057555810658730831 0.0058243871840622085 0.0017932477374872809 0.0018585591342455043 0.013083099390734865
leaf_weight=162.48600362986326 65.320177220739424 44.096182546578348 156.41780180856586 123.13061726465821 98.312099263072014 3777.7242393195629 229.3718402646482 76.810028593987226 1413.7952149510384 210.18553799949586 643.99271742254496 41171.871571138501 6766.2236783057451 280.10525180399418 421.12829777598381 911.0670113414526 2009.3538528978825 968.0732544362545 451.33743304014206 625.73670063912868 2707.7987334132195 259.0287592113018
leaf_count=1352 9247 5893 4855 1320 320 11938 9219 10867 6640 14125 12082 165429 21225 847 1291 3989 5966 2931 1370 1933 8290 769
internal_value=0.00107229 0.00112518 0.00105936 0.00109518 0.00467426 0.00072101 0.00874061 0.000167897 0.000526615 -0.00290295 0.000939507 0.000469261 0.00333377 0.00343404 0.00640767 0.00388456 -0.00116752 0.0044721 0.00193187 -0.000295731 0.00245751 0.0111318
internal_weight=63573.4 63508 63345.6 63301.5 5967.94 57333.5 1340.38 1111.01 55993.1 5997.26 49995.9 41815.9 8180.02 5811.52 1928.34 1034.2 5787.08 1389.2 3883.18 724.049 3159.14 539.134
internal_count=301898 292651 291299 285406 22606 262800 25395 16176 237405 32029 205376 177511 27865 17751 5838 5309 17904 4222 11913 2253 9660 1616
cat_boundaries=0 1 2 3 4 5
cat_threshold=2 4 2 1 4
is_linear=0
shrinkage=0.05


Tree=81
num_leaves=28
num_cat=4
split_feature=14 8 10 2 14 14 10 2 10 11 12 11 8 4 7 6 7 7 7 7 7 7 7 7 7 7 7
split_gain=54.8094 28.3245 23.2886 453.706 23.786 199.523 70.4573 27.8568 156.643 181.473 28.1155 16.4477 7.93588 4.99995 4.51773 4.44504 3.11645 2.5907 2.37162 1.80422 1.48732 1.50893 1.27459 0.103845 0.914633 0.775991 1.45183
threshold=475.00000000000006 533.00000000000011 665.00000000000011 0 385.00000000000006 325.00000000000006 625.00000000000011 1 390.00000000000006 12.500000000000002 67.500000000000014 39.000000000000007 247.00000000000003 2 21.050000000000004 3 21.650000000000002 24.050000000000004 19.050000000000004 19.550000000000004 19.150000000000002 17.850000000000005 18.150000000000002 22.150000000000002 21.550000000000004 23.950000000000003 24.950000000000003
decision_type=2 2 2 1 2 2 2 1 2 2 2 2 2 1 2 1 2 2 2 2 2 2 2 2 2 2 2
left_child=1 2 4 -4 5 7 12 10 -9 -10 11 -1 15 -12 22 16 -6 -16 -17 20 21 -8 -14 24 -3 -25 -27
right_child=-2 23 3 -5 6 -7 19 8 9 -11 13 -13 14 -15 17 18 -18 -19 -20 -21 -22 -23 -24 25 -26 26 -28
leaf_value=0.001190150961764663 -0.042676669544685047 0.010622071024982985 -0.048040771776849421 0.049590178950464692 0.0066834185593521809 -0.048135852579453249 0.00015154275610528717 0.04736106335905782 -0.048083271970367242 -0.0012607733006619762 0.0076762909166371938 -0.0020343330492582547 0 0.0037118868783937381 0.0026658706693375501 0.003782432793690184 -0.0019501745165500508 -0.0069992338135371202 -0.0028188209950390525 0.012690049032425897 0.0048314373942948243 0.011057726299094437 -0.0066047869001561142 0.015434048285738595 0.0037566221446188237 0.00095793006824663085 0.012793454490600971
leaf_weight=36711.281202958897 62.188124440144747 289.14747544378042 185.09357339143753 295.21372191980481 439.72474104166031 200.68597832880914 43.755162924528122 152.53041740506887 200.45128044206649 12800.829000571277 1567.4921621084213 4412.824314147234 74.609938383102417 1834.6028498858213 294.84865410625935 166.9429564923048 120.55115278065205 79.01973283290863 536.66628417372704 1153.4763952791691 235.76675963401794 564.56809812039137 819.00880901515484 179.5307212844491 106.75371175259352 61.960566528141499 56.470230378210545
leaf_count=119366 9185 1408 10584 5427 1595 15047 202 4957 14113 78057 4821 13229 268 5707 1047 615 445 300 2001 5286 1095 2585 2996 864 527 305 271
internal_value=0.000853255 0.00090332 0.000790697 0.0116522 0.000704452 0.000430085 0.00419123 0.000608242 -0.00141092 -0.00202292 0.00120604 0.000842522 -0.00133385 0.00557026 -0.00412469 0.0014361 0.00473648 0.000363711 -0.00115144 0.0111894 0.00895569 0.0103693 -0.00604111 0.0108838 0.00903216 0.0128086 0.00754739
internal_weight=63646 63583.8 62889.9 480.307 62409.6 57880.7 4528.94 57680 13153.8 13001.3 44526.2 41124.1 2531.37 3402.1 1267.49 1263.89 560.276 373.868 703.609 1997.57 844.09 608.323 893.619 693.863 395.901 297.962 118.431
internal_count=302303 293118 289743 16011 273732 255297 18435 240250 97127 92170 143123 132595 9267 10528 4611 4656 2040 1347 2616 9168 3882 2787 3264 3375 1935 1440 576
cat_boundaries=0 1 2 3 4
cat_threshold=4 4 4 4
is_linear=0
shrinkage=0.05


Tree=82
num_leaves=34
num_cat=2
split_feature=14 8 1 14 10 12 1 0 13 1 14 14 10 14 8 4 7 7 7 8 7 7 7 7 7 8 7 7 7 7 7 7 7
split_gain=52.6961 34.0392 30.9383 189.345 32.0085 25.6548 179.161 67.2476 26.8676 89.0085 156.241 35.6055 26.669 22.3739 12.3509 3.59965 2.76459 2.02046 4.3687 4.76007 3.6777 3.10507 2.64574 2.27265 1.56761 1.51078 3.62595 6.46972 3.33957 2.75287 1.32508 1.2695 0.339484
threshold=475.00000000000006 26.500000000000004 960.00000000000011 325.00000000000006 625.00000000000011 32.500000000000007 750.00000000000011 0 26.000000000000004 600.00000000000011 50.000000000000007 15.000000000000002 345.00000000000006 15.000000000000002 185.50000000000003 1 23.550000000000004 18.350000000000005 19.250000000000004 247.00000000000003 17.950000000000003 19.750000000000004 21.650000000000002 18.750000000000004 18.850000000000005 283.00000000000006 20.050000000000004 20.750000000000004 20.050000000000004 20.850000000000005 18.650000000000002 19.550000000000004 19.550000000000004
decision_type=2 2 2 2 2 2 2 1 2 2 2 2 2 2 2 1 2 2 2 2 2 2 2 2 2 2 2 2 2 2 2 2 2
left_child=1 -1 3 5 17 6 7 14 12 10 -10 -11 15 -14 -3 -7 25 20 19 23 -4 32 -23 -19 -21 28 31 -28 30 -30 -6 -27 -20
right_child=-2 2 4 -5 16 8 -8 -9 9 11 -12 -13 13 -15 -16 -17 -18 18 21 24 -22 22 -24 -25 -26 26 27 -29 29 -31 -32 -33 -34
leaf_value=0.023529498355672467 -0.04243356969346241 0.0086122759613164977 0.0038392833870624812 -0.047962052148891293 0.0087563354930936584 0.0016293017266369111 0.048150097671187816 -0.043741295910893103 -0.0021782695489823002 0.003519748049992927 -0.050378043649815456 -0.00045853869925524884 -0.004341606288279125 0.0039880996953705408 -0.0021824773673528651 -0.0020335964134392441 0.0164192201974982 0.0022629334700595628 -0.0052894950962728239 0.0039190947709533399 -0.0097058934779847214 0.0034259202407106956 -0.0010662201852647576 0.01184088640750971 -0.0027649496954996106 0.010630437927459034 -0.0069326003333244762 0.0093299218678314557 0.01905533082584393 0.0074166651238440481 0.0028314358410290075 0.017526538307052166 -0.0015881388691776324
leaf_weight=156.43829096481204 60.078336449805647 479.65555249899626 75.685577988624573 190.27737816423178 141.41766155511141 826.05854772031307 216.18362675048411 73.830466060433537 572.85106882452965 6764.1065291464329 229.97561585064977 33077.816623527557 852.33967846632004 11642.530099790543 559.34314766526222 3180.9016449600458 160.58368706703186 110.91931714117527 204.20181082189083 160.95029407739639 103.48238724470139 679.71261836588383 594.40558502078056 225.84284114837646 166.0606328099966 437.80063700675964 67.591823995113373 259.19079773128033 86.204892165958881 222.2879708558321 428.96920665353537 168.532898619771 173.52916869521141
leaf_count=1330 9255 2662 271 14992 673 2447 9097 10908 2683 21342 7574 143861 4039 40823 2676 9540 746 409 761 571 394 2444 2179 804 604 1955 315 1170 400 1073 2073 739 640
internal_value=0.000886327 0.000934935 0.000874439 0.000567616 0.00488223 0.000734558 0.007579 -0.000616641 0.000573209 -0.000116542 -0.0164969 0.000216328 0.00227417 0.00341287 0.00278787 -0.00126384 0.00962818 0.00108628 0.00150212 0.00489689 -0.00381923 8.66395e-05 0.00129931 0.00898662 0.000395155 0.00891209 0.0105109 0.00571174 0.00705922 0.0113221 0.00451212 0.0128816 -0.00380287
internal_weight=63349.8 63289.7 63133.2 58665.9 4467.37 58475.6 1329.01 1112.83 57146.6 40644.7 802.827 39841.9 16501.8 12494.9 1039 4006.96 1972.58 2494.79 2315.62 663.773 179.168 1651.85 1274.12 336.762 327.011 1812 933.116 326.783 878.88 308.493 570.387 606.334 377.731
internal_count=301450 292195 290865 272644 18221 257652 25343 16246 232309 175460 10257 165203 56849 44862 5338 11987 9144 9077 8412 2388 665 6024 4623 1213 1175 8398 4179 1485 4219 1473 2746 2694 1401
cat_boundaries=0 1 2
cat_threshold=2 1
is_linear=0
shrinkage=0.05


end of trees

feature_importances:
bmi=900
food_id=365
abs_cal_diff=291
calories_kcal=261
target_cal=222
meal_type=218
goal=150
carbs_g=143
protein_g=130
activity=90
body_type=51
spicy_pref=50
fat_g=47
diet=14
food_meal_type=3

parameters:
[boosting: gbdt]
[objective: binary]
[metric: auc]
[tree_learner: serial]
[device_type: cpu]
[data_sample_strategy: bagging]
[data: ]
[valid: ]
[num_iterations: 5000]
[learning_rate: 0.05]
[num_leaves: 63]
[num_threads: 0]
[seed: 42]
[deterministic: 0]
[force_col_wise: 0]
[force_row_wise: 0]
[histogram_pool_size: -1]
[max_depth: 8]
[min_data_in_leaf: 200]
[min_sum_hessian_in_leaf: 0.001]
[bagging_fraction: 0.6]
[pos_bagging_fraction: 1]
[neg_bagging_fraction: 1]
[bagging_freq: 1]
[bagging_seed: 400]
[bagging_by_query: 0]
[feature_fraction: 0.9]
[feature_fraction_bynode: 1]
[feature_fraction_seed: 30056]
[extra_trees: 0]
[extra_seed: 12879]
[early_stopping_round: 0]
[early_stopping_min_delta: 0]
[first_metric_only: 0]
[max_delta_step: 0]
[lambda_l1: 1]
[lambda_l2: 10]
[linear_lambda: 0]
[min_gain_to_split: 0]
[drop_rate: 0.1]
[max_drop: 50]
[skip_drop: 0.5]
[xgboost_dart_mode: 0]
[uniform_drop: 0]
[drop_seed: 17869]
[top_rate: 0.2]
[other_rate: 0.1]
[min_data_per_group: 100]
[max_cat_threshold: 32]
[cat_l2: 10]
[cat_smooth: 10]
[max_cat_to_onehot: 4]
[top_k: 20]
[monotone_constraints: ]
[monotone_constraints_method: basic]
[monotone_penalty: 0]
[feature_contri: ]
[forcedsplits_filename: ]
[refit_decay_rate: 0.9]
[cegb_tradeoff: 1]
[cegb_penalty_split: 0]
[cegb_penalty_feature_lazy: ]
[cegb_penalty_feature_coupled: ]
[path_smooth: 0]
[interaction_constraints: ]
[verbosity: -1]
[saved_feature_importance_type: 0]
[use_quantized_grad: 0]
[num_grad_quant_bins: 4]
[quant_train_renew_leaf: 0]
[stochastic_rounding: 1]
[linear_tree: 0]
[max_bin: 255]
[max_bin_by_feature: ]
[min_data_in_bin: 3]
[bin_construct_sample_cnt: 200000]
[data_random_seed: 175]
[is_enable_sparse: 1]
[enable_bundle: 1]
[use_missing: 1]
[zero_as_missing: 0]
[feature_pre_filter: 1]
[pre_partition: 0]
[two_round: 0]
[header: 0]
[label_column: ]
[weight_column: ]
[group_column: ]
[ignore_column: ]
[categorical_feature: 0,2,3,4,5,6,9]
[forcedbins_filename: ]
[precise_float_parser: 0]
[parser_config_file: ]
[objective_seed: 16083]
[num_class: 1]
[is_unbalance: 1]
[scale_pos_weight: 1]
[sigmoid: 1]
[boost_from_average: 1]
[reg_sqrt: 0]
[alpha: 0.9]
[fair_c: 1]
[poisson_max_delta_step: 0.7]
[tweedie_variance_power: 1.5]
[lambdarank_truncation_level: 30]
[lambdarank_norm: 1]
[label_gain: ]
[lambdarank_position_bias_regularization: 0]
[eval_at: ]
[multi_error_top_k: 1]
[auc_mu_weights: ]
[num_machines: 1]
[local_listen_port: 12400]
[time_out: 120]
[machine_list_filename: ]
[machines: ]
[gpu_platform_id: -1]
[gpu_device_id: -1]
[gpu_use_dp: 0]
[num_gpu: 1]

end of parameters

pandas_categorical:[["breakfast", "dinner", "lunch"], ["gain", "loss", "maintain"], ["ecto", "endo", "meso"], ["high", "low", "med"], ["non-veg", "veg"], ["high", "low", "medium"], ["breakfast", "dinner", "lunch"]]
