user_id,gender,age,height_cm,weight_kg,body_type,goal,activity,diet,spicy_pref,bmi
SU000001,male,19,171.6,65,meso,loss,low,veg,low,22.1
SU000002,male,31,164.5,53.4,ecto,gain,med,non-veg,high,19.7
SU000003,female,55,155.7,43.7,ecto,gain,high,non-veg,low,18
SU000004,male,23,174.3,63.8,meso,maintain,med,veg,medium,21
SU000005,male,42,169.5,53.6,ecto,gain,low,non-veg,high,18.7
SU000006,female,23,163,66.6,endo,loss,high,non-veg,medium,25.1
SU000007,female,31,155.1,48.3,meso,maintain,med,non-veg,low,20.1
SU000008,female,58,154.4,46.8,meso,gain,low,veg,high,19.6
SU000009,female,43,156.5,45.3,ecto,gain,low,non-veg,high,18.5
SU000010,female,27,168,55.6,ecto,gain,low,non-veg,medium,19.7
SU000011,female,41,162.8,51.6,ecto,gain,high,non-veg,low,19.5
SU000012,female,56,160.8,51.9,ecto,gain,med,non-veg,medium,20.1
SU000013,male,25,176.9,68.9,meso,gain,med,veg,medium,22
SU000014,female,50,164.1,67.9,endo,maintain,med,veg,medium,25.2
SU000015,male,27,179.1,71.1,meso,loss,low,non-veg,high,22.2
SU000016,female,37,156,46.6,ecto,gain,low,non-veg,low,19.1
SU000017,male,26,159.9,56.2,meso,maintain,high,veg,medium,22
SU000018,male,37,162.4,55.9,meso,loss,med,non-veg,high,21.2
SU000019,male,39,171.5,55.1,ecto,loss,med,non-veg,low,18.7
SU000020,female,22,158,53.4,meso,gain,low,non-veg,medium,21.4
SU000021,female,33,154.3,54.7,endo,maintain,high,veg,low,23
SU000022,male,21,174.6,65.1,meso,maintain,low,non-veg,low,21.4
SU000023,female,29,164.9,49.9,ecto,gain,low,non-veg,medium,18.4
SU000024,male,23,166.2,64.5,endo,maintain,high,veg,medium,23.4
SU000025,male,28,166,62.1,meso,gain,high,veg,high,22.5
SU000026,female,27,161.8,47.6,ecto,maintain,low,veg,high,18.2
SU000027,male,55,160.3,51.9,meso,loss,high,non-veg,low,20.2
SU000028,male,43,171.4,58.6,ecto,gain,high,veg,medium,19.9
SU000029,female,34,157.6,45.7,ecto,gain,med,veg,medium,18.4
SU000030,male,18,167.5,59,meso,maintain,high,non-veg,low,21
SU000031,female,22,157.6,62.1,endo,maintain,med,veg,high,25
SU000032,male,60,164.1,61.7,endo,loss,low,non-veg,high,22.9
SU000033,male,53,167.5,54.7,ecto,maintain,low,veg,medium,19.5
SU000034,male,23,161.1,53,meso,gain,high,veg,medium,20.4
SU000035,male,46,181.6,73.8,meso,maintain,med,veg,low,22.4
SU000036,male,45,163.3,53.3,ecto,gain,low,non-veg,high,20
SU000037,male,33,181.8,76.8,meso,loss,med,non-veg,high,23.2
SU000038,male,29,170.4,75.3,endo,maintain,low,non-veg,medium,25.9
SU000039,male,35,168.1,57.7,ecto,maintain,med,non-veg,low,20.4
SU000040,male,32,172.7,62,ecto,maintain,low,veg,high,20.8
SU000041,female,52,145,40,meso,gain,low,non-veg,medium,19
SU000042,female,38,151.7,45.1,meso,loss,high,veg,high,19.6
SU000043,female,18,159.7,53.3,meso,gain,high,non-veg,high,20.9
SU000044,female,57,156,49.5,meso,maintain,high,non-veg,medium,20.3
SU000045,female,36,160,54.3,meso,maintain,low,non-veg,medium,21.2
SU000046,male,37,168.3,55.1,ecto,gain,med,non-veg,medium,19.5
SU000047,male,50,178.2,71.3,meso,maintain,high,non-veg,low,22.5
SU000048,male,37,175.7,61.1,ecto,gain,low,veg,low,19.8
SU000049,male,47,167.5,61.7,meso,loss,med,veg,medium,22
SU000050,male,45,172.2,58.8,ecto,gain,high,non-veg,medium,19.8
SU000051,male,47,167.9,54.6,ecto,gain,med,non-veg,medium,19.4
SU000052,female,53,169.2,63.8,meso,maintain,low,non-veg,medium,22.3
SU000053,female,51,160.5,56.6,meso,loss,low,non-veg,high,22
SU000054,male,32,177.4,68.5,meso,maintain,low,veg,medium,21.8
SU000055,male,31,184.3,86.2,endo,maintain,med,non-veg,high,25.4
SU000056,female,37,161.5,64.3,endo,maintain,high,non-veg,medium,24.7
SU000057,male,49,169.4,54.1,ecto,gain,med,veg,medium,18.9
SU000058,male,57,166.5,57.3,meso,maintain,high,non-veg,medium,20.7
SU000059,female,29,160.4,50.3,ecto,gain,med,veg,medium,19.6
SU000060,female,23,154.2,47.4,meso,maintain,med,veg,high,19.9
SU000061,male,19,178.3,79.9,endo,loss,low,veg,low,25.1
SU000062,female,41,166.4,55.7,ecto,gain,med,non-veg,low,20.1
SU000063,male,55,164.4,49.7,ecto,gain,low,non-veg,high,18.4
SU000064,male,24,177.7,72,meso,maintain,low,non-veg,high,22.8
SU000065,male,40,178.2,70.4,meso,maintain,med,veg,medium,22.2
SU000066,female,58,160.5,61.4,endo,maintain,med,veg,low,23.8
SU000067,female,47,161.2,57.2,meso,loss,med,veg,high,22
SU000068,female,54,157.8,50.3,meso,loss,med,veg,high,20.2
SU000069,female,39,156.1,44.1,ecto,gain,med,non-veg,medium,18.1
SU000070,male,48,171.6,62.6,meso,maintain,med,non-veg,low,21.3
SU000071,female,60,159.9,55,meso,maintain,med,non-veg,medium,21.5
SU000072,female,32,154.6,45.5,ecto,maintain,low,veg,medium,19
SU000073,male,48,183.3,65.9,ecto,maintain,med,non-veg,medium,19.6
SU000074,female,18,158.6,51.7,meso,gain,low,veg,low,20.6
SU000075,female,24,160.8,65.2,endo,maintain,med,non-veg,medium,25.2
SU000076,male,43,173.8,68.5,meso,gain,med,non-veg,low,22.7
SU000077,male,33,173.1,58.9,ecto,gain,med,non-veg,high,19.7
SU000078,female,37,167.2,62.1,meso,maintain,low,non-veg,low,22.2
SU000079,female,60,152.3,42.2,ecto,loss,low,non-veg,low,18.2
SU000080,female,36,165,60.2,meso,maintain,med,non-veg,high,22.1
SU000081,male,45,173.3,61.3,ecto,maintain,low,veg,medium,20.4
SU000082,female,46,161.6,49.9,ecto,gain,med,non-veg,high,19.1
SU000083,male,56,184.9,71.3,ecto,maintain,med,veg,medium,20.9
SU000084,male,35,180.3,71.9,meso,maintain,med,veg,medium,22.1
SU000085,female,58,158.8,56.8,endo,maintain,high,non-veg,medium,22.5
SU000086,female,36,162.5,54,meso,maintain,med,non-veg,low,20.4
SU000087,male,43,170.1,71.1,endo,maintain,high,veg,high,24.6
SU000088,female,58,160.5,53.3,meso,gain,low,veg,low,20.7
SU000089,female,25,159.6,47.8,ecto,maintain,med,non-veg,high,18.8
SU000090,male,47,172.9,71.8,endo,maintain,med,veg,high,24
SU000091,female,48,166.3,70.5,endo,gain,low,non-veg,medium,25.5
SU000092,female,44,156.6,52.1,meso,maintain,med,veg,low,21.2
SU000093,female,27,150,46.7,meso,gain,med,veg,high,20.8
SU000094,male,54,181.7,73.4,meso,gain,high,non-veg,medium,22.2
SU000095,female,42,163,67.8,endo,maintain,med,non-veg,low,25.5
SU000096,male,46,171.3,60.1,ecto,gain,high,veg,low,20.5
SU000097,male,48,176.7,79.5,endo,maintain,low,non-veg,medium,25.5
SU000098,female,58,162.6,53.9,meso,maintain,med,non-veg,low,20.4
SU000099,female,32,164.5,59.2,meso,gain,med,veg,medium,21.9
SU000100,male,38,167.3,68.5,endo,maintain,low,non-veg,low,24.5
SU000101,male,28,164.1,50.3,ecto,gain,med,non-veg,medium,18.7
SU000102,female,34,160.1,54.4,meso,loss,high,non-veg,medium,21.2
SU000103,female,55,152.6,44.3,ecto,maintain,high,non-veg,medium,19
SU000104,female,54,181.8,76.1,meso,maintain,low,non-veg,low,23
SU000105,male,54,171.7,76.4,endo,maintain,med,non-veg,high,25.9
SU000106,male,56,160.7,63.5,endo,maintain,low,veg,medium,24.6
SU000107,male,58,177.6,60.3,ecto,gain,med,veg,high,19.1
SU000108,female,44,161.2,49.7,ecto,gain,low,non-veg,high,19.1
SU000109,male,34,179.4,80.1,endo,loss,high,non-veg,medium,24.9
SU000110,male,43,164.1,60.7,endo,maintain,high,non-veg,high,22.5
SU000111,female,41,162.7,54.9,meso,loss,med,non-veg,high,20.7
SU000112,female,57,158.9,46.7,ecto,gain,low,non-veg,high,18.5
SU000113,male,20,174.5,74.9,endo,maintain,low,non-veg,low,24.6
SU000114,female,55,157.9,52,meso,maintain,low,non-veg,low,20.9
SU000115,female,20,149,43.5,meso,gain,low,non-veg,low,19.6
SU000116,female,21,172.8,65.2,meso,maintain,low,veg,high,21.8
SU000117,male,21,181.3,79.1,endo,loss,low,veg,medium,24.1
SU000118,male,39,176.3,82.2,endo,gain,med,non-veg,medium,26.4
SU000119,female,29,161.9,47.5,ecto,maintain,high,veg,medium,18.1
SU000120,male,44,164.2,57.9,meso,loss,med,non-veg,high,21.5
SU000121,male,57,157.1,44,ecto,gain,med,non-veg,medium,17.8
SU000122,female,45,164,55.2,meso,maintain,med,non-veg,low,20.5
SU000123,male,26,179.4,64,ecto,gain,med,non-veg,medium,19.9
SU000124,male,25,171.8,69.9,endo,maintain,med,non-veg,high,23.7
SU000125,male,44,164,56.9,meso,loss,med,non-veg,low,21.2
SU000126,female,22,163.9,51.1,ecto,maintain,low,non-veg,high,19
SU000127,male,55,182,82.2,endo,gain,med,non-veg,medium,24.8
SU000128,male,36,161.8,56.5,meso,loss,med,non-veg,low,21.6
SU000129,male,40,176.1,81.9,endo,maintain,med,non-veg,medium,26.4
SU000130,male,56,161.2,63.6,endo,maintain,high,veg,low,24.5
SU000131,female,40,165.3,50.2,ecto,gain,high,non-veg,medium,18.4
SU000132,male,42,178.6,72.7,meso,maintain,low,non-veg,high,22.8
SU000133,male,21,166.1,54.2,ecto,gain,med,veg,low,19.6
SU000134,male,50,174.2,60,ecto,gain,med,veg,medium,19.8
SU000135,male,32,172.8,63.9,meso,maintain,med,veg,medium,21.4
SU000136,male,49,175.2,67.6,meso,maintain,low,non-veg,high,22
SU000137,female,22,164.6,57.7,meso,maintain,med,non-veg,medium,21.3
SU000138,female,36,162.4,51.2,ecto,gain,low,veg,high,19.4
SU000139,female,23,170.7,65.2,meso,loss,low,non-veg,medium,22.4
SU000140,male,22,177.8,68.9,meso,maintain,low,non-veg,high,21.8
SU000141,male,33,172.1,61.4,ecto,maintain,low,veg,low,20.7
SU000142,female,54,157.6,59.4,endo,maintain,med,non-veg,medium,23.9
SU000143,female,27,155.3,47.7,meso,gain,med,non-veg,high,19.8
SU000144,male,21,169,59.5,meso,maintain,low,non-veg,high,20.8
SU000145,female,47,166.6,58,meso,maintain,high,non-veg,low,20.9
SU000146,male,21,167.8,58.5,meso,maintain,high,non-veg,high,20.8
SU000147,male,33,163.2,56.2,meso,maintain,high,non-veg,medium,21.1
SU000148,male,58,182.1,72.3,meso,maintain,low,veg,medium,21.8
SU000149,male,39,167.1,52.1,ecto,gain,med,non-veg,medium,18.7
SU000150,male,37,164.7,59.4,meso,gain,med,veg,low,21.9
SU000151,male,59,177.2,71.4,meso,loss,med,veg,medium,22.7
SU000152,male,27,170.3,59.1,ecto,gain,high,veg,high,20.4
SU000153,male,60,177.9,72,meso,maintain,med,veg,medium,22.7
SU000154,male,46,181.6,66.9,ecto,maintain,med,non-veg,high,20.3
SU000155,female,32,162.9,59.2,meso,gain,low,non-veg,medium,22.3
SU000156,female,36,155.1,53.5,endo,maintain,med,non-veg,low,22.2
SU000157,female,21,166.6,58.7,meso,maintain,high,non-veg,low,21.1
SU000158,female,46,150.4,49.1,endo,maintain,low,non-veg,high,21.7
SU000159,female,19,163.7,56.3,meso,loss,med,non-veg,medium,21
SU000160,female,27,162.1,48.3,ecto,gain,low,non-veg,medium,18.4
SU000161,female,57,150.8,41.3,ecto,maintain,low,veg,high,18.2
SU000162,female,33,157.1,51.2,meso,loss,low,non-veg,high,20.7
SU000163,female,56,159.9,53.1,meso,maintain,med,non-veg,high,20.8
SU000164,male,60,172.3,65.4,meso,maintain,med,non-veg,high,22
SU000165,male,42,171.9,68.6,endo,loss,low,non-veg,medium,23.2
SU000166,male,55,166.4,61.6,meso,loss,low,veg,medium,22.2
SU000167,female,48,155.2,47.4,meso,maintain,high,veg,high,19.7
SU000168,male,38,173.3,71.8,endo,maintain,med,non-veg,medium,23.9
SU000169,male,36,176.1,71.1,meso,maintain,med,non-veg,medium,22.9
SU000170,female,39,164.1,65,endo,maintain,med,non-veg,high,24.1
SU000171,female,23,164.3,56.7,meso,maintain,high,veg,medium,21
SU000172,female,28,163.2,56.1,meso,gain,med,veg,high,21.1
SU000173,female,58,153,54.9,endo,gain,high,veg,medium,23.5
SU000174,male,56,180.2,73.2,meso,maintain,med,veg,low,22.5
SU000175,male,56,174.9,59.8,ecto,maintain,med,non-veg,medium,19.5
SU000176,female,33,161.5,65.7,endo,loss,low,veg,medium,25.2
SU000177,female,46,161,47.1,ecto,maintain,med,non-veg,high,18.2
SU000178,female,23,163.1,65.7,endo,maintain,high,non-veg,medium,24.7
SU000179,female,37,161.9,59.5,endo,loss,med,non-veg,medium,22.7
SU000180,male,33,165.1,68.6,endo,maintain,low,non-veg,medium,25.2
SU000181,male,22,173.3,63.2,meso,gain,high,non-veg,medium,21
SU000182,male,46,160.9,55.1,meso,maintain,med,veg,high,21.3
SU000183,male,45,170.8,66.5,meso,loss,high,non-veg,medium,22.8
SU000184,female,23,163.4,50.2,ecto,gain,med,non-veg,low,18.8
SU000185,male,55,162.9,64.2,endo,maintain,low,non-veg,high,24.2
SU000186,male,23,164.9,54.1,ecto,gain,med,non-veg,medium,19.9
SU000187,male,49,172.4,72.3,endo,maintain,med,non-veg,medium,24.3
SU000188,male,28,182.9,73.2,meso,maintain,med,veg,medium,21.9
SU000189,female,43,155.4,43.6,ecto,maintain,med,non-veg,medium,18.1
SU000190,female,42,161,64.3,endo,gain,med,non-veg,high,24.8
SU000191,female,30,159.5,63.9,endo,maintain,med,non-veg,medium,25.1
SU000192,male,31,173.2,68.2,meso,maintain,low,veg,medium,22.7
SU000193,female,52,155.9,43,ecto,maintain,low,veg,medium,17.7
SU000194,male,41,176.6,67.4,meso,gain,low,non-veg,high,21.6
SU000195,male,26,181.3,79,endo,maintain,med,non-veg,medium,24
SU000196,male,20,168.2,53.1,ecto,gain,med,non-veg,medium,18.8
SU000197,male,38,176.4,77.5,endo,maintain,low,non-veg,medium,24.9
SU000198,female,54,153.3,45.5,ecto,gain,high,non-veg,medium,19.4
SU000199,male,56,163.5,57.7,meso,loss,high,non-veg,high,21.6
SU000200,female,27,155.5,53.9,endo,maintain,low,non-veg,high,22.3
SU000201,female,27,148.5,44.7,meso,maintain,low,non-veg,medium,20.3
SU000202,male,53,174.1,64.5,meso,gain,med,non-veg,medium,21.3
SU000203,female,52,157.1,49.8,meso,loss,med,non-veg,medium,20.2
SU000204,female,32,152.3,54.3,endo,maintain,high,non-veg,high,23.4
SU000205,female,40,153.3,49.8,meso,maintain,high,non-veg,medium,21.2
SU000206,female,27,156.7,45.6,ecto,maintain,low,non-veg,medium,18.6
SU000207,female,31,165.4,53.5,ecto,maintain,med,non-veg,medium,19.6
SU000208,male,58,178.3,64.7,ecto,loss,low,veg,medium,20.4
SU000209,male,44,172.2,63.6,meso,loss,high,non-veg,medium,21.4
SU000210,male,59,167.1,62.9,meso,loss,med,non-veg,high,22.5
SU000211,male,20,185.3,90.7,endo,loss,med,non-veg,high,26.4
SU000212,male,39,168.8,58.4,ecto,gain,high,non-veg,medium,20.5
SU000213,female,35,159.8,49.7,ecto,gain,low,veg,medium,19.5
SU000214,male,29,175.8,67.1,meso,maintain,med,non-veg,medium,21.7
SU000215,male,29,167.1,65.9,endo,maintain,med,non-veg,low,23.6
SU000216,male,34,176.4,67.4,meso,maintain,med,veg,low,21.7
SU000217,female,25,166.6,59.7,meso,gain,high,non-veg,low,21.5
SU000218,female,44,158.2,54.1,meso,maintain,high,non-veg,high,21.6
SU000219,male,51,179,71.1,meso,maintain,med,veg,medium,22.2
SU000220,male,28,174.9,67.9,meso,loss,med,veg,low,22.2
SU000221,female,21,149.4,45.5,meso,maintain,med,non-veg,low,20.4
SU000222,male,31,174.5,70.4,meso,gain,low,veg,low,23.1
SU000223,male,48,180.6,64.7,ecto,gain,med,non-veg,high,19.8
SU000224,female,46,158.8,60.8,endo,maintain,high,non-veg,medium,24.1
SU000225,female,25,160.1,46.1,ecto,maintain,med,non-veg,high,18
SU000226,female,52,160.5,52.7,meso,gain,low,non-veg,low,20.5
SU000227,male,20,176.1,72.9,endo,loss,med,non-veg,high,23.5
SU000228,male,33,172.4,67.5,meso,loss,med,veg,low,22.7
SU000229,female,32,157.5,56.7,endo,loss,med,veg,medium,22.9
SU000230,male,44,167.3,63.1,meso,maintain,low,non-veg,high,22.5
SU000231,female,53,161.2,54.6,meso,loss,high,non-veg,medium,21
SU000232,female,29,154.9,57.1,endo,maintain,med,non-veg,medium,23.8
SU000233,male,53,171.8,61.9,meso,maintain,med,non-veg,medium,21
SU000234,female,23,165.4,59.5,meso,loss,high,veg,medium,21.7
SU000235,male,30,175.3,74.3,endo,gain,med,non-veg,low,24.2
SU000236,male,30,184.6,82.8,endo,maintain,low,non-veg,medium,24.3
SU000237,male,43,166.5,65.2,endo,maintain,med,non-veg,medium,23.5
SU000238,female,47,158.8,49.8,ecto,maintain,high,non-veg,high,19.7
SU000239,female,20,167.2,60,meso,loss,low,veg,medium,21.5
SU000240,female,32,156.9,52.1,meso,maintain,high,non-veg,medium,21.2
SU000241,female,59,164.8,56.5,meso,gain,med,non-veg,medium,20.8
SU000242,male,51,177.8,64.9,ecto,maintain,high,non-veg,medium,20.5
SU000243,male,22,165.4,59.6,meso,maintain,low,non-veg,medium,21.8
SU000244,female,19,154,42.6,ecto,gain,med,veg,medium,18
SU000245,male,50,174.1,71.5,endo,loss,med,non-veg,high,23.6
SU000246,female,40,161.7,50.3,ecto,gain,med,non-veg,medium,19.2
SU000247,male,37,172.2,64.2,meso,maintain,high,non-veg,high,21.7
SU000248,male,58,169.3,57.9,ecto,maintain,low,non-veg,medium,20.2
SU000249,male,51,167.6,72.4,endo,maintain,low,non-veg,medium,25.8
SU000250,female,52,158.1,54.7,meso,maintain,low,non-veg,medium,21.9
SU000251,female,22,156.7,45.3,ecto,gain,med,non-veg,high,18.4
SU000252,male,50,165.3,56.3,meso,maintain,low,veg,low,20.6
SU000253,female,38,151.2,41.1,ecto,gain,low,non-veg,medium,18
SU000254,female,23,171.2,69.9,endo,maintain,low,veg,low,23.8
SU000255,male,42,169,59.8,meso,loss,low,veg,medium,20.9
SU000256,female,53,163.7,55,meso,maintain,med,veg,medium,20.5
SU000257,female,42,142.5,40,ecto,gain,med,non-veg,high,19.7
SU000258,female,28,153.1,42.7,ecto,gain,low,non-veg,low,18.2
SU000259,female,22,155.1,47.8,meso,loss,high,non-veg,medium,19.9
SU000260,female,39,155.6,55.7,endo,maintain,med,non-veg,medium,23
SU000261,male,37,187.4,77,meso,maintain,high,veg,medium,21.9
SU000262,female,54,156.5,56.2,endo,gain,low,veg,high,22.9
SU000263,male,55,170,68.1,endo,maintain,low,non-veg,low,23.6
SU000264,male,44,157.8,50.2,meso,maintain,low,veg,medium,20.2
SU000265,female,22,170.7,63.1,meso,loss,med,non-veg,medium,21.7
SU000266,female,52,154.4,49.8,meso,loss,high,veg,low,20.9
SU000267,male,54,178.2,74,endo,maintain,med,non-veg,high,23.3
SU000268,male,46,170.6,61.4,meso,gain,med,non-veg,medium,21.1
SU000269,female,24,159.3,47.2,ecto,gain,high,veg,high,18.6
SU000270,female,40,154.5,48.1,meso,maintain,med,non-veg,medium,20.2
SU000271,male,19,176.5,74.1,endo,loss,med,non-veg,low,23.8
SU000272,female,47,159.5,47.9,ecto,loss,med,veg,medium,18.8
SU000273,male,46,172.2,62.1,meso,loss,med,non-veg,low,20.9
SU000274,male,41,161.1,55.1,meso,maintain,med,veg,high,21.2
SU000275,female,57,164.2,59.5,meso,gain,low,non-veg,medium,22.1
SU000276,male,26,179.9,69.4,meso,maintain,low,veg,medium,21.4
SU000277,male,54,156.3,50.9,meso,maintain,low,non-veg,medium,20.8
SU000278,male,29,151.6,44.2,meso,maintain,med,veg,medium,19.2
SU000279,female,53,163.7,55,meso,loss,med,non-veg,medium,20.5
SU000280,male,36,166.1,54,ecto,gain,low,veg,high,19.6
SU000281,female,53,167.5,62.3,meso,maintain,med,veg,medium,22.2
SU000282,female,52,159.6,46.9,ecto,gain,med,non-veg,medium,18.4
SU000283,male,46,180.1,62.8,ecto,gain,high,veg,high,19.4
SU000284,female,57,167.4,58.9,meso,loss,low,veg,low,21
SU000285,female,52,158.8,49.6,ecto,gain,med,veg,high,19.7
SU000286,male,26,176.6,81.3,endo,loss,med,non-veg,high,26.1
SU000287,male,33,169.4,57,ecto,gain,low,veg,high,19.9
SU000288,female,46,162.1,51.7,ecto,gain,med,non-veg,medium,19.7
SU000289,female,47,158.9,59.4,endo,maintain,low,veg,high,23.5
SU000290,female,22,150.3,50.9,endo,maintain,med,non-veg,high,22.5
SU000291,female,39,168,58.4,meso,maintain,low,non-veg,high,20.7
SU000292,female,19,153.7,45.7,ecto,maintain,high,non-veg,low,19.3
SU000293,male,59,170.4,64.4,meso,maintain,high,non-veg,low,22.2
SU000294,male,43,173.9,63.8,meso,loss,med,non-veg,medium,21.1
SU000295,male,48,177.5,60.1,ecto,gain,med,non-veg,medium,19.1
SU000296,male,48,172.3,57.3,ecto,gain,med,non-veg,low,19.3
SU000297,male,42,176.6,72.5,endo,maintain,med,veg,high,23.2
SU000298,female,40,165.8,60.3,meso,gain,med,veg,medium,21.9
SU000299,male,24,162.4,49.1,ecto,gain,low,non-veg,medium,18.6
SU000300,male,53,176.6,65.6,meso,maintain,med,veg,high,21
SU000301,female,31,172.1,67.8,meso,maintain,med,non-veg,medium,22.9
SU000302,male,33,176.3,72,meso,gain,med,non-veg,high,23.2
SU000303,male,42,173.2,76.8,endo,loss,med,non-veg,medium,25.6
SU000304,male,18,157.1,46.3,ecto,gain,low,veg,high,18.8
SU000305,female,45,159.1,53.3,meso,loss,low,non-veg,medium,21.1
SU000306,male,52,177.1,70.4,meso,maintain,med,non-veg,medium,22.4
SU000307,female,33,156,46.6,ecto,gain,low,non-veg,medium,19.1
SU000308,male,18,168.7,62,meso,maintain,med,veg,high,21.8
SU000309,female,28,169.5,61.5,meso,maintain,med,non-veg,high,21.4
SU000310,male,34,180.7,71.6,meso,maintain,med,veg,medium,21.9
SU000311,male,41,179.4,60.7,ecto,gain,med,non-veg,medium,18.9
SU000312,male,33,178.5,66.9,ecto,loss,med,non-veg,low,21
SU000313,female,32,165.1,58.6,meso,gain,med,non-veg,medium,21.5
SU000314,male,32,174.7,75.3,endo,maintain,high,non-veg,low,24.7
SU000315,female,38,162.1,48.9,ecto,maintain,med,non-veg,medium,18.6
SU000316,female,30,150.4,47.3,meso,loss,med,non-veg,low,20.9
SU000317,female,58,153.6,55.9,endo,loss,high,non-veg,low,23.7
SU000318,male,44,162.3,53.8,meso,gain,low,non-veg,high,20.4
SU000319,female,41,156.1,50.9,meso,loss,med,non-veg,medium,20.9
SU000320,male,33,167.4,56.6,ecto,maintain,high,non-veg,medium,20.2
SU000321,female,35,162.2,50.1,ecto,maintain,high,veg,high,19
SU000322,male,52,173.8,68.8,meso,loss,med,non-veg,medium,22.8
SU000323,female,56,160.1,48.7,ecto,gain,high,veg,low,19
SU000324,female,29,165.6,51.7,ecto,gain,med,non-veg,high,18.9
SU000325,male,25,174.6,61.3,ecto,maintain,high,non-veg,low,20.1
SU000326,female,22,154.8,42.6,ecto,gain,low,non-veg,medium,17.8
SU000327,female,25,162.6,48.1,ecto,gain,med,veg,medium,18.2
SU000328,male,40,166.6,51.1,ecto,gain,low,veg,high,18.4
SU000329,male,59,171.4,55.9,ecto,gain,med,non-veg,low,19
SU000330,male,58,175.2,78.3,endo,maintain,med,veg,medium,25.5
SU000331,female,40,158.2,62.1,endo,maintain,med,non-veg,low,24.8
SU000332,male,48,175.8,65.5,meso,maintain,med,non-veg,high,21.2
SU000333,female,52,162.2,65.5,endo,maintain,high,veg,high,24.9
SU000334,male,29,183.4,68.2,ecto,maintain,low,non-veg,medium,20.3
SU000335,female,54,165.1,57.5,meso,maintain,med,veg,high,21.1
SU000336,male,21,167.3,57,ecto,loss,low,non-veg,low,20.4
SU000337,male,39,179.9,74.9,meso,maintain,high,non-veg,medium,23.1
SU000338,female,22,161.1,53.9,meso,loss,high,non-veg,low,20.8
SU000339,male,45,181.1,86.8,endo,maintain,high,non-veg,low,26.5
SU000340,male,60,170.2,60.8,meso,maintain,low,veg,medium,21
SU000341,female,54,161.4,52.2,ecto,maintain,med,non-veg,high,20
SU000342,male,33,179.6,74,meso,maintain,low,non-veg,high,22.9
SU000343,female,46,162.2,47.9,ecto,gain,low,non-veg,medium,18.2
SU000344,female,28,150.7,48.6,endo,maintain,med,non-veg,medium,21.4
SU000345,male,28,171.8,63.6,meso,gain,med,veg,low,21.5
SU000346,male,22,174.8,68.1,meso,maintain,high,veg,medium,22.3
SU000347,male,45,175.3,73.1,endo,maintain,low,non-veg,low,23.8
SU000348,female,60,162.4,52.5,ecto,maintain,low,veg,medium,19.9
SU000349,female,18,160.4,52.6,meso,maintain,low,non-veg,medium,20.4
SU000350,male,48,173.3,75.8,endo,loss,low,non-veg,medium,25.2
SU000351,female,29,155.6,51.8,meso,maintain,med,veg,low,21.4
SU000352,male,60,173.7,61.4,ecto,loss,med,non-veg,medium,20.4
SU000353,male,42,159.8,60.3,endo,loss,med,non-veg,high,23.6
SU000354,male,50,174,64.2,meso,gain,med,non-veg,high,21.2
SU000355,female,29,162.3,64.7,endo,loss,low,veg,low,24.6
SU000356,male,56,172.6,58.1,ecto,maintain,high,non-veg,low,19.5
SU000357,female,35,151.1,44.2,meso,maintain,high,veg,high,19.4
SU000358,male,24,166.5,58.9,meso,maintain,low,veg,medium,21.2
SU000359,female,59,165.1,59.7,meso,loss,med,veg,medium,21.9
SU000360,female,33,166.5,52.9,ecto,gain,med,veg,medium,19.1
SU000361,female,35,160.7,63.5,endo,maintain,high,non-veg,high,24.6
SU000362,female,35,165,60.9,meso,maintain,med,veg,medium,22.4
SU000363,female,51,157.3,55.2,endo,gain,high,non-veg,low,22.3
SU000364,male,29,178.6,63.4,ecto,gain,high,non-veg,low,19.9
SU000365,male,35,170.1,63,meso,maintain,med,non-veg,high,21.8
SU000366,female,55,155.9,52,meso,loss,low,non-veg,medium,21.4
SU000367,male,42,172.8,57,ecto,gain,high,non-veg,low,19.1
SU000368,male,18,176.2,66.7,meso,maintain,low,veg,high,21.5
SU000369,female,59,161,49.5,ecto,gain,high,non-veg,medium,19.1
SU000370,male,18,177,70.3,meso,maintain,med,non-veg,medium,22.4
SU000371,female,24,158.5,55.1,meso,maintain,low,veg,medium,21.9
SU000372,male,27,180.6,74.8,meso,maintain,low,veg,high,22.9
SU000373,female,26,154.8,47,meso,gain,med,non-veg,medium,19.6
SU000374,male,39,174.9,70.2,meso,maintain,low,non-veg,high,22.9
SU000375,female,28,163.2,66.6,endo,maintain,high,veg,low,25
SU000376,male,39,175.3,67.3,meso,gain,low,veg,high,21.9
SU000377,female,34,154.7,49.9,meso,maintain,med,veg,low,20.9
SU000378,male,50,166.1,55.7,ecto,loss,med,non-veg,medium,20.2
SU000379,male,39,168.1,63,meso,maintain,med,non-veg,medium,22.3
SU000380,male,38,180.7,70.2,meso,maintain,low,veg,high,21.5
SU000381,female,23,159.4,48.3,ecto,gain,med,non-veg,medium,19
SU000382,male,38,172.1,75.3,endo,loss,med,veg,low,25.4
SU000383,female,37,162.3,49.3,ecto,gain,med,non-veg,low,18.7
SU000384,female,45,155.5,55.1,endo,loss,high,veg,high,22.8
SU000385,female,19,156.9,45.4,ecto,gain,med,veg,high,18.4
SU000386,male,42,170,75.6,endo,maintain,low,non-veg,low,26.2
SU000387,male,21,168.6,62.9,meso,maintain,med,non-veg,medium,22.1
SU000388,female,44,160.6,52.5,meso,maintain,med,veg,medium,20.4
SU000389,male,50,173.3,64.4,meso,maintain,low,veg,low,21.4
SU000390,male,40,175.8,66.2,meso,gain,low,veg,medium,21.4
SU000391,female,33,158.3,45.1,ecto,gain,med,non-veg,high,18
SU000392,male,34,169,59.3,meso,maintain,med,non-veg,medium,20.8
SU000393,male,36,179.5,68,meso,loss,med,non-veg,low,21.1
SU000394,male,39,161.9,53.4,meso,maintain,med,non-veg,high,20.4
SU000395,male,25,178.4,71.6,meso,maintain,high,veg,medium,22.5
SU000396,male,26,163.3,56.5,meso,maintain,low,non-veg,low,21.2
SU000397,female,29,167,62.7,meso,maintain,med,non-veg,high,22.5
SU000398,female,25,153.4,50.5,endo,gain,med,veg,medium,21.5
SU000399,male,60,163.2,63.8,endo,maintain,med,non-veg,medium,24
SU000400,female,27,164,66,endo,loss,med,non-veg,low,24.5
SU000401,female,49,161.9,60.4,endo,maintain,low,non-veg,low,23
SU000402,female,33,159.6,48.3,ecto,maintain,med,non-veg,low,19
SU000403,female,59,164.9,55.3,ecto,maintain,med,veg,medium,20.3
SU000404,male,59,162.6,54.7,meso,maintain,high,non-veg,low,20.7
SU000405,female,60,165.6,59.8,meso,maintain,med,veg,medium,21.8
SU000406,female,24,160.1,49.9,ecto,maintain,low,veg,high,19.5
SU000407,male,30,174,61.6,ecto,loss,high,veg,high,20.3
SU000408,male,46,177.1,65.9,meso,maintain,med,non-veg,high,21
SU000409,female,55,151.4,44.6,meso,maintain,med,non-veg,low,19.5
SU000410,female,50,155.4,54.2,endo,maintain,med,non-veg,medium,22.4
SU000411,female,36,160,55,meso,gain,low,non-veg,high,21.5
SU000412,male,30,166.9,52,ecto,gain,med,non-veg,high,18.7
SU000413,male,50,164.7,60.8,meso,maintain,med,non-veg,high,22.4
SU000414,female,45,157,59,endo,loss,med,veg,low,23.9
SU000415,male,36,174.1,65.8,meso,maintain,low,veg,high,21.7
SU000416,male,59,179.2,69.7,meso,maintain,low,non-veg,high,21.7
SU000417,female,42,169.3,60.6,meso,gain,med,non-veg,high,21.1
SU000418,female,32,163.3,64.5,endo,maintain,med,non-veg,high,24.2
SU000419,male,36,171.7,61.6,meso,maintain,high,veg,high,20.9
SU000420,female,26,157,48.4,ecto,loss,high,veg,medium,19.6
SU000421,female,56,152.2,41.6,ecto,gain,high,non-veg,medium,18
SU000422,female,51,160.5,48.5,ecto,gain,low,veg,medium,18.8
SU000423,male,40,174,60.1,ecto,gain,low,veg,medium,19.9
SU000424,male,25,181.8,74.5,meso,gain,med,non-veg,medium,22.5
SU000425,female,42,157.3,60.5,endo,maintain,high,non-veg,medium,24.5
SU000426,female,49,172.9,62,ecto,loss,high,veg,medium,20.7
SU000427,male,58,169.5,56.5,ecto,gain,med,non-veg,high,19.7
SU000428,female,59,161.3,63.8,endo,loss,low,non-veg,low,24.5
SU000429,male,21,177.2,62.2,ecto,gain,low,veg,high,19.8
SU000430,female,19,156.7,48.8,meso,gain,low,veg,high,19.9
SU000431,male,22,168.2,64,meso,maintain,med,veg,medium,22.6
SU000432,male,48,169,58,ecto,maintain,low,non-veg,high,20.3
SU000433,male,37,161.8,55.9,meso,maintain,high,non-veg,high,21.4
SU000434,male,20,182.5,65.4,ecto,gain,med,non-veg,high,19.6
SU000435,female,31,162.1,54.2,meso,loss,med,non-veg,low,20.6
SU000436,male,53,183.2,71.9,meso,maintain,med,veg,low,21.4
SU000437,female,39,163.6,57.1,meso,maintain,med,veg,medium,21.3
SU000438,female,55,161.7,48.1,ecto,maintain,med,non-veg,high,18.4
SU000439,male,59,176.8,68.2,meso,maintain,high,veg,high,21.8
SU000440,male,29,167.4,63,meso,loss,low,veg,high,22.5
SU000441,male,22,163,61.3,endo,loss,high,non-veg,high,23.1
SU000442,female,52,155.1,55,endo,gain,med,non-veg,low,22.9
SU000443,female,26,153.9,50,meso,maintain,med,non-veg,medium,21.1
SU000444,male,50,162.1,52.4,ecto,maintain,low,non-veg,medium,19.9
SU000445,female,40,160.9,49.4,ecto,gain,med,veg,medium,19.1
SU000446,female,48,168.9,66,endo,gain,high,veg,medium,23.1
SU000447,female,34,149.1,42.3,meso,maintain,med,non-veg,medium,19
SU000448,male,51,165.3,61,meso,loss,high,veg,high,22.3
SU000449,male,46,174.2,61.6,ecto,loss,low,non-veg,low,20.3
SU000450,male,44,177.2,75.2,endo,loss,med,non-veg,medium,23.9
SU000451,female,19,147.4,40,ecto,maintain,low,non-veg,low,18.4
SU000452,male,51,171,74,endo,maintain,med,non-veg,low,25.3
SU000453,female,23,161.2,47.6,ecto,gain,med,non-veg,medium,18.3
SU000454,male,57,178.1,69.9,meso,maintain,low,non-veg,medium,22
SU000455,male,42,165.7,57.1,meso,loss,low,veg,high,20.8
SU000456,female,57,159.8,51.7,meso,maintain,high,non-veg,high,20.2
SU000457,male,59,159.2,53.2,meso,maintain,med,non-veg,medium,21
SU000458,female,55,166.1,66.3,endo,maintain,high,non-veg,medium,24
SU000459,male,23,169.3,56.6,ecto,maintain,high,non-veg,low,19.7
SU000460,male,42,161.8,53.7,meso,maintain,med,veg,medium,20.5
SU000461,female,34,155.8,55.8,endo,maintain,med,non-veg,medium,23
SU000462,female,29,150.9,45.1,meso,gain,med,veg,medium,19.8
SU000463,male,60,177.8,65,ecto,maintain,low,non-veg,high,20.6
SU000464,male,28,176.2,68.4,meso,maintain,med,non-veg,high,22
SU000465,male,22,177.5,63.9,ecto,maintain,med,non-veg,high,20.3
SU000466,male,29,169.4,64.4,meso,maintain,med,veg,medium,22.4
SU000467,male,56,166.4,62.6,meso,loss,med,non-veg,medium,22.6
SU000468,female,43,166.8,61.5,meso,loss,med,non-veg,medium,22.1
SU000469,male,53,176.7,62.9,ecto,loss,high,non-veg,medium,20.1
SU000470,female,54,158.9,47.7,ecto,maintain,low,non-veg,medium,18.9
SU000471,male,50,166.6,68,endo,maintain,high,non-veg,medium,24.5
SU000472,female,47,145.3,40,meso,maintain,high,non-veg,medium,18.9
SU000473,male,32,170.6,69.4,endo,maintain,med,non-veg,medium,23.8
SU000474,female,22,155.5,50.3,meso,loss,low,veg,low,20.8
SU000475,male,49,173.5,68.4,meso,maintain,low,veg,medium,22.7
SU000476,male,25,183.3,87.3,endo,maintain,med,non-veg,medium,26
SU000477,male,48,167.7,59,meso,maintain,low,non-veg,high,21
SU000478,female,43,157.8,46.7,ecto,gain,med,veg,high,18.8
SU000479,female,43,154.8,51.9,endo,maintain,med,non-veg,low,21.7
SU000480,female,55,159.4,46.8,ecto,maintain,med,non-veg,low,18.4
SU000481,female,41,156,45.1,ecto,gain,med,non-veg,high,18.5
SU000482,male,24,176.6,66.8,meso,maintain,high,non-veg,high,21.4
SU000483,male,48,176.2,79.5,endo,maintain,low,non-veg,high,25.6
SU000484,female,34,154.1,46.6,meso,gain,med,non-veg,medium,19.6
SU000485,female,58,149.8,40,ecto,gain,med,veg,medium,17.8
SU000486,female,56,156.1,46.9,ecto,maintain,med,non-veg,low,19.2
SU000487,female,46,162.2,65.6,endo,maintain,med,veg,medium,24.9
SU000488,female,22,162.9,52.1,ecto,gain,low,veg,medium,19.6
SU000489,female,35,153.5,51.8,endo,gain,med,non-veg,high,22
SU000490,male,33,171.1,61.9,meso,loss,high,non-veg,low,21.1
SU000491,male,48,176.1,66.1,meso,maintain,low,non-veg,high,21.3
SU000492,female,37,162.3,50.6,ecto,maintain,med,non-veg,low,19.2
SU000493,male,60,181.7,73.8,meso,loss,high,non-veg,medium,22.4
SU000494,male,55,161.8,55.8,meso,maintain,med,non-veg,medium,21.3
SU000495,female,40,157,48.8,meso,gain,low,veg,medium,19.8
SU000496,male,40,173.8,61.5,ecto,maintain,med,non-veg,medium,20.4
SU000497,female,36,164.7,56.8,meso,maintain,med,non-veg,low,20.9
SU000498,female,42,155.7,46.6,ecto,gain,low,non-veg,medium,19.2
SU000499,female,36,163,54.5,meso,maintain,med,veg,low,20.5
SU000500,female,35,161.4,57.8,meso,loss,med,veg,low,22.2
SU000501,male,36,176.1,60.6,ecto,maintain,med,non-veg,low,19.5
SU000502,female,41,165.7,61.8,meso,loss,med,veg,high,22.5
SU000503,female,22,159.3,55.9,meso,maintain,low,non-veg,medium,22
SU000504,female,46,160.6,46.9,ecto,gain,high,veg,high,18.2
SU000505,male,48,170.6,63.9,meso,loss,high,non-veg,low,22
SU000506,female,58,150.2,42.8,ecto,maintain,med,veg,medium,19
SU000507,female,38,160.7,49.6,ecto,gain,med,non-veg,medium,19.2
SU000508,male,41,187.8,87,endo,gain,low,non-veg,medium,24.7
SU000509,male,21,166.8,60.5,meso,maintain,low,non-veg,low,21.7
SU000510,female,46,160.4,53,meso,loss,low,non-veg,high,20.6
SU000511,female,53,154.4,43,ecto,gain,med,veg,low,18
SU000512,male,22,180,71.6,meso,maintain,med,non-veg,medium,22.1
SU000513,female,29,159.1,63.5,endo,maintain,med,non-veg,medium,25.1
SU000514,male,51,174,66,meso,maintain,med,veg,medium,21.8
SU000515,male,51,174.8,65.2,meso,loss,low,non-veg,low,21.3
SU000516,female,60,160.6,53,meso,maintain,med,non-veg,low,20.5
SU000517,male,31,168.4,63,meso,gain,high,non-veg,medium,22.2
SU000518,female,21,155.6,54.9,endo,gain,low,veg,low,22.7
SU000519,male,24,172.1,62.8,meso,maintain,med,veg,medium,21.2
SU000520,female,24,168.4,68.6,endo,loss,med,non-veg,high,24.2
SU000521,male,53,166.8,59,meso,gain,low,veg,high,21.2
SU000522,female,41,162,54.3,meso,maintain,med,non-veg,medium,20.7
SU000523,female,53,152.3,56.4,endo,maintain,low,non-veg,medium,24.3
SU000524,male,37,177.8,64.9,ecto,gain,high,veg,medium,20.5
SU000525,female,53,156.6,49.8,meso,gain,med,non-veg,low,20.3
SU000526,male,32,172.9,57.2,ecto,maintain,low,non-veg,medium,19.1
SU000527,female,48,166.7,52.9,ecto,gain,high,non-veg,medium,19
SU000528,female,23,155.6,55.8,endo,gain,high,veg,high,23
SU000529,male,32,170.7,63.7,meso,maintain,high,non-veg,medium,21.9
SU000530,male,38,170.5,62.8,meso,maintain,low,veg,high,21.6
SU000531,male,32,162.2,56.2,meso,maintain,med,veg,medium,21.4
SU000532,female,50,161.5,53.7,meso,maintain,med,non-veg,medium,20.6
SU000533,male,53,172.9,68.4,meso,loss,med,veg,low,22.9
SU000534,female,45,154.8,50.6,meso,loss,low,veg,medium,21.1
SU000535,female,57,163.9,66.3,endo,loss,high,non-veg,medium,24.7
SU000536,male,25,170,65.1,meso,maintain,low,non-veg,low,22.5
SU000537,female,25,161.8,57,meso,maintain,med,veg,high,21.8
SU000538,male,60,179.3,61.9,ecto,maintain,med,non-veg,low,19.3
SU000539,female,21,153.1,47.1,meso,loss,high,veg,medium,20.1
SU000540,female,59,148.7,45.6,meso,maintain,high,non-veg,high,20.6
SU000541,male,29,185.1,67.5,ecto,gain,high,non-veg,high,19.7
SU000542,male,19,175.4,71.1,meso,maintain,med,non-veg,low,23.1
SU000543,male,58,185.8,67.3,ecto,maintain,med,non-veg,high,19.5
SU000544,female,60,155,46.4,ecto,gain,med,non-veg,medium,19.3
SU000545,female,33,157,52.1,meso,maintain,med,veg,medium,21.1
SU000546,male,26,173,69,meso,gain,med,non-veg,low,23.1
SU000547,male,59,174.9,73.9,endo,gain,high,veg,medium,24.2
SU000548,male,38,171,76.1,endo,gain,med,non-veg,medium,26
SU000549,female,27,156.4,57.6,endo,loss,low,veg,high,23.5
SU000550,male,32,168.9,62.1,meso,maintain,med,non-veg,medium,21.8
SU000551,female,29,170,66.3,endo,maintain,med,veg,low,22.9
SU000552,female,32,162.1,58.2,meso,gain,high,non-veg,low,22.1
SU000553,female,38,151.3,53.5,endo,maintain,high,non-veg,high,23.4
SU000554,male,51,165,51.1,ecto,gain,med,non-veg,high,18.8
SU000555,male,53,160.4,55.9,meso,maintain,med,non-veg,low,21.7
SU000556,male,45,176.6,61.8,ecto,gain,high,non-veg,high,19.8
SU000557,male,50,176.1,61.3,ecto,maintain,med,non-veg,medium,19.8
SU000558,male,47,176.7,59.8,ecto,gain,low,non-veg,high,19.2
SU000559,male,25,169.6,63.4,meso,loss,med,veg,high,22
SU000560,female,20,143.9,42.3,endo,gain,high,non-veg,medium,20.4
SU000561,male,21,169.9,60.6,meso,loss,low,non-veg,medium,21
SU000562,female,18,157.9,54.1,meso,loss,high,non-veg,low,21.7
SU000563,female,47,152,47.1,meso,maintain,low,non-veg,low,20.4
SU000564,male,29,169.6,57.4,ecto,gain,med,veg,high,20
SU000565,female,39,156.1,58.3,endo,maintain,low,non-veg,low,23.9
SU000566,male,47,164.7,57.2,meso,gain,med,veg,high,21.1
SU000567,male,45,175.4,75.5,endo,loss,low,non-veg,low,24.5
SU000568,male,57,167.9,52.4,ecto,gain,med,non-veg,medium,18.6
SU000569,female,45,158.1,52.6,meso,maintain,low,non-veg,high,21
SU000570,female,49,162.5,60.7,endo,loss,high,veg,medium,23
SU000571,female,58,158.4,58,endo,maintain,med,veg,medium,23.1
SU000572,male,18,172.9,64.3,meso,maintain,med,veg,low,21.5
SU000573,male,25,175.7,66.9,meso,maintain,low,non-veg,medium,21.7
SU000574,female,48,160.7,64.6,endo,maintain,med,non-veg,medium,25
SU000575,female,47,157.1,56.4,endo,maintain,med,non-veg,high,22.9
SU000576,male,54,181.2,76.5,meso,maintain,med,non-veg,medium,23.3
SU000577,male,39,165.8,69.9,endo,maintain,med,non-veg,medium,25.4
SU000578,female,20,165.2,54.7,ecto,maintain,low,non-veg,medium,20
SU000579,female,29,158.7,47.5,ecto,gain,med,non-veg,high,18.9
SU000580,male,39,172.5,69.9,endo,gain,med,non-veg,high,23.5
SU000581,male,31,185.9,78.8,meso,maintain,med,non-veg,medium,22.8
SU000582,male,39,172.4,63.9,meso,maintain,low,non-veg,medium,21.5
SU000583,female,58,157.3,55,endo,loss,low,veg,medium,22.2
SU000584,female,25,165.9,52.5,ecto,maintain,med,non-veg,low,19.1
SU000585,male,36,170.1,60.1,meso,gain,low,veg,high,20.8
SU000586,male,24,171.5,66.9,meso,maintain,low,non-veg,high,22.7
SU000587,female,57,160.9,57.1,meso,maintain,low,veg,high,22.1
SU000588,male,23,169.7,72.3,endo,maintain,high,non-veg,medium,25.1
SU000589,female,48,165.1,53.9,ecto,gain,low,non-veg,medium,19.8
SU000590,female,47,156.9,53,meso,maintain,low,veg,medium,21.5
SU000591,female,56,166,56.8,meso,maintain,med,non-veg,high,20.6
SU000592,female,43,164.8,58.2,meso,loss,low,veg,low,21.4
SU000593,male,55,170.7,64.7,meso,maintain,high,non-veg,medium,22.2
SU000594,female,25,156.5,49.2,meso,gain,med,non-veg,high,20.1
SU000595,male,56,163.2,48.9,ecto,gain,high,non-veg,medium,18.4
SU000596,male,27,172.3,64.7,meso,loss,med,veg,medium,21.8
SU000597,female,37,144.3,40,meso,maintain,high,veg,high,19.2
SU000598,male,57,178.8,78.4,endo,maintain,med,veg,medium,24.5
SU000599,male,18,174.9,68.8,meso,maintain,high,non-veg,high,22.5
SU000600,female,42,156.7,49.2,meso,gain,med,veg,low,20
SU000601,female,44,161,50.6,ecto,gain,high,non-veg,low,19.5
SU000602,female,26,160.5,50.5,ecto,gain,med,non-veg,medium,19.6
SU000603,female,57,157.6,47.2,ecto,gain,med,non-veg,medium,19
SU000604,male,50,175,57.7,ecto,gain,high,non-veg,low,18.8
SU000605,female,25,148.3,44.5,meso,maintain,high,veg,high,20.2
SU000606,male,51,170,75.3,endo,loss,low,non-veg,high,26.1
SU000607,female,57,153.3,44.3,ecto,gain,low,non-veg,medium,18.9
SU000608,female,36,159.5,49.7,ecto,maintain,med,non-veg,medium,19.5
SU000609,female,55,156.5,43.6,ecto,gain,low,non-veg,high,17.8
SU000610,female,34,156.5,43.8,ecto,maintain,low,non-veg,low,17.9
SU000611,male,60,161.3,57.2,meso,maintain,high,veg,high,22
SU000612,male,27,173,65.1,meso,maintain,high,non-veg,high,21.8
SU000613,female,58,159,45.4,ecto,gain,med,non-veg,low,18
SU000614,female,37,171.1,65.1,meso,maintain,high,non-veg,low,22.2
SU000615,female,27,156.1,50.7,meso,gain,med,veg,high,20.8
SU000616,male,52,175.5,70.4,meso,maintain,high,non-veg,high,22.9
SU000617,female,24,160.5,50.4,ecto,gain,med,non-veg,medium,19.6
SU000618,male,38,180.9,69.9,meso,loss,med,non-veg,low,21.4
SU000619,female,40,171.9,59.2,ecto,maintain,low,veg,low,20
SU000620,male,25,179.7,65.6,ecto,maintain,med,non-veg,high,20.3
SU000621,male,25,163.3,55.7,meso,maintain,low,non-veg,high,20.9
SU000622,female,34,149.6,40,ecto,maintain,low,non-veg,medium,17.9
SU000623,female,29,163,54.7,meso,maintain,med,non-veg,medium,20.6
SU000624,male,57,178.3,67.5,meso,maintain,high,non-veg,low,21.2
SU000625,female,46,165.8,51.2,ecto,maintain,med,non-veg,low,18.6
SU000626,female,54,161.4,49.2,ecto,gain,med,non-veg,medium,18.9
SU000627,male,52,177.4,66.1,ecto,maintain,med,non-veg,high,21
SU000628,female,43,165.1,54.8,ecto,maintain,high,non-veg,medium,20.1
SU000629,female,36,163.4,59.3,meso,maintain,low,veg,medium,22.2
SU000630,female,49,168.6,53.7,ecto,gain,med,non-veg,low,18.9
SU000631,male,49,182.7,77.9,meso,loss,med,non-veg,medium,23.3
SU000632,female,21,157.6,52.6,meso,maintain,med,non-veg,low,21.2
SU000633,male,55,185,69.7,ecto,loss,low,non-veg,medium,20.4
SU000634,male,18,173.6,59.3,ecto,maintain,low,veg,high,19.7
SU000635,male,24,173.6,61.8,ecto,maintain,med,non-veg,low,20.5
SU000636,female,38,165.2,55.5,ecto,loss,med,non-veg,medium,20.3
SU000637,male,55,174.8,58.4,ecto,maintain,low,veg,high,19.1
SU000638,male,26,177,59,ecto,gain,high,non-veg,high,18.8
SU000639,male,18,162.6,52.2,ecto,gain,low,non-veg,high,19.7
SU000640,male,27,177.5,70.5,meso,loss,med,non-veg,high,22.4
SU000641,male,49,165.3,57,meso,gain,low,non-veg,medium,20.9
SU000642,male,57,175.7,70,meso,maintain,med,non-veg,low,22.7
SU000643,female,21,156.3,46.5,ecto,loss,med,non-veg,high,19
SU000644,female,36,160.6,48.8,ecto,maintain,low,non-veg,high,18.9
SU000645,male,52,179.6,65.1,ecto,maintain,med,non-veg,low,20.2
SU000646,male,38,166.1,53,ecto,maintain,low,veg,low,19.2
SU000647,male,22,177.9,69.4,meso,loss,med,non-veg,low,21.9
SU000648,male,58,169.1,62.6,meso,maintain,low,veg,low,21.9
SU000649,male,47,163.6,58,meso,maintain,low,veg,high,21.7
SU000650,male,54,165.6,66.3,endo,gain,high,veg,high,24.2
SU000651,female,47,156.3,47.6,ecto,gain,med,non-veg,low,19.5
SU000652,male,54,179,82.5,endo,maintain,med,veg,high,25.7
SU000653,female,51,157.5,53.1,meso,maintain,high,non-veg,low,21.4
SU000654,female,31,160.1,48.6,ecto,maintain,low,non-veg,low,19
SU000655,female,54,164.3,59.6,meso,maintain,low,non-veg,high,22.1
SU000656,female,58,155.7,45.2,ecto,maintain,med,non-veg,medium,18.6
SU000657,female,57,167.2,57.8,meso,gain,med,non-veg,low,20.7
SU000658,female,21,153.3,41.6,ecto,gain,med,non-veg,medium,17.7
SU000659,male,53,177.2,72.5,meso,maintain,low,non-veg,low,23.1
SU000660,male,32,176.5,65.8,meso,maintain,high,non-veg,medium,21.1
SU000661,female,49,165.9,59,meso,maintain,high,non-veg,medium,21.4
SU000662,male,30,160.6,59.6,endo,gain,med,veg,high,23.1
SU000663,male,28,163.6,50.4,ecto,gain,med,non-veg,high,18.8
SU000664,male,48,170.9,61,meso,gain,med,non-veg,medium,20.9
SU000665,male,51,168.3,62.7,meso,maintain,med,veg,medium,22.1
SU000666,female,47,167.1,59,meso,maintain,low,non-veg,low,21.1
SU000667,female,21,163.9,50,ecto,maintain,low,non-veg,medium,18.6
SU000668,male,28,178.3,61.7,ecto,maintain,low,veg,low,19.4
SU000669,male,60,174.7,70,meso,maintain,low,non-veg,medium,22.9
SU000670,female,27,164.3,65.5,endo,maintain,high,veg,high,24.3
SU000671,female,48,154.6,57,endo,gain,high,non-veg,high,23.8
SU000672,female,25,150.7,44.7,meso,gain,high,veg,medium,19.7
SU000673,male,46,161.7,57,meso,loss,low,non-veg,low,21.8
SU000674,male,52,170.3,70.1,endo,maintain,med,non-veg,high,24.2
SU000675,male,60,168.6,60.8,meso,gain,low,non-veg,medium,21.4
SU000676,male,31,175.5,66.5,meso,maintain,med,non-veg,high,21.6
SU000677,female,44,148.1,41.1,ecto,maintain,med,veg,low,18.7
SU000678,female,23,161.9,49.9,ecto,gain,med,veg,low,19
SU000679,male,30,177.2,61.2,ecto,gain,med,non-veg,low,19.5
SU000680,female,32,149.9,41.9,ecto,gain,low,veg,high,18.6
SU000681,female,44,160.6,51.7,ecto,gain,high,non-veg,low,20
SU000682,female,55,153,50,meso,maintain,med,veg,medium,21.4
SU000683,female,50,164.1,58.8,meso,maintain,low,veg,medium,21.8
SU000684,male,35,177.3,68.1,meso,maintain,med,non-veg,low,21.7
SU000685,male,50,174.6,59.2,ecto,gain,med,non-veg,medium,19.4
SU000686,female,35,164.6,60,meso,loss,med,veg,medium,22.1
SU000687,female,41,161.4,64.9,endo,maintain,med,non-veg,low,24.9
SU000688,male,44,179,70.9,meso,maintain,low,non-veg,high,22.1
SU000689,female,26,154.8,52,endo,maintain,high,non-veg,high,21.7
SU000690,male,26,179.9,76.9,endo,loss,low,veg,low,23.8
SU000691,male,22,180.6,66,ecto,maintain,med,non-veg,low,20.2
SU000692,female,20,161.8,52.4,ecto,maintain,med,non-veg,high,20
SU000693,male,29,170.6,62.6,meso,gain,low,veg,high,21.5
SU000694,male,50,179.8,69.8,meso,loss,low,non-veg,low,21.6
SU000695,female,28,161.6,64.1,endo,maintain,med,non-veg,low,24.5
SU000696,male,46,178.9,70.5,meso,maintain,low,non-veg,high,22
SU000697,female,25,154.3,53.4,endo,maintain,low,non-veg,medium,22.4
SU000698,male,38,172.1,66.1,meso,maintain,med,non-veg,high,22.3
SU000699,male,53,180.5,75.7,meso,maintain,high,non-veg,high,23.2
SU000700,male,49,165.4,56.6,meso,maintain,med,non-veg,medium,20.7
SU000701,male,28,175.1,63.1,ecto,maintain,high,veg,medium,20.6
SU000702,female,55,159.8,53.1,meso,maintain,med,non-veg,high,20.8
SU000703,female,49,155.7,52.3,meso,loss,low,non-veg,low,21.6
SU000704,male,22,172.3,63.9,meso,maintain,low,veg,medium,21.5
SU000705,male,22,170.1,63.1,meso,maintain,med,non-veg,medium,21.8
SU000706,male,20,178.8,83.5,endo,maintain,high,veg,medium,26.1
SU000707,male,20,175.3,59.7,ecto,maintain,med,non-veg,high,19.4
SU000708,male,54,177.5,69.5,meso,gain,med,non-veg,medium,22.1
SU000709,male,43,172.5,55.9,ecto,gain,med,non-veg,medium,18.8
SU000710,male,41,167.1,59.4,meso,loss,med,veg,high,21.3
SU000711,female,40,159,54.1,meso,gain,low,veg,low,21.4
SU000712,male,39,174.3,59.7,ecto,gain,med,veg,medium,19.7
SU000713,female,35,155.2,42.7,ecto,gain,med,veg,medium,17.7
SU000714,male,39,169.7,61.5,meso,gain,high,non-veg,low,21.4
SU000715,male,49,173.1,64.4,meso,maintain,high,veg,high,21.5
SU000716,male,57,176.6,67.8,meso,loss,low,non-veg,low,21.7
SU000717,female,45,162.1,50.6,ecto,maintain,med,non-veg,medium,19.3
SU000718,female,34,154,46.2,meso,gain,med,non-veg,low,19.5
SU000719,male,54,171,65.9,meso,gain,med,non-veg,high,22.5
SU000720,female,54,168.5,60,meso,maintain,low,veg,medium,21.1
SU000721,female,45,162.7,55.2,meso,loss,high,non-veg,medium,20.9
SU000722,male,43,168.1,54,ecto,gain,low,veg,high,19.1
SU000723,female,45,159.4,54.3,meso,loss,low,veg,low,21.4
SU000724,male,49,182.8,81.6,endo,loss,low,non-veg,medium,24.4
SU000725,female,41,162.4,56.6,meso,maintain,high,non-veg,high,21.5
SU000726,male,51,168.3,61.5,meso,loss,med,non-veg,medium,21.7
SU000727,male,38,172.6,63,meso,loss,med,non-veg,high,21.1
SU000728,female,46,166.3,60.8,meso,loss,high,veg,medium,22
SU000729,female,48,153.8,50,meso,loss,high,non-veg,high,21.1
SU000730,male,60,179.2,77.6,endo,maintain,low,non-veg,medium,24.2
SU000731,female,25,173.3,68.8,meso,maintain,low,non-veg,low,22.9
SU000732,male,37,168.6,57.9,ecto,maintain,high,non-veg,medium,20.4
SU000733,female,20,158.9,46.8,ecto,gain,low,non-veg,medium,18.5
SU000734,male,28,158.3,54.1,meso,maintain,med,non-veg,medium,21.6
SU000735,female,19,159.7,58,endo,maintain,med,veg,medium,22.7
SU000736,male,25,171.6,59.7,ecto,maintain,med,non-veg,high,20.3
SU000737,female,38,155.5,48.9,meso,loss,high,veg,low,20.2
SU000738,female,29,157.1,48.9,meso,loss,med,non-veg,medium,19.8
SU000739,male,23,166.8,65.5,endo,loss,low,non-veg,low,23.5
SU000740,female,28,163.7,68.1,endo,maintain,low,non-veg,medium,25.4
SU000741,female,25,159,47.2,ecto,gain,low,non-veg,high,18.7
SU000742,male,56,181.9,64,ecto,gain,high,non-veg,low,19.3
SU000743,male,36,164.5,61.7,endo,maintain,low,non-veg,low,22.8
SU000744,female,43,155.7,48.9,meso,loss,med,non-veg,high,20.2
SU000745,male,21,186.6,78.7,meso,maintain,low,non-veg,high,22.6
SU000746,male,18,166.2,52.8,ecto,gain,med,veg,medium,19.1
SU000747,male,55,169.5,57.6,ecto,gain,low,non-veg,medium,20
SU000748,female,25,160.5,53.3,meso,maintain,high,non-veg,high,20.7
SU000749,female,36,153.6,51.9,endo,maintain,low,non-veg,high,22
SU000750,female,27,159.3,51.7,meso,loss,high,non-veg,medium,20.4
SU000751,male,20,177.5,69.4,meso,gain,low,non-veg,low,22
SU000752,female,47,155.7,48.1,meso,gain,high,non-veg,low,19.8
SU000753,male,28,177,65.8,meso,maintain,high,non-veg,medium,21
SU000754,male,44,192.6,91.6,endo,maintain,low,non-veg,low,24.7
SU000755,male,43,178.6,72.2,meso,maintain,high,veg,medium,22.6
SU000756,female,56,161.2,54.8,meso,gain,low,veg,medium,21.1
SU000757,male,31,171.7,73.6,endo,loss,high,veg,high,25
SU000758,female,29,152.5,41.1,ecto,maintain,med,non-veg,low,17.7
SU000759,female,36,163.1,59.2,meso,gain,high,veg,medium,22.3
SU000760,male,40,162.7,58.6,meso,maintain,high,non-veg,medium,22.1
SU000761,female,23,158.5,57.9,endo,maintain,high,non-veg,medium,23
SU000762,male,59,172.8,65.7,meso,maintain,low,non-veg,medium,22
SU000763,female,23,169.4,70.5,endo,maintain,med,veg,low,24.6
SU000764,male,53,165.4,50.6,ecto,gain,low,veg,medium,18.5
SU000765,female,40,158,45.3,ecto,maintain,low,non-veg,low,18.1
SU000766,male,44,168.8,71.2,endo,maintain,low,non-veg,medium,25
SU000767,female,39,159.8,63.6,endo,loss,high,veg,low,24.9
SU000768,male,18,163.8,56.9,meso,maintain,low,non-veg,medium,21.2
SU000769,female,37,157.8,51,meso,loss,high,non-veg,medium,20.5
SU000770,male,30,166.4,52,ecto,gain,low,non-veg,high,18.8
SU000771,male,45,172.4,72.6,endo,loss,high,non-veg,low,24.4
SU000772,male,46,168.6,66.7,endo,maintain,med,non-veg,medium,23.5
SU000773,female,21,153.9,48.9,meso,maintain,low,non-veg,medium,20.6
SU000774,female,20,163.5,58.2,meso,maintain,med,non-veg,medium,21.8
SU000775,female,32,171.7,64,meso,maintain,med,non-veg,medium,21.7
SU000776,female,57,164.9,63.9,endo,loss,low,non-veg,low,23.5
SU000777,female,46,150.8,41.8,ecto,maintain,low,non-veg,medium,18.4
SU000778,female,42,153.1,55.9,endo,maintain,high,non-veg,high,23.8
SU000779,male,57,173.6,59.6,ecto,gain,med,veg,medium,19.8
SU000780,female,37,163.1,49.8,ecto,gain,med,non-veg,medium,18.7
SU000781,male,50,175.1,59.2,ecto,maintain,low,non-veg,medium,19.3
SU000782,female,20,162.9,66.9,endo,maintain,med,non-veg,high,25.2
SU000783,male,21,174.2,76.2,endo,maintain,med,non-veg,high,25.1
SU000784,male,53,173.8,62.5,ecto,loss,low,non-veg,high,20.7
SU000785,female,46,152.7,50.7,endo,loss,med,non-veg,low,21.7
SU000786,female,18,168.4,52.8,ecto,maintain,high,veg,medium,18.6
SU000787,female,41,160.8,54.3,meso,gain,low,non-veg,medium,21
SU000788,female,51,156.8,53.8,endo,maintain,med,veg,low,21.9
SU000789,male,23,170.7,66.3,meso,loss,med,non-veg,medium,22.8
SU000790,male,58,173,73.1,endo,gain,med,non-veg,high,24.4
SU000791,female,38,168.2,68.5,endo,loss,low,veg,medium,24.2
SU000792,female,40,155.5,54.7,endo,loss,med,non-veg,low,22.6
SU000793,female,42,159.4,53.8,meso,maintain,med,veg,high,21.2
SU000794,male,19,174.6,62.3,ecto,maintain,med,non-veg,low,20.4
SU000795,male,21,172.6,73,endo,maintain,low,non-veg,low,24.5
SU000796,male,47,157.7,53.1,meso,gain,low,non-veg,medium,21.4
SU000797,male,40,175.7,63,ecto,loss,med,non-veg,medium,20.4
SU000798,male,41,176.5,66,meso,maintain,low,non-veg,medium,21.2
SU000799,male,48,162.3,52.5,ecto,gain,low,non-veg,medium,19.9
SU000800,female,46,156.2,48.9,meso,gain,high,non-veg,medium,20
SU000801,female,47,161.6,51.2,ecto,gain,med,non-veg,low,19.6
SU000802,female,25,166.6,57.2,meso,loss,med,veg,medium,20.6
SU000803,female,37,165,61.9,endo,gain,low,non-veg,high,22.7
SU000804,female,31,166.2,51.1,ecto,loss,med,veg,medium,18.5
SU000805,female,54,165.8,57,meso,loss,med,veg,medium,20.7
SU000806,female,46,150.2,45.7,meso,maintain,low,non-veg,low,20.3
SU000807,female,32,155.5,53.1,endo,loss,low,veg,medium,22
SU000808,male,54,173.7,67.3,meso,loss,med,veg,medium,22.3
SU000809,male,54,168,64,meso,maintain,med,non-veg,low,22.7
SU000810,male,33,165.8,66.9,endo,maintain,high,non-veg,low,24.3
SU000811,male,49,175.3,73.8,endo,loss,low,non-veg,medium,24
SU000812,male,52,168,53.9,ecto,gain,low,veg,low,19.1
SU000813,male,21,167.9,60.6,meso,maintain,low,veg,low,21.5
SU000814,female,25,163.4,51.4,ecto,gain,low,non-veg,low,19.3
SU000815,male,35,168.3,57.7,ecto,maintain,med,non-veg,medium,20.4
SU000816,male,33,174.4,74.8,endo,maintain,med,veg,medium,24.6
SU000817,male,27,160.3,54,meso,loss,high,non-veg,medium,21
SU000818,female,57,166.1,53.4,ecto,gain,high,veg,high,19.4
SU000819,female,40,163.9,61,endo,loss,low,non-veg,medium,22.7
SU000820,male,26,178.3,70.5,meso,maintain,high,non-veg,low,22.2
SU000821,female,58,165.5,52.8,ecto,gain,med,non-veg,low,19.3
SU000822,male,26,171.4,65.4,meso,maintain,low,non-veg,high,22.3
SU000823,female,43,171.1,65.1,meso,maintain,med,non-veg,low,22.2
SU000824,female,42,162.2,64.6,endo,loss,med,veg,high,24.6
SU000825,female,41,157.4,57,endo,loss,med,veg,low,23
SU000826,female,32,173.3,62,ecto,maintain,med,non-veg,medium,20.6
SU000827,male,18,165.6,53.5,ecto,gain,high,non-veg,high,19.5
SU000828,male,22,169.1,64.4,meso,gain,med,veg,high,22.5
SU000829,female,30,153.2,56.6,endo,loss,low,non-veg,medium,24.1
SU000830,female,59,154,50.3,meso,maintain,med,non-veg,medium,21.2
SU000831,male,51,172.8,65,meso,maintain,med,non-veg,high,21.8
SU000832,male,43,176.8,63.8,ecto,gain,low,non-veg,low,20.4
SU000833,female,22,159,59.2,endo,loss,low,veg,low,23.4
SU000834,female,34,159,49.5,ecto,gain,med,non-veg,high,19.6
SU000835,male,22,169.8,66.5,endo,loss,med,non-veg,medium,23.1
SU000836,female,22,158.8,60.4,endo,maintain,low,non-veg,low,24
SU000837,male,21,172.1,65.5,meso,maintain,low,non-veg,low,22.1
SU000838,male,47,167.6,59.9,meso,gain,med,non-veg,medium,21.3
SU000839,male,47,170.2,65.3,meso,gain,med,veg,low,22.5
SU000840,male,58,164.2,55.9,meso,loss,med,non-veg,medium,20.7
SU000841,male,21,167,54.5,ecto,maintain,med,non-veg,medium,19.5
SU000842,female,37,166.2,60.5,meso,loss,low,non-veg,medium,21.9
SU000843,male,50,180.5,78.2,endo,loss,med,veg,medium,24
SU000844,male,60,170.7,65.9,meso,maintain,med,non-veg,medium,22.6
SU000845,female,57,165.9,55.9,ecto,maintain,low,veg,high,20.3
SU000846,male,47,168.3,60.4,meso,maintain,low,non-veg,high,21.3
SU000847,male,43,174.9,59.3,ecto,maintain,high,non-veg,low,19.4
SU000848,female,20,160.6,59.4,endo,loss,low,veg,low,23
SU000849,male,29,173.6,60.6,ecto,gain,low,veg,low,20.1
SU000850,female,31,157.2,53.7,meso,gain,low,non-veg,medium,21.7
SU000851,female,22,151,40.4,ecto,gain,high,veg,low,17.7
SU000852,male,20,170.1,67.7,endo,loss,med,non-veg,medium,23.4
SU000853,female,26,165.9,68.2,endo,loss,high,non-veg,low,24.8
SU000854,female,59,163.3,65.9,endo,maintain,med,non-veg,low,24.7
SU000855,female,49,157.6,53.9,meso,maintain,med,non-veg,high,21.7
SU000856,male,43,168.7,57.8,ecto,maintain,med,non-veg,low,20.3
SU000857,male,26,179,78.2,endo,maintain,low,non-veg,low,24.4
SU000858,female,44,161.8,55.3,meso,maintain,med,veg,low,21.1
SU000859,male,40,176.3,74.4,endo,loss,low,non-veg,medium,23.9
SU000860,female,20,162.3,57.4,meso,maintain,low,non-veg,medium,21.8
SU000861,female,30,159.2,50.6,meso,maintain,high,non-veg,high,20
SU000862,female,43,146.8,48.3,endo,gain,high,non-veg,low,22.4
SU000863,male,43,165.5,52.9,ecto,gain,med,veg,low,19.3
SU000864,female,23,156,49,meso,maintain,low,non-veg,medium,20.1
SU000865,male,41,163.2,50.4,ecto,maintain,high,veg,high,18.9
SU000866,female,43,160,61.3,endo,loss,med,veg,medium,23.9
SU000867,male,27,178.7,78.5,endo,maintain,high,non-veg,high,24.6
SU000868,female,22,156,50.1,meso,gain,low,veg,medium,20.6
SU000869,male,28,168.2,52.6,ecto,gain,med,veg,medium,18.6
SU000870,female,31,160.3,48.9,ecto,maintain,med,veg,low,19
SU000871,female,43,173.6,62,ecto,loss,low,non-veg,medium,20.6
SU000872,male,37,178.3,73.5,meso,maintain,med,non-veg,medium,23.1
SU000873,female,35,156.4,44.8,ecto,gain,high,non-veg,high,18.3
SU000874,female,47,157.2,53.7,meso,maintain,low,veg,medium,21.7
SU000875,female,43,167.9,60.8,meso,gain,high,veg,low,21.6
SU000876,male,54,166.3,51.6,ecto,gain,med,veg,high,18.7
SU000877,female,60,141.3,42.1,endo,gain,med,non-veg,low,21.1
SU000878,male,24,172.8,63.6,meso,loss,med,non-veg,low,21.3
SU000879,male,22,168.8,59.1,meso,maintain,med,non-veg,medium,20.7
SU000880,male,38,174.3,67.9,meso,maintain,med,non-veg,low,22.3
SU000881,female,26,157.1,49.4,meso,gain,low,veg,high,20
SU000882,male,22,169.7,60.7,meso,maintain,low,veg,medium,21.1
SU000883,male,46,169.3,61.7,meso,maintain,high,non-veg,medium,21.5
SU000884,male,56,159.5,47.5,ecto,maintain,med,non-veg,high,18.7
SU000885,male,19,169.9,65.3,meso,maintain,high,veg,low,22.6
SU000886,male,28,168.3,56.1,ecto,gain,med,non-veg,medium,19.8
SU000887,female,45,155.7,44.6,ecto,gain,low,non-veg,low,18.4
SU000888,male,60,175,73.1,endo,maintain,med,non-veg,low,23.9
SU000889,female,24,160,53,meso,maintain,med,non-veg,medium,20.7
SU000890,female,26,162.7,58.4,meso,maintain,med,non-veg,medium,22.1
SU000891,female,19,160.9,57.5,meso,loss,med,non-veg,medium,22.2
SU000892,male,37,179.9,62.1,ecto,gain,med,veg,low,19.2
SU000893,male,27,178.5,73.3,meso,loss,med,veg,high,23
SU000894,female,59,159.5,62.8,endo,maintain,low,non-veg,medium,24.7
SU000895,male,39,182.8,75.9,meso,loss,low,veg,high,22.7
SU000896,female,51,159.2,51,meso,loss,med,veg,high,20.1
SU000897,male,31,174,59.5,ecto,gain,low,non-veg,high,19.7
SU000898,male,30,178.8,63.5,ecto,gain,low,veg,medium,19.9
SU000899,female,48,153.4,44.3,ecto,gain,high,non-veg,low,18.8
SU000900,female,19,162.6,61.7,endo,maintain,med,veg,high,23.3
SU000901,male,34,166.6,61.3,meso,loss,low,veg,medium,22.1
SU000902,male,18,172.6,61.6,ecto,gain,med,non-veg,medium,20.7
SU000903,female,42,173.1,65.1,meso,maintain,med,non-veg,medium,21.7
SU000904,male,45,175.3,78.3,endo,maintain,med,non-veg,medium,25.5
SU000905,female,21,170.7,64.5,meso,maintain,high,non-veg,low,22.1
SU000906,male,34,174.4,67.5,meso,maintain,high,veg,low,22.2
SU000907,male,18,167.6,52.2,ecto,gain,low,non-veg,medium,18.6
SU000908,female,28,144.4,45.9,endo,maintain,low,veg,high,22
SU000909,female,44,150.4,53.1,endo,maintain,high,non-veg,low,23.5
SU000910,male,43,167.3,58.1,meso,maintain,low,veg,medium,20.8
SU000911,female,51,161.3,55.1,meso,maintain,low,non-veg,low,21.2
SU000912,male,46,175,69.6,meso,loss,low,veg,high,22.7
SU000913,female,46,158.4,51.4,meso,maintain,med,non-veg,low,20.5
SU000914,male,48,177.6,73,meso,maintain,med,veg,medium,23.1
SU000915,male,24,176.6,61.9,ecto,gain,med,non-veg,medium,19.8
SU000916,female,39,158.9,55.3,meso,maintain,high,non-veg,high,21.9
SU000917,female,57,151,42.4,ecto,gain,med,veg,low,18.6
SU000918,male,19,174.5,69.1,meso,maintain,high,veg,medium,22.7
SU000919,female,50,160.4,53.6,meso,loss,low,non-veg,high,20.8
SU000920,female,46,159,47,ecto,gain,med,non-veg,high,18.6
SU000921,female,60,161.1,62.1,endo,maintain,high,non-veg,medium,23.9
SU000922,male,26,175.1,70.9,meso,maintain,low,non-veg,high,23.1
SU000923,female,25,168.7,59.4,meso,gain,med,veg,low,20.9
SU000924,male,28,168.8,71.7,endo,maintain,low,non-veg,medium,25.2
SU000925,male,60,167.6,57.4,ecto,maintain,med,non-veg,low,20.4
SU000926,male,59,160.6,55.4,meso,maintain,high,non-veg,high,21.5
SU000927,female,32,159.2,49.2,ecto,maintain,low,veg,low,19.4
SU000928,female,26,145.9,43.8,endo,maintain,high,non-veg,low,20.6
SU000929,female,45,151.9,45.4,meso,maintain,med,non-veg,high,19.7
SU000930,female,38,159,47.5,ecto,gain,high,non-veg,medium,18.8
SU000931,male,60,162.8,61.7,endo,maintain,high,veg,medium,23.3
SU000932,female,58,159.9,64.5,endo,maintain,med,non-veg,medium,25.2
SU000933,male,32,166,62.3,meso,maintain,low,non-veg,low,22.6
SU000934,male,19,172.5,66.9,meso,maintain,low,non-veg,high,22.5
SU000935,female,36,166.8,60.6,meso,maintain,low,non-veg,medium,21.8
SU000936,female,47,167.3,63,meso,loss,med,non-veg,medium,22.5
SU000937,male,59,175.4,64.1,ecto,maintain,med,non-veg,medium,20.8
SU000938,male,21,171.8,61.2,ecto,maintain,high,veg,low,20.7
SU000939,female,27,150.9,47.9,meso,maintain,med,veg,low,21
SU000940,female,60,160.7,53.4,meso,maintain,med,non-veg,medium,20.7
SU000941,female,18,158.7,47.9,ecto,gain,low,non-veg,medium,19
SU000942,female,24,159.9,60.1,endo,maintain,low,non-veg,medium,23.5
SU000943,male,38,172.5,59.1,ecto,gain,high,non-veg,low,19.9
SU000944,female,22,158.9,51,meso,maintain,med,non-veg,high,20.2
SU000945,male,29,171.3,72.9,endo,maintain,med,veg,medium,24.8
SU000946,male,53,173.6,58.2,ecto,gain,med,veg,low,19.3
SU000947,male,45,184.3,83,endo,maintain,med,veg,low,24.4
SU000948,male,54,167.7,61.5,meso,maintain,low,non-veg,high,21.9
SU000949,male,60,179.5,81.6,endo,loss,low,veg,medium,25.3
SU000950,female,35,146.9,40,ecto,gain,med,veg,medium,18.5
SU000951,female,47,157.8,48,ecto,gain,low,non-veg,medium,19.3
SU000952,male,41,171.5,66.4,meso,maintain,med,non-veg,low,22.6
SU000953,female,42,165.8,50.8,ecto,gain,med,veg,low,18.5
SU000954,female,39,164.8,62.1,endo,gain,low,non-veg,medium,22.9
SU000955,male,42,177.7,81.9,endo,loss,med,veg,medium,25.9
SU000956,female,54,154.4,52.6,endo,gain,med,non-veg,high,22.1
SU000957,female,29,150.3,45.2,meso,maintain,med,non-veg,medium,20
SU000958,male,50,165.5,57.5,meso,gain,med,veg,medium,21
SU000959,female,33,155.9,49.2,meso,gain,med,non-veg,medium,20.2
SU000960,male,37,177.4,72,meso,maintain,low,veg,high,22.9
SU000961,male,33,165.4,69.5,endo,gain,low,veg,high,25.4
SU000962,female,50,157.7,59.8,endo,maintain,low,non-veg,medium,24
SU000963,male,43,165.4,52.1,ecto,gain,low,non-veg,low,19
SU000964,male,56,175.4,70.6,meso,loss,low,non-veg,high,22.9
SU000965,female,26,157.9,54.3,meso,loss,high,non-veg,medium,21.8
SU000966,male,36,174.1,60.5,ecto,maintain,low,veg,high,20
SU000967,female,59,161.2,52.4,meso,maintain,high,non-veg,high,20.2
SU000968,female,40,158.3,44.7,ecto,gain,low,non-veg,medium,17.8
SU000969,male,23,182.3,72.2,meso,maintain,high,non-veg,high,21.7
SU000970,female,37,160.4,57.1,meso,maintain,high,non-veg,medium,22.2
SU000971,female,28,159.3,46.9,ecto,maintain,med,veg,high,18.5
SU000972,female,39,157.2,59.2,endo,maintain,low,veg,medium,24
SU000973,female,49,161.1,55,meso,gain,med,non-veg,medium,21.2
SU000974,female,26,147.7,40,ecto,gain,low,veg,low,18.3
SU000975,male,21,167.5,60.6,meso,maintain,low,non-veg,high,21.6
SU000976,male,57,174,62.4,ecto,gain,med,veg,high,20.6
SU000977,male,60,169.9,67.7,endo,gain,low,non-veg,high,23.5
SU000978,male,32,165.2,50.8,ecto,loss,med,veg,low,18.6
SU000979,male,23,176.2,76.4,endo,loss,med,non-veg,high,24.6
SU000980,female,59,159.5,49.3,ecto,maintain,low,non-veg,high,19.4
SU000981,male,29,159.1,45.7,ecto,maintain,low,non-veg,low,18.1
SU000982,female,41,162.3,57.6,meso,loss,low,non-veg,medium,21.9
SU000983,female,41,158.7,50.7,meso,loss,med,non-veg,low,20.1
SU000984,male,20,179.8,73.3,meso,gain,high,non-veg,low,22.7
SU000985,male,52,168.6,59.5,meso,maintain,low,non-veg,high,20.9
SU000986,female,53,159.3,63.3,endo,loss,high,non-veg,high,24.9
SU000987,female,51,159,56.1,endo,maintain,med,veg,medium,22.2
SU000988,male,43,169,61.7,meso,maintain,med,non-veg,low,21.6
SU000989,female,43,159.3,55.7,meso,maintain,low,veg,medium,21.9
SU000990,female,37,159.6,58.1,endo,maintain,low,veg,low,22.8
SU000991,female,20,161.4,57.9,meso,gain,high,veg,low,22.2
SU000992,male,52,170.6,56.1,ecto,gain,med,non-veg,high,19.3
SU000993,female,26,164.5,56.4,meso,gain,med,veg,low,20.8
SU000994,male,34,161.8,64.9,endo,loss,med,non-veg,high,24.8
SU000995,female,59,155,43.1,ecto,gain,med,non-veg,low,17.9
SU000996,female,27,161.9,55.6,meso,maintain,med,non-veg,low,21.2
SU000997,female,29,162.1,61.3,endo,gain,low,non-veg,high,23.3
SU000998,female,56,164.4,53,ecto,gain,low,non-veg,medium,19.6
SU000999,male,18,172.7,62.5,meso,loss,med,veg,high,21
SU001000,male,35,163.4,54,ecto,loss,med,veg,high,20.2
SU001001,female,23,162.8,48.9,ecto,maintain,med,non-veg,medium,18.5
SU001002,female,58,164.6,55.8,meso,gain,low,veg,medium,20.6
SU001003,female,27,157,48.3,ecto,gain,low,veg,medium,19.6
SU001004,male,49,175.9,60.5,ecto,gain,low,veg,high,19.6
SU001005,male,41,175.2,77.2,endo,maintain,high,non-veg,medium,25.2
SU001006,male,60,178.6,69.2,meso,maintain,med,veg,high,21.7
SU001007,female,34,163.1,65.2,endo,maintain,med,veg,low,24.5
SU001008,female,46,158.6,53.2,meso,gain,med,non-veg,low,21.1
SU001009,female,27,157.3,47.4,ecto,gain,high,veg,medium,19.2
SU001010,female,26,165.7,66.5,endo,maintain,med,veg,medium,24.2
SU001011,male,42,173.6,56.9,ecto,maintain,med,non-veg,high,18.9
SU001012,male,19,168.1,63.8,meso,maintain,med,veg,low,22.6
SU001013,male,36,168.4,59.8,meso,maintain,high,non-veg,high,21.1
SU001014,male,27,174,67.9,meso,maintain,low,non-veg,medium,22.4
SU001015,male,48,174.1,75.7,endo,maintain,high,veg,medium,25
SU001016,male,29,173.1,65.6,meso,maintain,low,non-veg,high,21.9
SU001017,female,59,169.8,62.8,meso,loss,low,veg,high,21.8
SU001018,female,47,162,57,meso,maintain,high,non-veg,medium,21.7
SU001019,male,35,174,72.1,endo,loss,med,non-veg,low,23.8
SU001020,male,47,180.1,68.9,meso,maintain,med,non-veg,medium,21.2
SU001021,female,30,157.7,45,ecto,maintain,low,non-veg,high,18.1
SU001022,male,56,175.8,64.3,ecto,loss,high,veg,low,20.8
SU001023,male,54,166.3,56.8,meso,maintain,med,non-veg,low,20.5
SU001024,female,43,173.2,63.5,meso,maintain,low,non-veg,medium,21.2
SU001025,female,44,170.6,71.2,endo,gain,med,non-veg,high,24.5
SU001026,male,36,173.6,62.6,ecto,loss,med,veg,medium,20.8
SU001027,male,59,180.2,65.1,ecto,maintain,med,non-veg,medium,20
SU001028,female,26,159.6,55.7,meso,maintain,med,non-veg,medium,21.9
SU001029,female,33,155.1,46.2,ecto,maintain,med,veg,low,19.2
SU001030,female,53,154.9,55.3,endo,loss,med,non-veg,medium,23
SU001031,female,28,158.4,49.8,ecto,gain,med,non-veg,low,19.8
SU001032,female,59,153.5,53.2,endo,maintain,high,non-veg,medium,22.6
SU001033,female,57,165.5,68,endo,maintain,low,non-veg,high,24.8
SU001034,female,20,158.3,54.1,meso,loss,med,non-veg,low,21.6
SU001035,male,36,178.3,69.4,meso,maintain,med,non-veg,low,21.8
SU001036,female,24,153.7,44.8,ecto,maintain,med,non-veg,high,19
SU001037,female,22,155.2,47.4,meso,maintain,high,non-veg,high,19.7
SU001038,female,27,160.7,54,meso,gain,low,veg,medium,20.9
SU001039,female,45,160.3,59.1,endo,loss,low,veg,low,23
SU001040,male,22,165.7,52.8,ecto,maintain,low,non-veg,medium,19.2
SU001041,female,29,160.1,59.6,endo,maintain,low,non-veg,medium,23.3
SU001042,female,52,156.4,51.7,meso,maintain,low,non-veg,medium,21.1
SU001043,male,53,168.1,73.4,endo,gain,med,veg,medium,26
SU001044,female,18,156.5,43.8,ecto,gain,med,veg,high,17.9
SU001045,female,34,164.6,60.9,meso,loss,low,non-veg,high,22.5
SU001046,male,30,176.7,67.9,meso,gain,med,veg,medium,21.7
SU001047,male,41,178.3,80.8,endo,maintain,low,non-veg,medium,25.4
SU001048,female,40,153.1,46,meso,maintain,med,non-veg,high,19.6
SU001049,female,41,165.2,52.4,ecto,maintain,med,non-veg,medium,19.2
SU001050,male,23,164.4,64.5,endo,maintain,low,non-veg,medium,23.9
SU001051,male,58,168.3,61.2,meso,maintain,med,veg,medium,21.6
SU001052,male,48,174,79,endo,maintain,med,non-veg,medium,26.1
SU001053,female,18,157.2,61,endo,gain,med,non-veg,medium,24.7
SU001054,male,18,167.7,67.4,endo,maintain,med,veg,low,24
SU001055,female,39,153.6,42.9,ecto,maintain,med,non-veg,medium,18.2
SU001056,female,26,165.2,64.5,endo,loss,med,non-veg,medium,23.6
SU001057,male,24,164.1,60.1,meso,maintain,low,veg,medium,22.3
SU001058,male,38,178.4,64.1,ecto,loss,low,non-veg,medium,20.1
SU001059,male,54,168.2,59.8,meso,gain,med,veg,medium,21.1
SU001060,female,30,155.8,51.6,meso,maintain,low,non-veg,high,21.3
SU001061,female,23,165.3,67,endo,loss,med,non-veg,medium,24.5
SU001062,female,34,164,67.7,endo,maintain,low,non-veg,medium,25.2
SU001063,female,19,149,44.7,meso,maintain,med,non-veg,low,20.1
SU001064,male,29,178.1,65.7,ecto,loss,high,non-veg,medium,20.7
SU001065,female,40,159.3,51.7,meso,loss,med,non-veg,low,20.4
SU001066,male,51,158.3,51,meso,maintain,low,non-veg,low,20.4
SU001067,male,23,177.3,69.9,meso,maintain,high,veg,medium,22.2
SU001068,female,45,158.4,53.5,meso,gain,med,veg,low,21.3
SU001069,female,43,162.6,50.4,ecto,gain,med,non-veg,low,19.1
SU001070,female,38,169.2,61.5,meso,maintain,med,non-veg,medium,21.5
SU001071,male,46,169,56.8,ecto,gain,low,non-veg,medium,19.9
SU001072,female,43,170.8,56.5,ecto,maintain,low,veg,high,19.4
SU001073,female,41,159.1,48.3,ecto,maintain,low,veg,medium,19.1
SU001074,male,53,167.9,55.4,ecto,gain,low,veg,low,19.7
SU001075,male,54,170.3,74.1,endo,maintain,med,non-veg,medium,25.5
SU001076,female,44,163.6,50,ecto,loss,med,non-veg,medium,18.7
SU001077,male,59,182.6,78.5,endo,maintain,med,veg,medium,23.5
SU001078,male,39,183.5,76.8,meso,maintain,low,veg,high,22.8
SU001079,female,43,154.8,44.4,ecto,gain,med,non-veg,low,18.5
SU001080,male,41,188.5,85.2,endo,gain,low,veg,high,24
SU001081,female,32,174.9,63.6,ecto,gain,low,non-veg,medium,20.8
SU001082,female,20,149.6,40.7,ecto,gain,high,veg,medium,18.2
SU001083,female,28,164.8,68.6,endo,gain,med,veg,medium,25.3
SU001084,female,60,166.4,56.6,ecto,maintain,med,non-veg,medium,20.4
SU001085,female,32,162.3,51.3,ecto,gain,med,non-veg,medium,19.5
SU001086,male,22,168.2,71.9,endo,loss,low,veg,low,25.4
SU001087,male,39,172.3,58.3,ecto,maintain,med,non-veg,high,19.6
SU001088,male,26,166.8,54.2,ecto,gain,med,non-veg,high,19.5
SU001089,male,22,170,59.1,ecto,maintain,low,veg,high,20.4
SU001090,male,19,169.3,69.7,endo,maintain,low,veg,medium,24.3
SU001091,male,40,176.5,66.1,meso,maintain,low,non-veg,medium,21.2
SU001092,female,30,161.6,49.8,ecto,gain,med,non-veg,medium,19.1
SU001093,male,59,168.1,55.3,ecto,maintain,low,veg,high,19.6
SU001094,female,43,158,52.2,meso,loss,low,non-veg,medium,20.9
SU001095,male,40,177.2,70.3,meso,maintain,med,veg,low,22.4
SU001096,male,28,184,72.9,meso,loss,low,veg,high,21.5
SU001097,female,45,154.9,49.9,meso,gain,low,veg,low,20.8
SU001098,male,49,161.4,63.7,endo,maintain,med,veg,low,24.5
SU001099,male,51,173.8,66.4,meso,maintain,med,non-veg,low,22
SU001100,female,60,154.9,50.4,meso,gain,med,veg,medium,21
SU001101,female,25,156.4,48.2,ecto,maintain,med,non-veg,low,19.7
SU001102,male,33,174.3,64.1,meso,gain,med,non-veg,low,21.1
SU001103,female,58,175.1,63.4,ecto,loss,low,non-veg,medium,20.7
SU001104,female,39,150.7,43.6,meso,gain,med,non-veg,medium,19.2
SU001105,female,57,158.3,44.7,ecto,gain,med,non-veg,high,17.8
SU001106,male,47,174.4,64.7,meso,maintain,med,veg,medium,21.3
SU001107,male,36,176.8,61.8,ecto,gain,low,veg,medium,19.8
SU001108,male,21,173.7,60.8,ecto,maintain,med,veg,high,20.2
SU001109,male,23,176.3,65.5,meso,gain,low,non-veg,medium,21.1
SU001110,male,58,169.6,65.2,meso,maintain,med,non-veg,high,22.7
SU001111,male,54,172.5,64.7,meso,loss,high,non-veg,low,21.7
SU001112,female,23,155.5,46.3,ecto,gain,high,non-veg,low,19.1
SU001113,male,26,168.5,61.4,meso,gain,med,non-veg,medium,21.6
SU001114,female,19,164.4,62.1,endo,gain,low,non-veg,low,23
SU001115,male,55,169.3,61.7,meso,maintain,low,non-veg,medium,21.5
SU001116,male,47,181.7,77.8,endo,maintain,high,non-veg,low,23.6
SU001117,male,39,174,67.2,meso,maintain,high,non-veg,medium,22.2
SU001118,male,31,169.7,65.2,meso,maintain,med,non-veg,low,22.6
SU001119,male,37,169.1,59.5,meso,loss,med,non-veg,high,20.8
SU001120,male,51,169.2,55.7,ecto,maintain,low,non-veg,high,19.5
SU001121,male,37,161.3,56.2,meso,gain,high,non-veg,high,21.6
SU001122,male,45,168.8,54.1,ecto,gain,low,veg,high,19
SU001123,male,48,168.8,61.2,meso,maintain,low,veg,medium,21.5
SU001124,female,44,163.6,63.4,endo,maintain,low,veg,low,23.7
SU001125,male,59,170,65.4,meso,maintain,med,non-veg,high,22.6
SU001126,male,28,174.6,68.5,meso,maintain,high,non-veg,medium,22.5
SU001127,male,29,169.7,61.3,meso,maintain,med,non-veg,medium,21.3
SU001128,female,43,149.7,40.7,ecto,maintain,high,non-veg,high,18.2
SU001129,female,26,161.1,52.4,meso,maintain,med,non-veg,medium,20.2
SU001130,male,24,170,61.3,meso,maintain,med,non-veg,medium,21.2
SU001131,male,24,170.1,72,endo,loss,low,non-veg,high,24.9
SU001132,male,46,173.1,72.2,endo,maintain,med,non-veg,high,24.1
SU001133,female,26,155.4,53.9,endo,loss,med,veg,medium,22.3
SU001134,male,23,173.9,68.6,meso,gain,med,non-veg,low,22.7
SU001135,female,44,169.3,62.6,meso,loss,high,veg,medium,21.8
SU001136,male,54,169.5,73.6,endo,maintain,med,non-veg,high,25.6
SU001137,female,45,157.2,51.5,meso,loss,high,non-veg,low,20.8
SU001138,female,19,159.7,49.4,ecto,maintain,high,non-veg,medium,19.4
SU001139,male,36,165.9,50.8,ecto,gain,med,non-veg,high,18.5
SU001140,male,55,172,63.7,meso,maintain,high,veg,low,21.5
SU001141,female,21,153.6,42.2,ecto,maintain,med,non-veg,high,17.9
SU001142,male,40,161.5,58.8,endo,maintain,high,non-veg,medium,22.5
SU001143,male,35,168,62.9,meso,gain,low,non-veg,low,22.3
SU001144,male,19,177.5,79.6,endo,maintain,low,non-veg,low,25.3
SU001145,male,53,169.7,60.3,meso,loss,med,non-veg,low,20.9
SU001146,female,40,152.8,43.2,ecto,maintain,med,veg,low,18.5
SU001147,male,18,167.5,66.6,endo,maintain,low,veg,low,23.7
SU001148,male,36,173.8,57,ecto,gain,med,non-veg,medium,18.9
SU001149,male,49,167.2,59.7,meso,maintain,high,non-veg,high,21.4
SU001150,male,51,173.8,73.2,endo,maintain,low,non-veg,low,24.2
SU001151,female,35,157.4,44.6,ecto,gain,high,non-veg,medium,18
SU001152,male,20,179.2,76,endo,maintain,med,non-veg,medium,23.7
SU001153,male,35,170.5,57.1,ecto,gain,med,non-veg,low,19.6
SU001154,female,46,168.1,52.4,ecto,maintain,low,veg,medium,18.5
SU001155,female,19,159.2,57.7,endo,loss,med,veg,high,22.8
SU001156,female,45,170,71.4,endo,gain,high,non-veg,high,24.7
SU001157,female,52,163.1,58.2,meso,gain,med,non-veg,medium,21.9
SU001158,male,18,177,64.3,ecto,maintain,med,veg,high,20.5
SU001159,female,20,163,54.6,meso,maintain,med,non-veg,high,20.6
SU001160,female,34,152.4,49.8,endo,maintain,med,veg,low,21.4
SU001161,male,44,171.1,55.6,ecto,gain,high,veg,medium,19
SU001162,female,34,162,63.8,endo,loss,low,non-veg,low,24.3
SU001163,male,59,181.2,62.6,ecto,gain,med,non-veg,medium,19.1
SU001164,female,34,162.5,48.1,ecto,maintain,high,non-veg,medium,18.2
SU001165,male,22,161.8,56.6,meso,loss,low,veg,low,21.6
SU001166,female,36,155.2,44.2,ecto,gain,low,non-veg,medium,18.4
SU001167,female,36,161.2,55.6,meso,maintain,low,veg,high,21.4
SU001168,female,31,159.3,54.8,meso,maintain,med,non-veg,low,21.6
SU001169,male,32,169,64.5,meso,maintain,high,non-veg,high,22.6
SU001170,female,60,159.3,52.2,meso,loss,med,veg,high,20.6
SU001171,male,41,157.8,46.4,ecto,maintain,low,non-veg,medium,18.6
SU001172,male,41,177.1,69.9,meso,maintain,med,non-veg,medium,22.3
SU001173,male,52,163.6,50.6,ecto,maintain,high,non-veg,medium,18.9
SU001174,female,44,153.4,46.6,meso,maintain,low,non-veg,high,19.8
SU001175,female,18,157.3,48.3,ecto,gain,med,non-veg,high,19.5
SU001176,male,28,172.5,77.4,endo,maintain,low,non-veg,high,26
SU001177,female,53,155.7,43.2,ecto,gain,low,veg,high,17.8
SU001178,male,40,179,79.3,endo,maintain,high,non-veg,high,24.7
SU001179,male,29,172.4,65.8,meso,maintain,med,non-veg,medium,22.1
SU001180,female,42,160.6,56,meso,loss,low,non-veg,medium,21.7
SU001181,female,39,164.4,51.5,ecto,gain,med,non-veg,medium,19.1
SU001182,male,20,169.9,70.9,endo,maintain,med,non-veg,low,24.6
SU001183,female,24,160.6,56.9,meso,maintain,low,veg,medium,22.1
SU001184,male,32,175.6,69.8,meso,loss,low,veg,high,22.6
SU001185,male,52,168.7,64.6,meso,maintain,low,non-veg,high,22.7
SU001186,female,51,163.6,53.9,ecto,loss,med,non-veg,high,20.1
SU001187,female,49,164.2,49.5,ecto,gain,high,non-veg,high,18.4
SU001188,male,38,175.7,62.5,ecto,loss,low,non-veg,high,20.2
SU001189,female,20,164.8,60.5,meso,loss,high,non-veg,medium,22.3
SU001190,male,33,164.6,51,ecto,maintain,med,non-veg,medium,18.8
SU001191,male,49,178.2,59.9,ecto,maintain,low,non-veg,high,18.9
SU001192,male,29,164.2,50.5,ecto,maintain,med,non-veg,medium,18.7
SU001193,male,37,166.5,67.7,endo,maintain,high,non-veg,medium,24.4
SU001194,male,25,166.1,66.5,endo,loss,high,non-veg,medium,24.1
SU001195,female,25,157.5,48.5,ecto,gain,high,non-veg,medium,19.6
SU001196,female,56,161.9,57.9,meso,maintain,low,veg,medium,22.1
SU001197,male,53,166.3,70.9,endo,maintain,low,veg,medium,25.6
SU001198,male,39,174.2,69.2,meso,maintain,low,non-veg,low,22.8
SU001199,male,57,177.8,72,meso,maintain,low,non-veg,high,22.8
SU001200,female,53,160.8,51.9,ecto,maintain,low,veg,medium,20.1
SU001201,female,32,155.7,42.7,ecto,gain,low,non-veg,medium,17.6
SU001202,male,50,170.5,61.8,meso,maintain,med,veg,medium,21.3
SU001203,male,20,178.7,62.1,ecto,maintain,low,non-veg,medium,19.4
SU001204,male,50,179.2,73.7,meso,maintain,med,non-veg,low,23
SU001205,male,24,170,63.1,meso,loss,med,veg,medium,21.8
SU001206,female,47,164.9,51.4,ecto,maintain,low,non-veg,medium,18.9
SU001207,female,53,146,40,ecto,gain,low,non-veg,medium,18.8
SU001208,male,46,184.8,67.7,ecto,gain,high,non-veg,low,19.8
SU001209,female,39,163.8,52.2,ecto,maintain,med,veg,medium,19.5
SU001210,female,57,173.8,70.3,endo,maintain,med,non-veg,high,23.3
SU001211,female,37,150.1,44.1,meso,maintain,high,veg,medium,19.6
SU001212,female,52,152.9,47.6,meso,maintain,high,veg,medium,20.4
SU001213,male,24,169,60.2,meso,gain,low,veg,low,21.1
SU001214,male,20,171.6,69,endo,gain,med,non-veg,medium,23.4
SU001215,female,43,163.5,50.4,ecto,gain,low,non-veg,high,18.9
SU001216,male,27,168.7,54.9,ecto,gain,med,non-veg,high,19.3
SU001217,female,47,163.2,52.4,ecto,gain,low,non-veg,high,19.7
SU001218,female,44,158.4,48.4,ecto,maintain,med,non-veg,low,19.3
SU001219,male,52,179.8,74.6,meso,maintain,low,non-veg,medium,23.1
SU001220,male,30,175.5,59.8,ecto,gain,high,non-veg,medium,19.4
SU001221,female,34,163.3,55.2,meso,maintain,med,veg,medium,20.7
SU001222,male,51,174.5,67.7,meso,maintain,med,veg,high,22.2
SU001223,female,31,161.1,47.7,ecto,gain,med,non-veg,low,18.4
SU001224,female,22,156.8,58.8,endo,maintain,low,non-veg,medium,23.9
SU001225,male,33,169.2,62.5,meso,gain,med,non-veg,medium,21.8
SU001226,male,28,178.7,80.4,endo,maintain,high,non-veg,high,25.2
SU001227,female,25,155.5,50.8,meso,maintain,med,veg,low,21
SU001228,male,57,177,67.1,meso,maintain,high,non-veg,medium,21.4
SU001229,male,30,176.8,67.4,meso,gain,med,veg,medium,21.6
SU001230,female,20,163.2,58.1,meso,maintain,med,non-veg,high,21.8
SU001231,male,54,167.3,67.9,endo,gain,high,non-veg,high,24.3
SU001232,male,20,166.9,58.2,meso,gain,med,non-veg,high,20.9
SU001233,male,44,167.3,66.2,endo,gain,low,non-veg,high,23.7
SU001234,male,39,182.9,88.5,endo,maintain,high,veg,high,26.5
SU001235,female,51,163.6,53,ecto,maintain,med,non-veg,medium,19.8
SU001236,female,23,161.5,49.3,ecto,gain,low,non-veg,medium,18.9
SU001237,male,37,169.4,56,ecto,maintain,med,veg,medium,19.5
SU001238,male,29,164.7,59.8,meso,maintain,low,non-veg,high,22
SU001239,male,58,176.5,71.6,meso,loss,low,non-veg,low,23
SU001240,male,37,164.7,51.3,ecto,maintain,med,veg,low,18.9
SU001241,male,35,171.4,73,endo,maintain,low,veg,medium,24.8
SU001242,female,58,166.9,58.2,meso,maintain,low,non-veg,medium,20.9
SU001243,female,40,167.5,62.2,meso,maintain,med,veg,medium,22.2
SU001244,male,34,170.5,57.9,ecto,gain,low,non-veg,medium,19.9
SU001245,female,55,158.8,52.1,meso,gain,med,non-veg,high,20.7
SU001246,male,44,174.5,66.1,meso,loss,low,non-veg,low,21.7
SU001247,male,19,171.2,62.4,meso,maintain,med,non-veg,medium,21.3
SU001248,female,48,153.3,49.2,meso,gain,low,non-veg,high,20.9
SU001249,male,44,173.9,65.1,meso,maintain,low,non-veg,medium,21.5
SU001250,male,54,175.1,80.8,endo,maintain,low,veg,high,26.4
SU001251,male,40,175.8,65.3,meso,loss,low,veg,low,21.1
SU001252,male,45,168.6,54.8,ecto,gain,low,non-veg,high,19.3
SU001253,female,24,154.4,50,meso,maintain,med,non-veg,high,21
SU001254,male,42,162.1,52.6,ecto,gain,med,veg,high,20
SU001255,female,56,156.4,51.3,meso,maintain,low,non-veg,high,21
SU001256,female,41,157.8,54.2,meso,maintain,high,non-veg,high,21.8
SU001257,male,49,168.4,54.1,ecto,maintain,low,non-veg,medium,19.1
SU001258,female,20,154.8,44.5,ecto,maintain,high,veg,medium,18.6
SU001259,male,40,177.2,70,meso,maintain,low,non-veg,high,22.3
SU001260,female,18,160.4,53.3,meso,maintain,high,non-veg,high,20.7
SU001261,male,56,169.3,74.5,endo,loss,high,non-veg,high,26
SU001262,male,45,160.8,53.8,meso,gain,med,non-veg,low,20.8
SU001263,female,30,158.3,54.4,meso,maintain,med,non-veg,medium,21.7
SU001264,male,56,172.4,67.2,meso,maintain,low,veg,medium,22.6
SU001265,male,36,167.3,57.8,meso,maintain,low,veg,medium,20.7
SU001266,male,29,168.8,55.3,ecto,maintain,low,non-veg,medium,19.4
SU001267,female,57,153.4,41.2,ecto,maintain,high,non-veg,high,17.5
SU001268,male,56,171,76.5,endo,loss,med,non-veg,medium,26.2
SU001269,female,45,159.9,56.1,meso,gain,low,non-veg,high,21.9
SU001270,male,54,169.6,54.7,ecto,gain,low,non-veg,high,19
SU001271,female,54,160.9,55.7,meso,maintain,med,non-veg,high,21.5
SU001272,male,36,167.2,52.2,ecto,maintain,med,veg,medium,18.7
SU001273,female,24,157.8,48.5,ecto,gain,low,veg,low,19.5
SU001274,female,52,169.2,61.3,meso,maintain,high,veg,medium,21.4
SU001275,female,49,171.5,60.9,ecto,maintain,med,non-veg,medium,20.7
SU001276,female,23,162.4,49.5,ecto,gain,high,non-veg,medium,18.8
SU001277,male,27,173.3,69.1,meso,maintain,low,non-veg,medium,23
SU001278,female,33,160,51.9,meso,maintain,med,non-veg,high,20.3
SU001279,male,25,171.4,63.7,meso,maintain,low,veg,high,21.7
SU001280,female,56,154,44.6,ecto,gain,med,non-veg,medium,18.8
SU001281,female,50,149.1,43.9,meso,gain,med,non-veg,medium,19.7
SU001282,male,43,174.5,58.2,ecto,gain,med,veg,medium,19.1
SU001283,female,55,157.6,52.5,meso,gain,high,non-veg,medium,21.1
SU001284,female,19,157.8,49.9,meso,maintain,low,non-veg,medium,20
SU001285,female,53,159.3,53.2,meso,maintain,low,non-veg,medium,21
SU001286,male,38,167.6,54.5,ecto,gain,low,veg,medium,19.4
SU001287,female,33,155.7,59.6,endo,loss,high,non-veg,low,24.6
SU001288,female,22,156.7,48.5,ecto,gain,low,non-veg,high,19.8
SU001289,male,44,157.9,60.3,endo,maintain,high,non-veg,high,24.2
SU001290,male,36,160.8,60.7,endo,gain,high,non-veg,low,23.5
SU001291,female,45,150.7,52.8,endo,maintain,low,non-veg,high,23.2
SU001292,female,27,154.9,56.6,endo,loss,med,veg,low,23.6
SU001293,female,33,155.6,54.6,endo,loss,low,non-veg,medium,22.6
SU001294,male,27,173.4,67.5,meso,maintain,low,non-veg,medium,22.4
SU001295,male,54,171.6,62.2,meso,maintain,med,non-veg,medium,21.1
SU001296,female,34,150.8,46.1,meso,maintain,low,veg,medium,20.3
SU001297,female,48,163.1,56.1,meso,gain,low,veg,low,21.1
SU001298,female,59,155.8,42.8,ecto,gain,med,veg,high,17.6
SU001299,female,32,162.1,55.1,meso,maintain,low,veg,high,21
SU001300,male,51,163.6,65.4,endo,gain,med,non-veg,low,24.4
SU001301,male,35,174,67,meso,loss,med,non-veg,high,22.1
SU001302,female,29,159.6,53.4,meso,loss,med,veg,medium,21
SU001303,female,53,162.7,49.6,ecto,maintain,med,non-veg,high,18.7
SU001304,male,55,170.2,66.8,endo,maintain,med,veg,high,23.1
SU001305,male,30,165.1,57.5,meso,loss,med,non-veg,low,21.1
SU001306,female,25,155.7,50.8,meso,maintain,med,non-veg,medium,21
SU001307,male,34,164.8,69.6,endo,maintain,med,non-veg,low,25.6
SU001308,male,39,171.7,61.1,ecto,gain,med,veg,medium,20.7
SU001309,female,18,165.8,58.1,meso,gain,high,non-veg,low,21.1
SU001310,female,39,162.6,57.8,meso,loss,med,veg,high,21.9
SU001311,female,38,162.2,61.5,endo,loss,med,non-veg,high,23.4
SU001312,female,28,168.7,74,endo,maintain,med,veg,high,26
SU001313,female,35,156.5,46.9,ecto,gain,low,non-veg,high,19.1
SU001314,female,46,163.7,59.9,meso,loss,med,non-veg,low,22.4
SU001315,female,40,161.7,56.4,meso,maintain,low,non-veg,medium,21.6
SU001316,female,19,156.3,49.2,meso,loss,med,veg,medium,20.1
SU001317,female,35,158.8,50.1,ecto,loss,low,veg,medium,19.9
SU001318,female,49,153.4,41.1,ecto,maintain,high,non-veg,low,17.5
SU001319,female,46,155.3,55.4,endo,loss,low,veg,high,23
SU001320,male,55,181.3,66.3,ecto,maintain,low,veg,low,20.2
SU001321,female,53,169.6,64,meso,maintain,low,veg,high,22.2
SU001322,female,46,164.4,57.1,meso,loss,low,veg,low,21.1
SU001323,female,34,150.2,46.6,meso,maintain,high,veg,medium,20.7
SU001324,male,50,176.8,71.7,meso,maintain,med,non-veg,high,22.9
SU001325,female,36,170.3,63.5,meso,maintain,med,non-veg,medium,21.9
SU001326,male,54,170.3,73.7,endo,maintain,med,non-veg,high,25.4
SU001327,female,47,167.8,60,meso,maintain,high,non-veg,medium,21.3
SU001328,female,19,163.8,54.6,meso,maintain,low,non-veg,medium,20.4
SU001329,male,34,169.7,73.6,endo,gain,med,non-veg,medium,25.6
SU001330,male,30,168.7,70.5,endo,maintain,low,veg,low,24.8
SU001331,male,52,169.8,60.7,meso,gain,low,non-veg,high,21.1
SU001332,male,31,168.6,66,endo,gain,low,non-veg,high,23.2
SU001333,male,46,168.3,71.7,endo,maintain,high,veg,low,25.3
SU001334,male,23,173.5,71.1,endo,loss,med,non-veg,medium,23.6
SU001335,female,56,166,59.3,meso,maintain,high,non-veg,low,21.5
SU001336,female,19,163.9,50.9,ecto,gain,high,non-veg,high,18.9
SU001337,male,45,165.6,69.7,endo,loss,med,veg,high,25.4
SU001338,female,59,151.1,48.4,endo,maintain,low,non-veg,low,21.2
SU001339,male,48,168.9,69,endo,loss,low,non-veg,high,24.2
SU001340,male,29,167.1,65.1,endo,gain,high,non-veg,high,23.3
SU001341,male,28,176.5,58.8,ecto,loss,low,non-veg,medium,18.9
SU001342,male,48,165,51.9,ecto,gain,high,non-veg,low,19.1
SU001343,male,28,186.4,69.7,ecto,maintain,low,veg,medium,20.1
SU001344,female,26,166.4,70.8,endo,maintain,high,veg,medium,25.6
SU001345,female,60,148.7,44.1,meso,maintain,high,non-veg,low,19.9
SU001346,male,27,172.5,61.3,ecto,loss,low,veg,medium,20.6
SU001347,male,34,168.4,55.9,ecto,gain,med,veg,high,19.7
SU001348,male,38,165.7,56.3,meso,gain,med,non-veg,high,20.5
SU001349,female,58,170.4,54.9,ecto,maintain,low,veg,low,18.9
SU001350,female,48,162.3,62.3,endo,gain,low,non-veg,high,23.7
SU001351,female,57,154.6,46.6,ecto,maintain,med,non-veg,medium,19.5
SU001352,female,49,159.5,62.4,endo,maintain,med,veg,high,24.5
SU001353,female,45,157.2,51.7,meso,maintain,high,veg,low,20.9
SU001354,female,37,160.8,57.3,meso,loss,med,non-veg,high,22.2
SU001355,male,27,167.1,64.7,endo,gain,low,veg,high,23.2
SU001356,male,52,178.5,69.7,meso,loss,low,non-veg,medium,21.9
SU001357,male,58,180.3,73,meso,gain,med,non-veg,high,22.5
SU001358,female,21,171.7,77.2,endo,gain,high,veg,high,26.2
SU001359,female,38,155.1,46.8,ecto,gain,high,veg,medium,19.5
SU001360,male,21,170.2,75.6,endo,gain,low,non-veg,low,26.1
SU001361,male,43,173.2,78.7,endo,maintain,med,non-veg,low,26.2
SU001362,female,25,158,50.4,meso,maintain,med,non-veg,low,20.2
SU001363,female,18,156.4,50.5,meso,maintain,med,non-veg,high,20.6
SU001364,female,27,157.5,45.4,ecto,gain,high,non-veg,medium,18.3
SU001365,female,34,156.2,46.8,ecto,maintain,med,non-veg,high,19.2
SU001366,male,23,162,65.9,endo,maintain,med,non-veg,medium,25.1
SU001367,female,44,158.6,48.2,ecto,maintain,low,non-veg,high,19.2
SU001368,female,40,147.1,40,ecto,gain,low,non-veg,low,18.5
SU001369,female,24,152.5,55.8,endo,maintain,high,non-veg,medium,24
SU001370,male,56,168.7,53.2,ecto,gain,high,non-veg,low,18.7
SU001371,male,41,171.7,65.4,meso,maintain,med,non-veg,high,22.2
SU001372,female,54,158.3,61,endo,maintain,low,non-veg,high,24.3
SU001373,male,31,181.5,75,meso,maintain,low,non-veg,low,22.8
SU001374,female,40,154.8,55.1,endo,loss,low,non-veg,low,23
SU001375,female,58,154.9,44,ecto,maintain,med,veg,high,18.3
SU001376,male,49,170.5,74.5,endo,loss,low,non-veg,high,25.6
SU001377,female,24,153.5,52.1,endo,gain,low,non-veg,medium,22.1
SU001378,female,40,152.2,45.5,meso,loss,med,non-veg,low,19.6
SU001379,male,55,168.5,62.4,meso,loss,med,non-veg,medium,22
SU001380,male,23,170.6,61.3,meso,maintain,high,non-veg,high,21.1
SU001381,female,43,167.7,55.5,ecto,gain,med,non-veg,high,19.7
SU001382,female,32,152.5,46.2,meso,gain,low,non-veg,medium,19.9
SU001383,male,33,167.5,71.6,endo,maintain,med,non-veg,low,25.5
SU001384,female,44,174.8,67.5,meso,maintain,high,veg,low,22.1
SU001385,female,34,151.2,48.1,meso,maintain,high,non-veg,medium,21
SU001386,female,22,169.4,67.9,endo,maintain,low,non-veg,high,23.7
SU001387,male,24,167.8,69.6,endo,maintain,med,non-veg,medium,24.7
SU001388,male,47,182,67.1,ecto,loss,high,non-veg,medium,20.3
SU001389,male,19,174.3,68.1,meso,loss,med,veg,medium,22.4
SU001390,female,54,157.5,46.2,ecto,gain,high,veg,medium,18.6
SU001391,male,43,168.2,57.6,ecto,gain,med,non-veg,medium,20.4
SU001392,male,52,178.8,75,endo,maintain,med,non-veg,high,23.5
SU001393,male,22,172.1,66.5,meso,loss,med,non-veg,high,22.5
SU001394,male,19,180.1,75.3,meso,maintain,med,veg,low,23.2
SU001395,female,44,158.6,52.4,meso,maintain,med,non-veg,low,20.8
SU001396,male,29,175.5,58.3,ecto,gain,low,non-veg,medium,18.9
SU001397,male,51,170.9,54.2,ecto,gain,high,veg,medium,18.6
SU001398,male,18,169.5,61.8,meso,loss,low,non-veg,medium,21.5
SU001399,male,30,179.5,69,meso,maintain,med,non-veg,high,21.4
SU001400,male,46,177.2,71.7,meso,loss,high,veg,low,22.8
SU001401,male,52,174.6,77.4,endo,maintain,med,veg,high,25.4
SU001402,male,24,170.9,66.6,meso,gain,med,non-veg,high,22.8
SU001403,female,46,169.6,70.4,endo,maintain,med,veg,low,24.5
SU001404,male,40,183.8,69.1,ecto,maintain,high,non-veg,high,20.5
SU001405,male,51,169.8,58.2,ecto,maintain,med,non-veg,medium,20.2
SU001406,female,38,153,42.5,ecto,maintain,med,veg,medium,18.2
SU001407,female,19,149.5,43.6,meso,gain,low,non-veg,medium,19.5
SU001408,male,51,172.2,75.5,endo,maintain,low,veg,high,25.5
SU001409,male,59,167.8,61.3,meso,maintain,low,veg,high,21.8
SU001410,female,50,163.7,59.7,meso,loss,low,non-veg,medium,22.3
SU001411,male,32,171.3,66.9,meso,loss,low,veg,low,22.8
SU001412,male,36,171.2,60.8,ecto,gain,low,non-veg,high,20.7
SU001413,male,41,168.7,73.4,endo,maintain,med,veg,medium,25.8
SU001414,female,31,156.8,53.7,endo,maintain,med,non-veg,medium,21.8
SU001415,female,35,169.2,65.8,endo,maintain,low,non-veg,medium,23
SU001416,male,60,172.6,67.2,meso,loss,low,veg,low,22.6
SU001417,female,28,154,53.1,endo,maintain,low,non-veg,high,22.4
SU001418,male,25,176.4,71.2,meso,loss,high,veg,low,22.9
SU001419,male,48,180,68.9,meso,maintain,low,veg,medium,21.3
SU001420,female,46,164.6,58.2,meso,gain,med,non-veg,medium,21.5
SU001421,male,38,172,58.1,ecto,gain,low,veg,high,19.6
SU001422,male,43,175.7,69,meso,maintain,high,non-veg,low,22.4
SU001423,female,19,156.9,61.1,endo,loss,low,veg,medium,24.8
SU001424,male,44,170.8,62.6,meso,loss,low,non-veg,high,21.5
SU001425,male,32,161.2,51,ecto,loss,low,veg,medium,19.6
SU001426,male,19,167.2,59.1,meso,maintain,high,non-veg,medium,21.1
SU001427,female,33,147.1,40.9,meso,gain,med,veg,high,18.9
SU001428,female,32,163.8,54.5,ecto,gain,med,veg,high,20.3
SU001429,female,19,168.5,64.7,meso,loss,low,veg,medium,22.8
SU001430,female,31,152,52.2,endo,maintain,med,non-veg,high,22.6
SU001431,female,39,160.8,53.1,meso,gain,med,non-veg,low,20.5
SU001432,female,47,163.8,55.8,meso,loss,med,non-veg,medium,20.8
SU001433,male,52,170.6,61.8,meso,maintain,low,non-veg,high,21.2
SU001434,male,60,170.6,64.8,meso,maintain,med,veg,medium,22.3
SU001435,male,35,162.4,60.2,endo,maintain,med,non-veg,medium,22.8
SU001436,male,26,167.1,68.2,endo,maintain,med,non-veg,high,24.4
SU001437,male,24,183.1,82,endo,gain,low,veg,high,24.5
SU001438,male,27,175.8,74.9,endo,gain,low,veg,medium,24.2
SU001439,female,48,166.6,58,meso,loss,low,veg,high,20.9
SU001440,female,28,170.4,65.6,meso,loss,med,non-veg,medium,22.6
SU001441,male,60,177,77.7,endo,maintain,high,veg,low,24.8
SU001442,female,46,155.4,52,meso,maintain,low,non-veg,high,21.5
SU001443,female,23,157.3,61.9,endo,maintain,low,veg,medium,25
SU001444,male,58,174.1,67.4,meso,maintain,med,non-veg,low,22.2
SU001445,male,57,173.7,74.9,endo,gain,med,veg,high,24.8
SU001446,female,38,164.5,64.9,endo,maintain,low,veg,medium,24
SU001447,male,35,169,65.1,meso,maintain,med,non-veg,low,22.8
SU001448,male,37,171,65,meso,maintain,high,non-veg,low,22.2
SU001449,female,41,152.1,54.3,endo,maintain,high,non-veg,medium,23.5
SU001450,female,36,172,59.4,ecto,maintain,high,non-veg,low,20.1
SU001451,male,19,169.6,73.3,endo,maintain,high,veg,low,25.5
SU001452,male,18,174.5,64.2,meso,maintain,med,veg,high,21.1
SU001453,female,58,158.9,61.6,endo,loss,med,veg,low,24.4
SU001454,male,23,168.2,52.6,ecto,maintain,med,veg,low,18.6
SU001455,male,48,162.5,64,endo,gain,med,non-veg,high,24.2
SU001456,female,29,161.9,57.8,meso,maintain,low,non-veg,medium,22.1
SU001457,male,25,175.6,68.9,meso,maintain,low,veg,medium,22.3
SU001458,female,50,159.8,52.4,meso,loss,low,veg,medium,20.5
SU001459,female,36,159.1,62.4,endo,loss,low,veg,medium,24.7
SU001460,female,18,151.7,55.2,endo,maintain,med,veg,high,24
SU001461,male,54,165,54.2,ecto,maintain,high,non-veg,high,19.9
SU001462,male,32,172.9,65.3,meso,gain,low,non-veg,medium,21.8
SU001463,female,47,149,52,endo,maintain,med,veg,high,23.4
SU001464,female,58,169.7,59,ecto,loss,med,non-veg,high,20.5
SU001465,male,31,177.9,61.7,ecto,gain,med,veg,medium,19.5
SU001466,female,32,160.8,51.2,ecto,gain,med,non-veg,medium,19.8
SU001467,male,40,170.9,76.1,endo,maintain,low,veg,medium,26.1
SU001468,female,49,164.3,53.1,ecto,gain,low,veg,medium,19.7
SU001469,male,56,175.8,64.6,ecto,loss,low,non-veg,high,20.9
SU001470,female,41,155.7,52,meso,maintain,low,veg,low,21.4
SU001471,female,35,163.7,58.1,meso,gain,med,veg,low,21.7
SU001472,male,55,175.8,70.9,meso,maintain,high,veg,medium,22.9
SU001473,male,42,161.9,66.5,endo,maintain,med,veg,medium,25.4
SU001474,female,42,152.4,55.5,endo,loss,med,veg,low,23.9
SU001475,male,32,174.9,66.2,meso,gain,low,non-veg,medium,21.6
SU001476,male,59,175.8,58.4,ecto,gain,high,non-veg,medium,18.9
SU001477,female,33,159.8,56.7,endo,maintain,med,non-veg,low,22.2
SU001478,female,23,163.3,56.3,meso,loss,med,non-veg,medium,21.1
SU001479,female,38,156.6,43.9,ecto,gain,low,veg,high,17.9
SU001480,male,21,173,76.1,endo,maintain,med,non-veg,medium,25.4
SU001481,female,59,156.7,52.3,meso,loss,low,non-veg,high,21.3
SU001482,male,26,167.8,59,meso,maintain,high,veg,low,21
SU001483,male,41,164.5,65.5,endo,maintain,low,non-veg,high,24.2
SU001484,female,27,160.4,55.7,meso,gain,low,veg,low,21.6
SU001485,male,33,169.8,53.6,ecto,gain,med,veg,medium,18.6
SU001486,male,26,165.5,56.1,meso,maintain,low,non-veg,medium,20.5
SU001487,female,19,156.5,51.3,meso,loss,med,non-veg,low,20.9
SU001488,male,55,169.8,67.4,endo,loss,med,non-veg,medium,23.4
SU001489,female,35,155.8,49.3,meso,maintain,med,veg,low,20.3
SU001490,male,59,168.6,55.6,ecto,gain,low,non-veg,medium,19.6
SU001491,male,25,174.4,61.9,ecto,maintain,high,non-veg,high,20.4
SU001492,male,55,179.4,81.1,endo,gain,med,veg,medium,25.2
SU001493,female,31,156.4,51.9,meso,maintain,low,veg,low,21.2
SU001494,female,43,166.1,58.2,meso,gain,low,non-veg,medium,21.1
SU001495,male,22,181.1,76.1,meso,maintain,high,non-veg,medium,23.2
SU001496,female,54,148.6,52.3,endo,maintain,low,non-veg,medium,23.7
SU001497,female,22,162.4,50.3,ecto,gain,med,veg,low,19.1
SU001498,male,25,174.3,79.5,endo,maintain,med,non-veg,low,26.2
SU001499,male,25,167.5,55.9,ecto,gain,low,non-veg,medium,19.9
SU001500,male,31,170.3,59,ecto,maintain,med,veg,medium,20.3
SU001501,male,54,169.6,67.7,endo,maintain,med,non-veg,high,23.5
SU001502,female,30,150.7,42.8,ecto,gain,med,veg,medium,18.8
SU001503,female,53,165.5,67.1,endo,maintain,med,veg,high,24.5
SU001504,female,52,161.7,48,ecto,gain,med,non-veg,medium,18.4
SU001505,female,44,157.1,47.5,ecto,gain,med,non-veg,medium,19.2
SU001506,female,41,170.6,75.6,endo,maintain,low,veg,low,26
SU001507,female,52,165.3,67,endo,maintain,low,veg,medium,24.5
SU001508,male,54,165.5,50.6,ecto,gain,high,veg,medium,18.5
SU001509,male,50,158.4,53.8,meso,maintain,med,non-veg,medium,21.4
SU001510,female,49,155.5,44.5,ecto,gain,med,non-veg,medium,18.4
SU001511,female,32,161.3,53.3,meso,maintain,med,non-veg,high,20.5
SU001512,male,18,180.5,86,endo,maintain,high,non-veg,medium,26.4
SU001513,female,33,163.7,60.4,endo,maintain,low,veg,medium,22.5
SU001514,male,29,170.8,68.1,endo,gain,med,veg,medium,23.3
SU001515,female,18,152.8,47.4,meso,maintain,low,non-veg,low,20.3
SU001516,male,49,175.5,76.2,endo,maintain,med,non-veg,medium,24.7
SU001517,male,45,170.6,60.6,meso,maintain,med,non-veg,high,20.8
SU001518,male,48,172.1,59.2,ecto,maintain,low,veg,high,20
SU001519,female,39,162,48.6,ecto,gain,high,veg,medium,18.5
SU001520,male,26,160.4,52,meso,loss,med,veg,medium,20.2
SU001521,female,54,152,46.8,meso,gain,high,non-veg,low,20.3
SU001522,female,28,155.2,47.1,ecto,maintain,med,non-veg,medium,19.6
SU001523,female,49,162.6,49.6,ecto,maintain,med,non-veg,medium,18.8
SU001524,female,32,165.2,56.7,meso,loss,high,non-veg,low,20.8
SU001525,male,46,176.6,69.2,meso,maintain,med,non-veg,high,22.2
SU001526,male,35,168.6,64,meso,maintain,med,veg,low,22.5
SU001527,female,43,162.5,54.5,meso,loss,low,non-veg,low,20.6
SU001528,female,53,160.4,48.4,ecto,gain,low,non-veg,low,18.8
SU001529,male,30,181.8,63.4,ecto,gain,low,non-veg,low,19.2
SU001530,male,37,175.9,79.9,endo,loss,low,non-veg,high,25.8
SU001531,female,48,149.5,43,meso,maintain,low,non-veg,medium,19.2
SU001532,male,22,169.2,63.1,meso,maintain,high,veg,low,22
SU001533,female,32,157.4,55.8,endo,maintain,med,non-veg,low,22.5
SU001534,female,43,165.4,58.8,meso,gain,high,veg,high,21.5
SU001535,female,59,157.6,59.1,endo,maintain,med,veg,medium,23.8
SU001536,male,27,172,74.4,endo,gain,low,veg,medium,25.1
SU001537,female,37,153.2,55.7,endo,maintain,med,non-veg,high,23.7
SU001538,male,48,173.3,66.7,meso,loss,med,non-veg,medium,22.2
SU001539,female,35,158,56.3,endo,gain,med,veg,high,22.6
SU001540,male,39,176,69.5,meso,maintain,med,veg,medium,22.4
SU001541,male,36,173.9,60,ecto,maintain,med,non-veg,medium,19.8
SU001542,female,58,166.4,56.1,ecto,maintain,med,non-veg,medium,20.3
SU001543,female,33,157.5,49.5,meso,maintain,med,non-veg,medium,20
SU001544,female,53,163.9,68.3,endo,maintain,low,veg,high,25.4
SU001545,female,50,168,61.1,meso,maintain,low,veg,medium,21.6
SU001546,male,26,171.1,59.8,ecto,maintain,med,non-veg,low,20.4
SU001547,female,26,166,62.5,endo,maintain,high,non-veg,low,22.7
SU001548,female,36,155.1,48.4,meso,maintain,low,non-veg,medium,20.1
SU001549,male,27,177.8,63.3,ecto,loss,med,non-veg,low,20
SU001550,male,23,170.8,61.3,meso,loss,med,non-veg,high,21
SU001551,female,32,159.9,49.5,ecto,gain,med,non-veg,high,19.4
SU001552,female,46,160.5,48.7,ecto,gain,low,veg,high,18.9
SU001553,female,57,157,60.6,endo,maintain,low,non-veg,low,24.6
SU001554,male,49,166.3,57.6,meso,loss,med,non-veg,low,20.8
SU001555,female,28,160,58.6,endo,maintain,low,veg,medium,22.9
SU001556,female,19,165,59.7,meso,loss,med,non-veg,low,21.9
SU001557,female,41,163.9,55.9,meso,maintain,med,non-veg,high,20.8
SU001558,female,48,162.5,50.8,ecto,maintain,low,non-veg,medium,19.2
SU001559,male,42,179.7,68.5,meso,loss,med,veg,high,21.2
SU001560,female,46,165.1,50.9,ecto,gain,low,non-veg,high,18.7
SU001561,male,51,174.5,62.8,ecto,maintain,high,non-veg,medium,20.6
SU001562,female,53,148.1,45.3,meso,maintain,med,veg,low,20.7
SU001563,male,22,173.4,73,endo,loss,low,non-veg,medium,24.3
SU001564,male,33,164.5,68,endo,maintain,low,veg,medium,25.1
SU001565,male,43,179.3,64.8,ecto,maintain,low,veg,low,20.2
SU001566,male,47,163.3,52.7,ecto,maintain,low,veg,medium,19.8
SU001567,female,26,154.1,43.3,ecto,gain,med,non-veg,medium,18.2
SU001568,female,56,164.6,60.7,meso,loss,high,non-veg,medium,22.4
SU001569,female,26,157.6,57.6,endo,maintain,low,non-veg,medium,23.2
SU001570,female,19,167.8,61.9,meso,loss,low,veg,medium,22
SU001571,male,59,175.8,75.7,endo,maintain,med,veg,high,24.5
SU001572,female,31,157.4,53.7,meso,gain,med,veg,high,21.7
SU001573,female,41,152.6,41.9,ecto,gain,med,non-veg,medium,18
SU001574,female,20,163.3,61.5,endo,gain,high,non-veg,medium,23.1
SU001575,male,18,176.2,77.3,endo,loss,low,non-veg,medium,24.9
SU001576,female,39,160.7,57.7,endo,maintain,med,non-veg,medium,22.3
SU001577,male,46,162.5,63.3,endo,gain,med,non-veg,medium,24
SU001578,male,42,169,59.9,meso,maintain,med,non-veg,medium,21
SU001579,male,23,175.2,67.1,meso,loss,low,veg,low,21.9
SU001580,male,45,172.2,62.2,meso,gain,low,non-veg,low,21
SU001581,female,48,158.6,60.7,endo,maintain,low,non-veg,low,24.1
SU001582,female,57,157.4,52,meso,maintain,med,non-veg,high,21
SU001583,female,58,152.3,48.5,meso,maintain,med,non-veg,high,20.9
SU001584,male,32,167.1,66.2,endo,gain,med,veg,high,23.7
SU001585,female,21,162.6,65.7,endo,gain,low,non-veg,low,24.8
SU001586,male,47,175.4,75.5,endo,maintain,high,non-veg,medium,24.5
SU001587,female,37,164.8,54.7,ecto,maintain,low,non-veg,high,20.1
SU001588,female,27,162.1,54.8,meso,maintain,high,veg,medium,20.9
SU001589,female,43,157.2,49.8,meso,maintain,med,non-veg,medium,20.2
SU001590,female,23,157.7,46.4,ecto,gain,low,non-veg,low,18.7
SU001591,male,21,165.9,55.3,ecto,maintain,low,veg,high,20.1
SU001592,male,20,178.8,60.9,ecto,loss,low,veg,high,19
SU001593,male,30,171.5,75.6,endo,loss,high,non-veg,medium,25.7
SU001594,female,26,165,53.8,ecto,maintain,med,veg,medium,19.8
SU001595,male,36,174.1,60.1,ecto,maintain,high,non-veg,medium,19.8
SU001596,female,44,154.7,54.1,endo,loss,low,non-veg,medium,22.6
SU001597,male,27,175.1,62.3,ecto,maintain,low,non-veg,low,20.3
SU001598,female,38,160,54.7,meso,gain,med,non-veg,low,21.4
SU001599,female,31,158.9,62.4,endo,maintain,med,non-veg,medium,24.7
SU001600,female,29,161.6,65.4,endo,maintain,med,non-veg,high,25
SU001601,female,45,164.9,56.4,meso,maintain,high,non-veg,high,20.7
SU001602,male,49,183.1,84.3,endo,maintain,low,veg,low,25.1
SU001603,female,30,157.4,51,meso,loss,med,non-veg,medium,20.6
SU001604,female,50,149.5,41.2,ecto,maintain,low,non-veg,high,18.4
SU001605,female,51,170.2,70.7,endo,maintain,med,non-veg,medium,24.4
SU001606,female,52,156.7,58.1,endo,gain,med,veg,low,23.7
SU001607,male,48,159.8,63.2,endo,loss,med,non-veg,high,24.7
SU001608,female,37,154.1,55.3,endo,maintain,high,non-veg,medium,23.3
SU001609,male,51,173.9,57,ecto,gain,low,non-veg,low,18.8
SU001610,female,19,160,53,meso,maintain,high,non-veg,medium,20.7
SU001611,male,49,175.3,81.2,endo,maintain,low,non-veg,medium,26.4
SU001612,female,29,162.9,57.5,meso,gain,low,non-veg,low,21.7
SU001613,male,24,169.1,58.5,ecto,loss,med,veg,medium,20.5
SU001614,male,41,166.5,54.2,ecto,maintain,high,veg,medium,19.6
SU001615,male,25,176,81.7,endo,loss,low,veg,high,26.4
SU001616,female,39,146.1,40,ecto,gain,med,non-veg,medium,18.7
SU001617,female,23,155.6,47.7,meso,gain,low,veg,high,19.7
SU001618,male,22,170.7,55.3,ecto,gain,low,non-veg,medium,19
SU001619,female,19,149.1,42.9,meso,maintain,med,non-veg,low,19.3
SU001620,female,55,159.1,54.1,meso,gain,low,non-veg,low,21.4
SU001621,female,53,166.4,62.7,endo,maintain,med,non-veg,low,22.6
SU001622,female,59,161.7,55.3,meso,loss,med,veg,medium,21.1
SU001623,male,56,164.8,59.9,meso,loss,med,non-veg,medium,22.1
SU001624,male,58,169.5,64.8,meso,loss,low,non-veg,medium,22.6
SU001625,female,60,163.1,63.2,endo,loss,low,veg,medium,23.8
SU001626,female,22,164.5,56.8,meso,loss,med,non-veg,low,21
SU001627,male,26,175.9,75.1,endo,gain,med,non-veg,medium,24.3
SU001628,male,54,174.6,62.8,ecto,maintain,high,veg,medium,20.6
SU001629,male,53,170.5,70.5,endo,gain,high,non-veg,high,24.3
SU001630,female,44,157.7,44.6,ecto,gain,low,non-veg,low,17.9
SU001631,male,24,174.8,80.1,endo,gain,low,non-veg,medium,26.2
SU001632,male,23,174.2,64.1,meso,maintain,low,non-veg,high,21.1
SU001633,female,31,158.2,51.9,meso,maintain,low,non-veg,high,20.7
SU001634,female,54,156,53.3,endo,loss,med,veg,medium,21.9
SU001635,female,30,153.3,52.3,endo,maintain,low,veg,high,22.3
SU001636,male,44,176.2,62.3,ecto,maintain,med,veg,low,20.1
SU001637,male,54,173.2,62.5,ecto,maintain,med,veg,medium,20.8
SU001638,male,43,173.3,60.4,ecto,maintain,low,non-veg,medium,20.1
SU001639,male,44,174.7,59.3,ecto,gain,low,veg,high,19.4
SU001640,female,46,148.2,42,meso,gain,high,veg,medium,19.1
SU001641,male,49,169.9,65.4,meso,loss,low,veg,low,22.7
SU001642,female,51,160.5,47.8,ecto,gain,med,non-veg,low,18.6
SU001643,male,48,168,70.5,endo,maintain,med,non-veg,medium,25
SU001644,female,42,154.8,45.8,ecto,gain,med,non-veg,low,19.1
SU001645,female,32,159.4,58.1,endo,loss,med,non-veg,low,22.9
SU001646,female,43,165.7,52,ecto,gain,med,non-veg,low,18.9
SU001647,male,58,173.2,65.3,meso,maintain,med,veg,low,21.8
SU001648,female,30,149.8,41.2,ecto,maintain,med,non-veg,medium,18.4
SU001649,male,58,177.6,67.7,meso,loss,high,non-veg,medium,21.5
SU001650,male,39,175.8,67.8,meso,maintain,med,non-veg,medium,21.9
SU001651,male,24,164.7,59.7,meso,loss,low,non-veg,low,22
SU001652,female,26,161.5,47.1,ecto,gain,low,non-veg,low,18.1
SU001653,male,35,179.3,68.5,meso,maintain,high,non-veg,low,21.3
SU001654,male,20,168.2,62.8,meso,gain,low,veg,high,22.2
SU001655,female,31,161,57.7,endo,maintain,high,veg,medium,22.3
SU001656,female,46,167.8,61.4,meso,maintain,low,non-veg,high,21.8
SU001657,male,29,173.9,72.7,endo,loss,low,veg,low,24
SU001658,female,32,156.5,50.2,meso,maintain,low,non-veg,high,20.5
SU001659,female,45,165.8,53.5,ecto,gain,low,non-veg,medium,19.5
SU001660,female,24,160.3,48.5,ecto,gain,low,veg,medium,18.9
SU001661,male,35,178.5,73.9,meso,maintain,med,non-veg,medium,23.2
SU001662,female,46,155.3,47.1,ecto,gain,high,non-veg,medium,19.5
SU001663,female,35,162,54.7,meso,maintain,med,non-veg,high,20.8
SU001664,female,23,156.6,55.2,endo,maintain,low,non-veg,high,22.5
SU001665,male,53,176.8,69.4,meso,loss,high,non-veg,high,22.2
SU001666,male,33,177.4,75.7,endo,maintain,med,non-veg,high,24.1
SU001667,female,51,162.8,58.5,meso,loss,low,veg,low,22.1
SU001668,male,58,177.7,63.9,ecto,loss,low,non-veg,medium,20.2
SU001669,female,47,161,50.9,ecto,gain,low,non-veg,low,19.6
SU001670,male,23,161.6,53.1,meso,loss,med,non-veg,medium,20.3
SU001671,male,46,171.9,74.9,endo,gain,med,non-veg,high,25.3
SU001672,female,42,151.8,45.7,meso,maintain,med,non-veg,medium,19.8
SU001673,male,56,172.4,67.3,meso,maintain,med,veg,medium,22.6
SU001674,male,38,168.6,62.3,meso,loss,low,non-veg,low,21.9
SU001675,female,33,159.5,52.9,meso,loss,med,veg,high,20.8
SU001676,female,27,163.4,60.3,endo,maintain,med,non-veg,medium,22.6
SU001677,male,54,175.9,67.7,meso,gain,low,non-veg,medium,21.9
SU001678,female,57,161.3,57.7,meso,gain,high,non-veg,high,22.2
SU001679,male,26,163.1,49,ecto,gain,low,veg,low,18.4
SU001680,male,34,179.2,74.4,meso,maintain,low,non-veg,low,23.2
SU001681,male,51,168.4,56.5,ecto,maintain,med,veg,medium,19.9
SU001682,female,57,162.6,57.3,meso,maintain,med,non-veg,medium,21.7
SU001683,female,28,158,46.6,ecto,maintain,high,non-veg,low,18.7
SU001684,female,23,148.6,44.3,meso,loss,low,non-veg,high,20.1
SU001685,female,36,157.5,59.7,endo,maintain,low,non-veg,low,24.1
SU001686,male,60,167.1,53.1,ecto,gain,med,non-veg,medium,19
SU001687,male,32,179.4,70.3,meso,gain,med,non-veg,medium,21.8
SU001688,female,57,175.3,78.2,endo,loss,low,non-veg,low,25.4
SU001689,female,33,162.5,51.1,ecto,gain,low,non-veg,high,19.4
SU001690,male,43,178.9,72.5,meso,maintain,high,non-veg,low,22.7
SU001691,female,25,157.3,50.1,meso,maintain,med,veg,medium,20.2
SU001692,female,32,157.1,44.1,ecto,gain,med,veg,low,17.9
SU001693,female,38,161.7,62.7,endo,loss,low,non-veg,high,24
SU001694,male,31,162.6,65.7,endo,loss,high,veg,low,24.8
SU001695,male,56,167.4,62.1,meso,maintain,low,non-veg,medium,22.2
SU001696,male,44,166.7,68.5,endo,maintain,high,non-veg,medium,24.7
SU001697,male,22,172.7,65.7,meso,loss,low,veg,medium,22
SU001698,female,51,155.1,49.1,meso,loss,high,non-veg,high,20.4
SU001699,male,31,168.8,59.4,meso,gain,med,veg,medium,20.8
SU001700,female,26,165.4,59.6,meso,maintain,med,non-veg,high,21.8
SU001701,female,33,168.8,59.6,meso,loss,med,non-veg,high,20.9
SU001702,male,20,174.7,74.2,endo,maintain,high,veg,high,24.3
SU001703,male,19,175.4,69.7,meso,maintain,med,veg,high,22.7
SU001704,female,40,174.4,57.7,ecto,gain,med,non-veg,medium,19
SU001705,female,45,155.4,57.9,endo,loss,med,veg,low,24
SU001706,male,37,171.3,69.2,endo,maintain,low,non-veg,medium,23.6
SU001707,female,60,162,63.8,endo,loss,med,non-veg,medium,24.3
SU001708,male,60,180.4,72.4,meso,gain,med,veg,high,22.2
SU001709,male,36,179.9,62.3,ecto,gain,low,veg,high,19.2
SU001710,female,57,159.6,53.9,meso,maintain,med,non-veg,medium,21.2
SU001711,female,23,149,47.9,endo,maintain,low,non-veg,medium,21.6
SU001712,male,36,181.8,69.8,ecto,loss,med,veg,medium,21.1
SU001713,male,30,174,59.5,ecto,gain,high,non-veg,low,19.7
SU001714,male,44,161.8,56.4,meso,maintain,low,non-veg,low,21.5
SU001715,female,19,164.3,58.5,meso,maintain,low,veg,medium,21.7
SU001716,female,59,159.9,49.9,ecto,gain,high,veg,high,19.5
SU001717,female,18,165.8,67.6,endo,maintain,high,non-veg,low,24.6
SU001718,male,43,179.2,69.6,meso,maintain,med,non-veg,medium,21.7
SU001719,female,54,166.9,59.7,meso,maintain,med,veg,high,21.4
SU001720,male,30,172.6,69.8,endo,maintain,low,veg,high,23.4
SU001721,female,43,151.6,44.3,meso,loss,low,non-veg,medium,19.3
SU001722,male,48,171.5,73.4,endo,gain,low,non-veg,medium,25
SU001723,female,22,160.7,59,endo,maintain,low,non-veg,medium,22.8
SU001724,male,21,174.4,71.1,endo,maintain,med,veg,medium,23.4
SU001725,male,38,174.6,60.1,ecto,gain,med,veg,medium,19.7
SU001726,male,21,179.5,71.5,meso,maintain,low,veg,low,22.2
SU001727,female,43,150.2,41.4,ecto,gain,med,non-veg,low,18.4
SU001728,female,19,166.8,62.1,meso,gain,low,non-veg,high,22.3
SU001729,male,28,185.9,78.7,meso,maintain,high,veg,high,22.8
SU001730,male,30,174,58.7,ecto,gain,low,non-veg,high,19.4
SU001731,male,30,172.8,67.8,meso,gain,high,veg,medium,22.7
SU001732,male,24,172.4,58.2,ecto,gain,low,non-veg,low,19.6
SU001733,female,26,162.4,58.3,meso,maintain,med,non-veg,medium,22.1
SU001734,female,34,166.1,56.8,meso,gain,med,veg,medium,20.6
SU001735,female,50,166.2,54.7,ecto,gain,high,non-veg,medium,19.8
SU001736,female,48,162.1,55.9,meso,maintain,high,non-veg,high,21.3
SU001737,male,22,175.2,58.8,ecto,gain,low,veg,medium,19.2
SU001738,female,51,153.3,56.3,endo,maintain,med,non-veg,medium,24
SU001739,female,32,160.1,61,endo,maintain,high,veg,high,23.8
SU001740,female,44,163,48.3,ecto,gain,low,non-veg,high,18.2
SU001741,female,43,148.4,42.4,meso,gain,high,non-veg,high,19.3
SU001742,male,18,180.1,74.6,meso,loss,low,non-veg,low,23
SU001743,female,38,153.1,48,meso,maintain,low,non-veg,high,20.5
SU001744,male,34,179.8,74.9,meso,loss,low,veg,medium,23.2
SU001745,male,38,165.1,59.6,meso,loss,high,non-veg,high,21.9
SU001746,female,52,157.4,60.8,endo,maintain,high,veg,high,24.5
SU001747,male,60,171.9,74.3,endo,maintain,med,non-veg,high,25.1
SU001748,female,57,175.8,67.9,meso,maintain,med,non-veg,medium,22
SU001749,female,20,164.8,57.7,meso,loss,med,non-veg,low,21.2
SU001750,male,19,168.3,70.2,endo,maintain,med,non-veg,low,24.8
SU001751,female,49,154.3,48.8,meso,maintain,med,non-veg,high,20.5
SU001752,male,38,169.1,63.1,meso,maintain,low,non-veg,low,22.1
SU001753,male,43,167.8,62,meso,gain,med,non-veg,medium,22
SU001754,female,42,148.3,44.2,meso,loss,low,non-veg,low,20.1
SU001755,male,39,166.2,63.8,endo,maintain,low,veg,medium,23.1
SU001756,female,29,161.5,55.7,meso,maintain,med,veg,medium,21.4
SU001757,female,32,165,62.9,endo,loss,low,non-veg,high,23.1
SU001758,female,29,157.8,54.2,meso,maintain,low,non-veg,medium,21.8
SU001759,male,54,167.5,55.8,ecto,maintain,high,veg,medium,19.9
SU001760,male,53,178.8,71.1,meso,gain,med,veg,medium,22.2
SU001761,female,19,159.9,52.9,meso,maintain,med,non-veg,medium,20.7
SU001762,male,25,172.7,76.9,endo,maintain,med,veg,low,25.8
SU001763,male,35,176.3,73.2,endo,maintain,low,non-veg,medium,23.6
SU001764,male,24,174.6,59.9,ecto,gain,low,non-veg,low,19.6
SU001765,male,33,161.2,59.1,endo,gain,med,veg,low,22.7
SU001766,male,36,161.8,62.2,endo,maintain,med,veg,medium,23.8
SU001767,male,55,172,63.9,meso,loss,med,non-veg,high,21.6
SU001768,female,43,159.3,49.7,ecto,gain,low,veg,high,19.6
SU001769,male,38,167.3,71.4,endo,loss,med,non-veg,high,25.5
SU001770,female,50,158.8,52.1,meso,maintain,med,non-veg,medium,20.7
SU001771,female,38,157.2,55,endo,loss,high,veg,medium,22.3
SU001772,female,39,167.8,52.8,ecto,maintain,high,veg,low,18.8
SU001773,male,55,180.9,75.2,meso,maintain,low,non-veg,low,23
SU001774,female,22,151.3,42.2,ecto,gain,low,non-veg,medium,18.4
SU001775,male,24,165.7,54.5,ecto,maintain,low,non-veg,medium,19.8
SU001776,male,45,177.5,70.7,meso,loss,med,non-veg,high,22.4
SU001777,male,26,169.2,65.1,meso,maintain,med,non-veg,low,22.7
SU001778,male,52,175,72.2,endo,maintain,low,veg,high,23.6
SU001779,male,58,175.8,66.6,meso,loss,low,non-veg,low,21.5
SU001780,female,40,162.4,48.2,ecto,gain,low,non-veg,medium,18.3
SU001781,male,40,167.2,59.8,meso,gain,low,non-veg,medium,21.4
SU001782,male,38,167,55.8,ecto,maintain,low,non-veg,high,20
SU001783,male,24,176.9,66.2,meso,maintain,med,veg,medium,21.2
SU001784,male,46,176.6,82.4,endo,gain,med,non-veg,medium,26.4
SU001785,male,38,173.4,57.3,ecto,maintain,low,non-veg,high,19.1
SU001786,female,38,166,59.7,meso,loss,med,non-veg,low,21.7
SU001787,male,38,175.2,68,meso,maintain,med,veg,medium,22.2
SU001788,female,25,157.5,50.3,meso,maintain,med,non-veg,high,20.3
SU001789,female,33,163.9,65.6,endo,maintain,med,veg,medium,24.4
SU001790,male,46,162.4,56.5,meso,maintain,high,non-veg,low,21.4
SU001791,male,21,180.1,70,meso,maintain,med,non-veg,high,21.6
SU001792,female,26,154.9,47.7,meso,gain,med,non-veg,low,19.9
SU001793,male,26,168.5,72.9,endo,maintain,med,non-veg,high,25.7
SU001794,female,56,158.9,62.5,endo,maintain,med,non-veg,medium,24.8
SU001795,male,41,181.6,76.5,meso,maintain,med,veg,medium,23.2
SU001796,male,30,167.1,51.8,ecto,gain,high,veg,medium,18.6
SU001797,female,25,165.4,61.4,meso,loss,low,non-veg,high,22.4
SU001798,male,59,166.4,58.8,meso,loss,med,non-veg,medium,21.2
SU001799,female,30,157,48.7,meso,gain,med,non-veg,low,19.8
SU001800,female,23,157.4,44.7,ecto,loss,med,veg,high,18
SU001801,male,27,178,64.9,ecto,loss,low,non-veg,high,20.5
SU001802,male,56,170.5,67.6,endo,gain,med,veg,medium,23.3
SU001803,male,25,171.7,64.1,meso,loss,low,veg,medium,21.7
SU001804,male,20,164.6,49.5,ecto,maintain,low,non-veg,low,18.3
SU001805,female,51,157.7,47.7,ecto,gain,med,veg,low,19.2
SU001806,male,39,182.4,84.5,endo,maintain,med,veg,low,25.4
SU001807,male,55,164.2,53.8,ecto,gain,high,non-veg,medium,20
SU001808,male,31,179.2,71.9,meso,maintain,med,veg,high,22.4
SU001809,male,32,168.6,68.2,endo,maintain,low,veg,medium,24
SU001810,male,31,176.1,73.6,endo,loss,low,veg,high,23.7
SU001811,female,21,157.9,52.6,meso,loss,med,veg,low,21.1
SU001812,male,45,172.1,67.2,meso,maintain,med,non-veg,low,22.7
SU001813,male,39,171.5,65.6,meso,gain,high,veg,high,22.3
SU001814,male,33,171.5,60.8,ecto,maintain,low,non-veg,high,20.7
SU001815,female,41,151.2,45.4,meso,maintain,med,non-veg,medium,19.9
SU001816,male,33,166.4,53.6,ecto,loss,high,veg,high,19.4
SU001817,male,53,174.9,62.3,ecto,maintain,low,non-veg,low,20.4
SU001818,male,24,182.5,73.7,meso,loss,low,non-veg,medium,22.1
SU001819,male,51,161.9,48,ecto,maintain,med,non-veg,low,18.3
SU001820,male,47,165.3,50.3,ecto,gain,med,non-veg,low,18.4
SU001821,female,23,166.7,64.8,endo,maintain,high,veg,high,23.3
SU001822,male,30,170,56.9,ecto,maintain,med,veg,medium,19.7
SU001823,female,45,147.7,44.2,meso,maintain,med,veg,medium,20.3
SU001824,female,28,181.2,81.5,endo,maintain,high,non-veg,medium,24.8
SU001825,male,23,172.7,62.5,meso,maintain,low,veg,low,21
SU001826,female,45,159.1,45.5,ecto,maintain,high,non-veg,low,18
SU001827,female,55,160,52.5,meso,maintain,med,non-veg,low,20.5
SU001828,male,54,167.3,63.6,endo,loss,high,non-veg,medium,22.7
SU001829,male,38,173.8,78,endo,maintain,low,non-veg,medium,25.8
SU001830,female,56,155.3,49.6,meso,maintain,med,veg,low,20.6
SU001831,male,44,170,61.2,meso,maintain,med,veg,medium,21.2
SU001832,male,49,173.9,65.3,meso,loss,low,veg,low,21.6
SU001833,female,55,170.2,61.7,meso,gain,low,non-veg,high,21.3
SU001834,male,19,176.6,64.4,ecto,loss,low,non-veg,high,20.6
SU001835,female,21,157.5,61,endo,gain,med,non-veg,medium,24.6
SU001836,male,33,168.1,61.3,meso,gain,med,non-veg,medium,21.7
SU001837,female,27,163.7,65.2,endo,maintain,low,non-veg,low,24.3
SU001838,male,22,165.9,63.5,endo,maintain,high,non-veg,medium,23.1
SU001839,female,40,165.7,61.7,meso,maintain,med,veg,high,22.5
SU001840,male,19,171,54.9,ecto,gain,low,non-veg,medium,18.8
SU001841,male,42,165.1,58.7,meso,maintain,low,non-veg,high,21.5
SU001842,female,28,147.8,44,meso,maintain,med,non-veg,low,20.1
SU001843,female,60,169.6,60.1,meso,maintain,low,non-veg,low,20.9
SU001844,male,40,180.8,72.6,meso,maintain,med,non-veg,low,22.2
SU001845,male,39,175.2,68.8,meso,maintain,med,non-veg,medium,22.4
SU001846,female,58,149.6,41.7,ecto,maintain,med,non-veg,medium,18.6
SU001847,male,34,175.8,73.2,endo,maintain,med,veg,medium,23.7
SU001848,female,27,165.3,53.7,ecto,maintain,high,non-veg,low,19.7
SU001849,male,18,164.8,58.3,meso,maintain,med,non-veg,low,21.5
SU001850,female,26,158.4,59.3,endo,maintain,med,veg,high,23.6
SU001851,male,45,174.9,63.4,ecto,gain,high,veg,low,20.7
SU001852,male,40,172,66.9,meso,loss,high,non-veg,low,22.6
SU001853,female,24,161.8,52.4,ecto,maintain,med,non-veg,low,20
SU001854,male,43,176.2,71.3,meso,maintain,high,veg,low,23
SU001855,female,49,163.9,50.5,ecto,loss,low,veg,medium,18.8
SU001856,female,43,160.8,65.1,endo,loss,med,non-veg,high,25.2
SU001857,male,34,159.3,50.8,meso,gain,med,non-veg,low,20
SU001858,male,24,168.7,53.2,ecto,maintain,med,non-veg,high,18.7
SU001859,female,57,152.2,42.8,ecto,gain,med,non-veg,medium,18.5
SU001860,female,57,164.2,58.8,meso,gain,low,non-veg,medium,21.8
SU001861,female,39,162.3,56.6,meso,loss,high,non-veg,low,21.5
SU001862,female,41,162.3,48.3,ecto,gain,high,non-veg,low,18.3
SU001863,female,21,155,43.3,ecto,gain,med,non-veg,medium,18
SU001864,male,24,175.8,68.2,meso,loss,low,non-veg,low,22.1
SU001865,female,26,179.1,65.4,ecto,maintain,high,veg,low,20.4
SU001866,female,45,149.6,42.4,meso,gain,low,non-veg,medium,18.9
SU001867,female,38,166.1,61.2,meso,maintain,med,non-veg,medium,22.2
SU001868,female,32,155.1,43.4,ecto,gain,med,non-veg,medium,18
SU001869,female,43,151.9,49.4,endo,maintain,med,non-veg,low,21.4
SU001870,female,56,164.6,59.1,meso,loss,low,veg,medium,21.8
SU001871,male,25,160.9,50.4,ecto,gain,low,non-veg,high,19.5
SU001872,female,26,165.4,63.4,endo,maintain,med,non-veg,low,23.2
SU001873,male,23,164.9,57.8,meso,loss,high,non-veg,high,21.3
SU001874,male,24,170.5,66.6,meso,loss,med,non-veg,high,22.9
SU001875,male,29,183.1,73.1,meso,loss,high,non-veg,high,21.8
SU001876,female,34,151.7,49.6,endo,loss,med,non-veg,low,21.6
SU001877,male,51,163.6,52.8,ecto,gain,med,non-veg,medium,19.7
SU001878,male,47,175.9,66.7,meso,maintain,high,non-veg,medium,21.6
SU001879,female,26,164.1,53.4,ecto,gain,med,non-veg,medium,19.8
SU001880,male,20,168.1,62.2,meso,maintain,med,veg,medium,22
SU001881,male,30,187.9,86.5,endo,maintain,low,veg,low,24.5
SU001882,female,57,153.1,47.3,meso,loss,high,non-veg,high,20.2
SU001883,female,59,165.1,57.9,meso,loss,med,non-veg,low,21.2
SU001884,male,48,166.4,57.1,meso,maintain,low,non-veg,high,20.6
SU001885,male,20,188.7,70.4,ecto,gain,med,veg,medium,19.8
SU001886,male,35,171.4,61.1,meso,gain,low,non-veg,high,20.8
SU001887,male,50,169.8,56,ecto,gain,high,non-veg,medium,19.4
SU001888,female,34,159.8,46,ecto,gain,med,non-veg,medium,18
SU001889,female,22,166.7,61,meso,gain,med,non-veg,high,22
SU001890,female,33,165.4,58.9,meso,maintain,low,non-veg,high,21.5
SU001891,female,57,167,61.5,meso,loss,med,non-veg,medium,22.1
SU001892,female,48,170.4,63,meso,loss,low,non-veg,medium,21.7
SU001893,female,32,159.9,47.2,ecto,maintain,low,non-veg,medium,18.5
SU001894,male,53,166.1,59.9,meso,loss,med,veg,low,21.7
SU001895,male,59,179.3,74.8,meso,maintain,med,non-veg,high,23.3
SU001896,male,54,169.3,60,meso,loss,low,veg,low,20.9
SU001897,male,18,181.9,66.4,ecto,maintain,med,non-veg,medium,20.1
SU001898,female,42,168.7,54.9,ecto,maintain,med,non-veg,low,19.3
SU001899,male,33,179.5,83.2,endo,maintain,low,veg,low,25.8
SU001900,female,44,157.2,56.5,endo,maintain,med,non-veg,low,22.9
SU001901,female,24,163.1,49.3,ecto,maintain,low,non-veg,low,18.5
SU001902,female,39,154.7,51.9,endo,maintain,med,non-veg,low,21.7
SU001903,female,45,168.6,73.3,endo,maintain,med,non-veg,low,25.8
SU001904,male,23,172.7,62.2,meso,maintain,high,non-veg,high,20.9
SU001905,female,24,158.7,53.4,meso,maintain,high,non-veg,medium,21.2
SU001906,male,45,170.8,65.2,meso,maintain,low,non-veg,medium,22.3
SU001907,female,28,153,49.6,meso,maintain,med,veg,low,21.2
SU001908,female,51,163.1,62.7,endo,maintain,med,non-veg,medium,23.6
SU001909,female,29,168,58.9,meso,gain,high,non-veg,high,20.9
SU001910,male,45,173.2,75.4,endo,maintain,med,non-veg,high,25.1
SU001911,male,42,184,67.1,ecto,maintain,high,non-veg,low,19.8
SU001912,male,47,167.6,60.7,meso,maintain,med,non-veg,low,21.6
SU001913,male,60,178.7,72.9,meso,maintain,med,non-veg,low,22.8
SU001914,male,35,175.4,59.5,ecto,maintain,med,non-veg,low,19.3
SU001915,female,39,172.4,66.6,meso,maintain,low,veg,high,22.4
SU001916,male,24,171.7,75.8,endo,maintain,low,veg,medium,25.7
SU001917,male,18,176.6,72.6,endo,maintain,low,non-veg,medium,23.3
SU001918,male,58,163.7,59.9,meso,maintain,high,non-veg,medium,22.4
SU001919,male,26,179.2,66.9,ecto,gain,high,non-veg,medium,20.8
SU001920,female,18,156,45.4,ecto,maintain,med,non-veg,high,18.7
SU001921,female,46,172.5,60.6,ecto,maintain,low,non-veg,medium,20.4
SU001922,female,22,154.5,46.4,ecto,maintain,med,non-veg,medium,19.4
SU001923,female,18,161,53.2,meso,loss,high,non-veg,low,20.5
SU001924,male,41,169.7,56.9,ecto,maintain,high,non-veg,low,19.8
SU001925,male,47,176.5,63.3,ecto,gain,med,veg,low,20.3
SU001926,male,50,170.8,62,meso,maintain,low,non-veg,medium,21.3
SU001927,female,44,163.1,59.4,meso,maintain,med,non-veg,medium,22.3
SU001928,female,23,163.4,64,endo,maintain,med,non-veg,low,24
SU001929,male,31,177.4,79,endo,maintain,med,veg,medium,25.1
SU001930,male,29,173.6,61.5,ecto,maintain,high,veg,high,20.4
SU001931,female,51,158.1,61.7,endo,gain,high,veg,high,24.7
SU001932,female,20,161,56.1,meso,maintain,med,non-veg,low,21.6
SU001933,female,52,161.9,57.3,meso,maintain,med,non-veg,medium,21.9
SU001934,female,43,173.4,77.4,endo,gain,med,veg,low,25.7
SU001935,male,43,168.7,59.9,meso,maintain,med,non-veg,medium,21
SU001936,male,52,174.5,76.7,endo,maintain,high,veg,low,25.2
SU001937,male,60,178.7,79.7,endo,maintain,low,veg,high,25
SU001938,male,27,171.9,61.8,meso,maintain,low,non-veg,medium,20.9
SU001939,male,58,177.7,64.4,ecto,loss,med,non-veg,low,20.4
SU001940,male,18,159.3,62.3,endo,gain,med,veg,high,24.6
SU001941,female,21,165,51.7,ecto,gain,high,non-veg,medium,19
SU001942,male,40,173.7,75.9,endo,maintain,med,non-veg,medium,25.2
SU001943,male,46,168.7,55.4,ecto,gain,high,non-veg,high,19.5
SU001944,female,55,148.9,45.5,meso,loss,med,non-veg,medium,20.5
SU001945,female,36,169.2,70.8,endo,loss,med,non-veg,high,24.7
SU001946,female,26,160.7,63.1,endo,maintain,high,non-veg,medium,24.4
SU001947,male,22,177.4,70.5,meso,gain,med,non-veg,high,22.4
SU001948,female,40,159.7,57.6,endo,maintain,low,non-veg,medium,22.6
SU001949,male,20,168.3,54.9,ecto,gain,high,non-veg,medium,19.4
SU001950,male,22,167.2,61.7,meso,loss,med,non-veg,low,22.1
SU001951,female,50,155.9,44.2,ecto,gain,med,non-veg,high,18.2
SU001952,female,32,153.4,44.9,ecto,maintain,med,non-veg,high,19.1
SU001953,male,31,177.2,59.9,ecto,maintain,low,veg,medium,19.1
SU001954,female,24,159.5,54.4,meso,maintain,low,non-veg,medium,21.4
SU001955,male,32,171.9,68.3,endo,gain,low,non-veg,low,23.1
SU001956,female,20,158.5,54.8,meso,maintain,low,non-veg,medium,21.8
SU001957,male,18,172.6,61.6,ecto,maintain,high,veg,medium,20.7
SU001958,female,47,163.2,57.1,meso,maintain,high,non-veg,high,21.4
SU001959,male,23,168.6,57.7,ecto,maintain,med,non-veg,medium,20.3
SU001960,male,18,174.7,71.3,endo,maintain,low,non-veg,medium,23.4
SU001961,female,19,163.6,55.7,meso,maintain,low,non-veg,low,20.8
SU001962,male,29,161.1,50.1,ecto,gain,med,veg,medium,19.3
SU001963,male,40,171.4,71,endo,loss,med,veg,medium,24.2
SU001964,male,25,172,62.1,meso,maintain,low,non-veg,medium,21
SU001965,female,54,166.3,57,meso,loss,med,non-veg,high,20.6
SU001966,female,33,164.3,55.3,meso,gain,med,non-veg,high,20.5
SU001967,male,50,165.9,70,endo,maintain,med,veg,medium,25.4
SU001968,male,28,182.8,72.4,meso,maintain,med,veg,low,21.7
SU001969,male,58,174.4,73.1,endo,gain,high,veg,high,24
SU001970,male,26,172.9,78.5,endo,gain,high,non-veg,low,26.3
SU001971,male,18,160.9,53.6,meso,maintain,med,non-veg,low,20.7
SU001972,male,32,159.6,63.8,endo,maintain,low,non-veg,medium,25
SU001973,male,33,165.8,61.5,meso,maintain,low,non-veg,high,22.4
SU001974,female,30,159.9,49,ecto,gain,high,veg,high,19.2
SU001975,female,47,161.7,56.5,meso,maintain,med,non-veg,medium,21.6
SU001976,male,44,182.1,72.4,meso,gain,high,non-veg,low,21.8
SU001977,male,28,176.5,72,meso,maintain,high,veg,high,23.1
SU001978,female,22,160.8,56.8,meso,gain,med,veg,low,22
SU001979,female,49,166.1,56.4,ecto,maintain,low,non-veg,high,20.4
SU001980,male,42,170.8,59.3,ecto,maintain,med,veg,medium,20.3
SU001981,male,37,187.2,77.6,meso,loss,med,non-veg,medium,22.1
SU001982,female,56,163.5,62.6,endo,maintain,med,non-veg,medium,23.4
SU001983,male,47,173.3,62.5,ecto,maintain,high,non-veg,medium,20.8
SU001984,female,60,157.8,47.8,ecto,maintain,high,veg,medium,19.2
SU001985,male,24,165.2,61.5,meso,gain,high,non-veg,high,22.5
SU001986,male,57,170.5,74.5,endo,loss,low,veg,medium,25.6
SU001987,female,34,157.1,45.2,ecto,gain,med,non-veg,high,18.3
SU001988,male,41,156.9,53.5,meso,gain,med,veg,low,21.7
SU001989,male,33,170.6,60.2,ecto,maintain,med,non-veg,medium,20.7
SU001990,female,42,160,60.4,endo,maintain,med,veg,medium,23.6
SU001991,female,58,143,40,meso,maintain,low,non-veg,medium,19.6
SU001992,female,22,152.7,46.5,meso,loss,high,veg,low,19.9
SU001993,male,54,161,53.2,meso,maintain,high,non-veg,high,20.5
SU001994,male,38,171.4,71.8,endo,loss,med,non-veg,medium,24.4
SU001995,male,18,168.4,60.1,meso,maintain,high,veg,medium,21.2
SU001996,female,21,142.6,41.7,endo,gain,high,non-veg,medium,20.5
SU001997,female,25,167.3,58.9,meso,maintain,low,veg,high,21
SU001998,male,24,174.7,77.5,endo,loss,med,veg,medium,25.4
SU001999,female,28,171.7,56.6,ecto,maintain,low,non-veg,medium,19.2
SU002000,female,60,167.6,56.6,ecto,maintain,high,non-veg,high,20.1
SU002001,female,21,168.2,56.5,ecto,gain,low,non-veg,high,20
SU002002,female,27,156.4,45.1,ecto,maintain,med,non-veg,medium,18.4
SU002003,male,30,181.7,75,meso,maintain,low,non-veg,medium,22.7
SU002004,female,52,162.9,51.9,ecto,loss,high,non-veg,medium,19.6
SU002005,male,27,174.6,69.5,meso,loss,med,non-veg,low,22.8
SU002006,female,19,166.2,61.2,meso,loss,low,non-veg,high,22.2
SU002007,female,51,163,62.7,endo,maintain,med,non-veg,low,23.6
SU002008,male,51,172.7,70.5,endo,maintain,low,non-veg,medium,23.6
SU002009,female,33,166.9,58.5,meso,loss,med,non-veg,medium,21
SU002010,male,27,166.5,58,meso,maintain,med,non-veg,medium,20.9
SU002011,male,18,172.8,58,ecto,maintain,high,non-veg,high,19.4
SU002012,female,45,155.8,47.3,ecto,gain,med,veg,medium,19.5
SU002013,female,20,161,56.7,meso,loss,med,non-veg,high,21.9
SU002014,male,24,161.2,51.4,ecto,gain,low,non-veg,medium,19.8
SU002015,male,53,177.6,72.2,meso,maintain,med,veg,low,22.9
SU002016,female,52,153.1,55.6,endo,loss,med,non-veg,medium,23.7
SU002017,male,31,171.7,68.8,endo,maintain,high,veg,low,23.3
SU002018,female,27,158.9,54.2,meso,maintain,high,non-veg,medium,21.5
SU002019,male,29,186.4,76.5,meso,maintain,med,veg,low,22
SU002020,male,42,159.8,50.1,ecto,maintain,high,non-veg,medium,19.6
SU002021,male,52,172.3,59.7,ecto,loss,med,non-veg,medium,20.1
SU002022,female,25,159.4,52,meso,maintain,low,veg,medium,20.5
SU002023,female,60,163.2,50.4,ecto,maintain,med,non-veg,low,18.9
SU002024,female,48,154,45.9,ecto,gain,low,non-veg,high,19.4
SU002025,female,23,164.8,57.9,meso,loss,med,veg,medium,21.3
SU002026,male,54,169.3,62.7,meso,maintain,med,veg,medium,21.9
SU002027,male,21,168.8,58.9,meso,maintain,low,veg,medium,20.7
SU002028,female,24,161.4,48.1,ecto,maintain,med,veg,low,18.5
SU002029,female,57,153.3,46.6,meso,maintain,med,non-veg,medium,19.8
SU002030,female,48,157,45.9,ecto,maintain,med,non-veg,low,18.6
SU002031,male,47,164.6,64.1,endo,maintain,med,non-veg,medium,23.7
SU002032,male,58,173.2,63.3,meso,loss,high,non-veg,medium,21.1
SU002033,female,39,155.2,48.4,meso,loss,low,non-veg,high,20.1
SU002034,male,25,169.4,64.4,meso,maintain,med,veg,medium,22.4
SU002035,female,54,163.1,59.5,meso,maintain,med,veg,low,22.4
SU002036,female,37,161,54.6,meso,maintain,med,non-veg,medium,21.1
SU002037,female,23,164.6,57.2,meso,loss,low,non-veg,medium,21.1
SU002038,male,40,171.7,63.8,meso,maintain,low,veg,medium,21.6
SU002039,female,57,154.8,44.7,ecto,maintain,med,veg,high,18.7
SU002040,female,31,157.7,46.1,ecto,maintain,med,non-veg,low,18.5
SU002041,male,47,177,72.2,meso,maintain,low,veg,high,23
SU002042,female,57,153.4,47.1,meso,maintain,high,non-veg,medium,20
SU002043,female,36,166.6,59.3,meso,gain,low,veg,low,21.4
SU002044,male,56,167,54,ecto,maintain,med,non-veg,medium,19.4
SU002045,female,44,156.9,43.8,ecto,maintain,med,non-veg,medium,17.8
SU002046,female,26,158.7,53.8,meso,maintain,med,non-veg,high,21.4
SU002047,female,24,157.2,47.3,ecto,maintain,low,veg,high,19.1
SU002048,female,20,158.6,51.7,meso,maintain,low,non-veg,medium,20.6
SU002049,female,41,160.8,53.7,meso,maintain,high,veg,high,20.8
SU002050,female,42,160.2,63.6,endo,loss,low,non-veg,medium,24.8
SU002051,female,24,167.6,54.9,ecto,gain,low,non-veg,medium,19.5
SU002052,male,39,162.7,56.7,meso,maintain,med,non-veg,high,21.4
SU002053,male,54,170.6,62.5,meso,maintain,high,veg,medium,21.5
SU002054,male,22,176.4,60.5,ecto,maintain,med,non-veg,high,19.4
SU002055,female,28,158.2,57,endo,loss,med,veg,low,22.8
SU002056,male,19,176.6,70.6,meso,maintain,med,non-veg,medium,22.6
SU002057,female,52,154.5,58.1,endo,maintain,low,non-veg,high,24.3
SU002058,female,42,152.3,50.1,endo,maintain,high,veg,high,21.6
SU002059,female,46,156.3,53.6,endo,loss,low,veg,high,21.9
SU002060,female,21,170.9,56.7,ecto,maintain,high,non-veg,medium,19.4
SU002061,female,28,160.3,46.9,ecto,gain,low,non-veg,medium,18.3
SU002062,male,31,175.2,60.3,ecto,gain,low,veg,low,19.6
SU002063,male,60,166.2,69.4,endo,maintain,med,non-veg,high,25.1
SU002064,female,38,162.4,48.9,ecto,maintain,med,veg,medium,18.5
SU002065,male,32,172.4,66.6,meso,gain,med,veg,medium,22.4
SU002066,male,20,176.2,62.3,ecto,maintain,low,veg,high,20.1
SU002067,male,23,168.7,59.1,meso,maintain,low,veg,high,20.8
SU002068,female,34,171.9,66.9,meso,maintain,med,non-veg,high,22.6
SU002069,female,38,163.5,62.3,endo,maintain,med,non-veg,high,23.3
SU002070,male,52,170.5,68,endo,maintain,med,non-veg,medium,23.4
SU002071,male,29,169.8,58.1,ecto,maintain,med,non-veg,medium,20.2
SU002072,female,50,154.5,47.5,meso,gain,low,veg,low,19.9
SU002073,male,29,165,51.1,ecto,maintain,low,non-veg,low,18.8
SU002074,female,57,161.9,52.1,ecto,gain,high,non-veg,low,19.9
SU002075,female,36,155.2,50.3,meso,maintain,med,non-veg,medium,20.9
SU002076,female,29,166.4,57.4,meso,loss,med,non-veg,low,20.7
SU002077,female,42,171.7,62.3,meso,loss,low,non-veg,low,21.1
SU002078,male,42,173.6,65.5,meso,gain,med,veg,high,21.7
SU002079,male,18,168.1,63.3,meso,maintain,high,veg,medium,22.4
SU002080,female,50,171.6,66.4,meso,loss,high,veg,medium,22.5
SU002081,female,57,160.5,56,meso,maintain,med,non-veg,low,21.7
SU002082,female,57,154.8,47.7,meso,gain,low,non-veg,medium,19.9
SU002083,female,44,161,48.6,ecto,maintain,low,non-veg,medium,18.7
SU002084,female,23,156.6,54.5,endo,maintain,low,veg,high,22.2
SU002085,male,27,177.6,66.6,meso,maintain,low,veg,high,21.1
SU002086,female,60,157.3,52.7,meso,loss,med,non-veg,medium,21.3
SU002087,female,29,165.6,65,endo,maintain,med,non-veg,high,23.7
SU002088,male,59,173.5,64.4,meso,maintain,low,veg,high,21.4
SU002089,male,20,178.1,60.3,ecto,gain,med,non-veg,high,19
SU002090,male,29,181.3,86.5,endo,maintain,med,veg,medium,26.3
SU002091,male,45,182.2,71.1,meso,maintain,med,non-veg,medium,21.4
SU002092,male,42,172.5,62,meso,maintain,low,veg,high,20.8
SU002093,male,54,160.8,61.7,endo,maintain,high,non-veg,medium,23.9
SU002094,female,58,161.4,56.6,meso,maintain,high,non-veg,medium,21.7
SU002095,male,31,168.9,53.2,ecto,maintain,low,non-veg,high,18.6
SU002096,female,22,161.3,52.3,ecto,maintain,low,veg,low,20.1
SU002097,female,50,170.1,70.5,endo,maintain,med,non-veg,high,24.4
SU002098,female,55,166.4,57.4,meso,loss,high,veg,medium,20.7
SU002099,male,25,163.7,58.8,meso,maintain,low,veg,medium,21.9
SU002100,male,18,177.3,69.8,meso,loss,low,veg,medium,22.2
SU002101,male,18,181.7,73.9,meso,loss,low,non-veg,medium,22.4
SU002102,female,53,151.6,47.2,meso,maintain,high,non-veg,medium,20.5
SU002103,male,21,172.6,67.6,meso,loss,med,non-veg,high,22.7
SU002104,male,50,158,50.7,meso,maintain,med,non-veg,high,20.3
SU002105,male,50,176.2,67.9,meso,maintain,low,non-veg,medium,21.9
SU002106,male,33,161.6,53.1,meso,loss,low,non-veg,low,20.3
SU002107,male,30,177.7,75.7,endo,gain,med,veg,medium,24
SU002108,female,56,152.1,48.1,meso,gain,low,non-veg,high,20.8
SU002109,male,43,164.5,64.2,endo,maintain,med,non-veg,medium,23.7
SU002110,male,58,176,74.5,endo,maintain,med,veg,medium,24.1
SU002111,male,47,170.1,63.7,meso,maintain,high,veg,high,22
SU002112,male,52,166.7,57.2,meso,maintain,low,non-veg,high,20.6
SU002113,male,43,172.7,64.5,meso,maintain,med,non-veg,medium,21.6
SU002114,male,38,163.8,60,meso,maintain,low,non-veg,medium,22.4
SU002115,male,56,171.1,58.1,ecto,gain,med,non-veg,high,19.8
SU002116,female,35,147.5,44.9,meso,maintain,low,non-veg,medium,20.6
SU002117,female,54,155.8,51.1,meso,maintain,med,non-veg,medium,21.1
SU002118,female,57,157.1,55.5,endo,maintain,low,veg,high,22.5
SU002119,female,25,157.2,52.7,meso,maintain,low,non-veg,medium,21.3
SU002120,male,42,169,52.9,ecto,gain,med,veg,medium,18.5
SU002121,female,18,161.7,55.3,meso,maintain,low,non-veg,high,21.1
SU002122,female,53,162.8,56.7,meso,maintain,low,non-veg,low,21.4
SU002123,male,32,171.1,57.5,ecto,gain,high,non-veg,low,19.6
SU002124,male,57,170.5,60.9,meso,maintain,med,non-veg,high,20.9
SU002125,male,18,176,62.8,ecto,maintain,high,non-veg,high,20.3
SU002126,female,24,161.2,52.4,meso,gain,high,non-veg,medium,20.2
SU002127,female,42,153.1,44.6,ecto,gain,med,non-veg,low,19
SU002128,female,46,162.8,53.8,meso,loss,med,non-veg,high,20.3
SU002129,female,28,160,56.1,meso,loss,med,veg,low,21.9
SU002130,male,35,165.7,67.3,endo,loss,low,non-veg,low,24.5
SU002131,female,35,162.4,55.1,meso,loss,high,non-veg,high,20.9
SU002132,male,26,166.7,53.9,ecto,maintain,high,non-veg,medium,19.4
SU002133,female,29,161.2,50.4,ecto,maintain,high,veg,low,19.4
SU002134,male,34,185.9,78.7,meso,maintain,med,non-veg,medium,22.8
SU002135,male,56,166.9,60.2,meso,loss,low,non-veg,high,21.6
SU002136,male,36,170.9,66.1,meso,maintain,low,veg,high,22.6
SU002137,male,33,180.7,72.4,meso,gain,med,non-veg,high,22.2
SU002138,male,58,176,78.4,endo,maintain,med,non-veg,medium,25.3
SU002139,female,53,155.6,50.9,meso,maintain,med,non-veg,low,21
SU002140,female,24,157.4,49.5,meso,maintain,high,veg,medium,20
SU002141,female,21,159.7,52.5,meso,loss,med,non-veg,medium,20.6
SU002142,female,58,166.6,55.3,ecto,gain,med,veg,high,19.9
SU002143,female,25,155,55.4,endo,maintain,high,veg,medium,23.1
SU002144,male,20,156,48.5,meso,maintain,med,non-veg,low,19.9
SU002145,male,22,178.3,67.2,meso,maintain,low,non-veg,high,21.1
SU002146,male,53,171.2,54.5,ecto,gain,med,non-veg,medium,18.6
SU002147,female,29,158.2,53.2,meso,gain,low,veg,medium,21.3
SU002148,male,48,177,81.8,endo,maintain,med,veg,medium,26.1
SU002149,female,30,154.5,42.5,ecto,gain,high,non-veg,high,17.8
SU002150,male,37,174.1,58.4,ecto,maintain,high,veg,medium,19.3
SU002151,female,34,162.3,59.8,endo,maintain,low,non-veg,medium,22.7
SU002152,female,48,151.1,42.2,ecto,maintain,low,non-veg,high,18.5
SU002153,male,23,174.4,65.5,meso,gain,med,non-veg,high,21.5
SU002154,female,57,164.4,65.9,endo,maintain,high,non-veg,high,24.4
SU002155,female,49,169.3,64.5,meso,loss,med,veg,medium,22.5
SU002156,male,22,168.7,64.3,meso,maintain,med,non-veg,medium,22.6
SU002157,male,26,169.6,53.4,ecto,maintain,med,non-veg,high,18.6
SU002158,female,34,160.7,59.1,endo,maintain,high,non-veg,high,22.9
SU002159,male,51,172.3,73.5,endo,maintain,high,veg,low,24.8
SU002160,female,52,161.4,49.7,ecto,gain,low,veg,high,19.1
SU002161,female,39,153.3,49.7,meso,maintain,high,veg,high,21.1
SU002162,male,24,162,57.8,meso,gain,med,non-veg,low,22
SU002163,male,32,171.7,68,endo,maintain,med,non-veg,medium,23.1
SU002164,male,60,164.5,55.9,meso,maintain,low,non-veg,high,20.7
SU002165,male,18,168.8,58,ecto,maintain,high,veg,medium,20.4
SU002166,male,45,172.5,60.7,ecto,gain,low,non-veg,high,20.4
SU002167,male,20,166.1,56,ecto,gain,low,veg,low,20.3
SU002168,female,31,161.5,56.4,meso,maintain,med,non-veg,low,21.6
SU002169,female,54,165.4,51.9,ecto,gain,med,non-veg,low,19
SU002170,female,23,160.2,55,meso,gain,high,non-veg,low,21.4
SU002171,female,33,164.4,56.5,meso,gain,med,non-veg,high,20.9
SU002172,male,60,175.9,61.2,ecto,gain,med,veg,medium,19.8
SU002173,female,59,154.2,47.6,meso,maintain,low,non-veg,medium,20
SU002174,female,22,159.2,50.4,ecto,gain,low,non-veg,medium,19.9
SU002175,male,39,170.4,66.3,meso,loss,high,non-veg,medium,22.8
SU002176,male,26,188.2,77.1,meso,loss,low,veg,medium,21.8
SU002177,male,34,164.9,60.2,meso,gain,med,non-veg,medium,22.1
SU002178,female,54,156.2,59.6,endo,maintain,med,non-veg,medium,24.4
SU002179,male,54,167,52.9,ecto,maintain,med,non-veg,medium,19
SU002180,female,25,155.7,58.2,endo,maintain,low,non-veg,medium,24
SU002181,female,25,165.2,61.6,meso,maintain,high,veg,high,22.6
SU002182,female,35,145.7,44.5,endo,maintain,med,veg,medium,21
SU002183,male,50,176.1,66.7,meso,maintain,med,non-veg,high,21.5
SU002184,female,46,159,45.2,ecto,gain,low,veg,low,17.9
SU002185,female,30,154.2,48.1,meso,maintain,med,non-veg,low,20.2
SU002186,male,34,170.3,54.3,ecto,loss,high,non-veg,low,18.7
SU002187,female,46,168.6,62.9,meso,maintain,low,non-veg,low,22.1
SU002188,female,24,163.2,58.8,meso,maintain,low,non-veg,high,22.1
SU002189,male,57,178.2,70.7,meso,maintain,med,veg,medium,22.3
SU002190,female,27,167.9,59.3,meso,loss,high,non-veg,medium,21
SU002191,male,49,176.6,79.3,endo,loss,med,veg,low,25.4
SU002192,male,24,164,57.7,meso,loss,med,veg,medium,21.5
SU002193,female,31,158.8,49.9,ecto,gain,low,non-veg,medium,19.8
SU002194,male,56,170.3,64.7,meso,loss,med,non-veg,high,22.3
SU002195,female,30,154.9,47.2,meso,gain,med,veg,medium,19.7
SU002196,male,39,172.8,70.9,endo,maintain,med,veg,high,23.7
SU002197,male,20,175,69.1,meso,maintain,low,veg,low,22.6
SU002198,male,59,164.8,56.9,meso,gain,low,veg,high,21
SU002199,female,44,165.5,66.1,endo,loss,high,veg,low,24.1
SU002200,female,37,145.5,40,ecto,maintain,low,non-veg,high,18.9
SU002201,male,29,177.5,68.2,meso,loss,low,non-veg,low,21.6
SU002202,male,55,184,70.9,ecto,maintain,med,non-veg,high,20.9
SU002203,male,31,172.5,64.7,meso,maintain,med,non-veg,medium,21.7
SU002204,female,53,163.1,53,ecto,maintain,high,veg,high,19.9
SU002205,female,25,154.1,49.1,meso,maintain,low,veg,medium,20.7
SU002206,male,45,184.5,76.9,meso,maintain,med,non-veg,medium,22.6
SU002207,female,34,158.6,52.5,meso,gain,med,non-veg,high,20.9
SU002208,male,50,169.2,60.6,meso,maintain,low,veg,medium,21.2
SU002209,male,54,176.4,58.7,ecto,gain,low,veg,high,18.9
SU002210,male,43,176.7,67.8,meso,loss,med,veg,low,21.7
SU002211,female,50,165.8,59.4,meso,maintain,med,non-veg,medium,21.6
SU002212,female,29,165.3,51.1,ecto,gain,high,veg,high,18.7
SU002213,male,18,173.2,66.2,meso,maintain,low,non-veg,high,22.1
SU002214,female,43,160,54.1,meso,maintain,med,non-veg,low,21.1
SU002215,male,25,173.6,60.1,ecto,gain,med,veg,medium,19.9
SU002216,male,33,169.9,57.2,ecto,gain,med,non-veg,high,19.8
SU002217,female,57,148.9,40,ecto,gain,low,non-veg,medium,18
SU002218,female,48,156.9,58.4,endo,maintain,med,veg,low,23.7
SU002219,female,32,162.4,48.3,ecto,gain,low,veg,high,18.3
SU002220,female,23,159.3,53.4,meso,maintain,med,non-veg,medium,21
SU002221,female,27,165.7,64.9,endo,loss,low,veg,high,23.6
SU002222,female,44,160.4,47.6,ecto,gain,low,non-veg,medium,18.5
SU002223,female,43,168,62.6,meso,maintain,low,veg,low,22.2
SU002224,male,50,181.4,69.1,ecto,maintain,low,veg,medium,21
SU002225,male,27,177.3,80.3,endo,gain,med,veg,medium,25.5
SU002226,female,32,155.4,53.6,endo,gain,med,non-veg,medium,22.2
SU002227,female,47,162,50.5,ecto,maintain,low,veg,low,19.2
SU002228,male,44,157.4,57,endo,loss,med,non-veg,high,23
SU002229,female,25,159.4,56.6,endo,loss,low,non-veg,low,22.3
SU002230,male,51,178.1,66.1,ecto,loss,low,veg,high,20.8
SU002231,male,54,178.2,68.7,meso,maintain,high,non-veg,medium,21.6
SU002232,female,18,166.2,61.4,meso,gain,med,non-veg,low,22.2
SU002233,female,37,173.1,65.2,meso,loss,low,non-veg,medium,21.8
SU002234,female,42,149.7,47,endo,maintain,low,non-veg,medium,21
SU002235,male,37,165.8,58.7,meso,loss,low,veg,medium,21.4
SU002236,female,24,163.3,56.4,meso,gain,low,non-veg,high,21.1
SU002237,female,44,157.2,49.6,meso,gain,med,non-veg,medium,20.1
SU002238,female,44,162,63.8,endo,maintain,med,non-veg,medium,24.3
SU002239,male,60,160.1,50.3,ecto,maintain,low,veg,low,19.6
SU002240,female,37,167.3,65.5,endo,loss,low,veg,medium,23.4
SU002241,female,42,152.5,47.7,meso,maintain,high,veg,medium,20.5
SU002242,male,40,163.2,52.3,ecto,gain,med,veg,medium,19.6
SU002243,male,25,165,52.4,ecto,loss,med,non-veg,low,19.2
SU002244,female,32,157.7,53.9,meso,maintain,low,non-veg,medium,21.7
SU002245,male,22,178.1,72.9,meso,loss,low,non-veg,medium,23
SU002246,male,24,171.7,70.8,endo,maintain,low,veg,high,24
SU002247,female,23,155.8,58.3,endo,maintain,low,non-veg,low,24
SU002248,male,33,175,66.7,meso,gain,low,non-veg,high,21.8
SU002249,male,28,175.9,64.3,ecto,loss,med,veg,medium,20.8
SU002250,male,35,164.6,54.2,ecto,maintain,low,veg,high,20
SU002251,female,24,160.5,55.2,meso,maintain,med,non-veg,medium,21.4
SU002252,male,40,169.2,62.3,meso,loss,med,non-veg,low,21.8
SU002253,female,58,158.3,54.9,meso,maintain,med,non-veg,high,21.9
SU002254,female,51,158.3,47.3,ecto,gain,low,non-veg,low,18.9
SU002255,female,51,164,55.4,meso,maintain,med,non-veg,medium,20.6
SU002256,female,19,161.5,57.2,meso,loss,med,non-veg,medium,21.9
SU002257,male,56,169,67,endo,maintain,med,non-veg,medium,23.5
SU002258,male,20,172.2,61.8,meso,maintain,med,non-veg,high,20.8
SU002259,male,53,180.7,73.8,meso,maintain,med,non-veg,medium,22.6
SU002260,male,31,172.8,72.6,endo,loss,high,veg,high,24.3
SU002261,female,56,154.6,48.6,meso,maintain,med,non-veg,medium,20.3
SU002262,female,22,164,60,meso,maintain,med,veg,high,22.3
SU002263,male,23,174.6,63.9,meso,gain,med,non-veg,high,21
SU002264,male,30,166.7,61.6,meso,gain,high,non-veg,medium,22.2
SU002265,male,36,177.2,76,endo,gain,med,non-veg,medium,24.2
SU002266,male,32,166.1,55.4,ecto,loss,low,veg,medium,20.1
SU002267,male,38,165.1,68.3,endo,maintain,low,veg,high,25.1
SU002268,female,36,166.7,60.7,meso,maintain,med,veg,high,21.8
SU002269,female,53,160.9,48.9,ecto,gain,low,veg,low,18.9
SU002270,male,49,158.8,50.9,meso,maintain,high,non-veg,high,20.2
SU002271,female,38,165.8,59.2,meso,maintain,high,veg,medium,21.5
SU002272,male,32,175,66.6,meso,loss,med,non-veg,low,21.7
SU002273,male,60,178,78.3,endo,maintain,med,veg,medium,24.7
SU002274,female,35,168.7,61.4,meso,loss,med,veg,medium,21.6
SU002275,male,21,172.2,77.9,endo,maintain,med,non-veg,high,26.3
SU002276,female,60,153.1,46.5,meso,loss,low,non-veg,medium,19.8
SU002277,male,46,169.5,55.6,ecto,maintain,low,veg,high,19.4
SU002278,male,39,163.4,49.3,ecto,gain,med,non-veg,medium,18.5
SU002279,female,20,167.1,58.2,meso,gain,med,veg,medium,20.8
SU002280,male,39,166.3,54.9,ecto,maintain,med,non-veg,medium,19.9
SU002281,male,31,184.1,87.3,endo,maintain,med,non-veg,medium,25.8
SU002282,female,55,164.1,59.3,meso,maintain,low,non-veg,high,22
SU002283,female,19,161.9,53.4,meso,gain,high,non-veg,low,20.4
SU002284,female,45,165.9,68.9,endo,maintain,med,veg,medium,25
SU002285,male,48,171.8,61.9,meso,maintain,high,non-veg,medium,21
SU002286,male,33,178.4,76.3,endo,maintain,med,veg,low,24
SU002287,male,47,167.7,58.6,meso,loss,low,non-veg,low,20.8
SU002288,female,41,154.6,47.2,meso,maintain,med,non-veg,high,19.7
SU002289,female,28,152.6,46,meso,maintain,med,veg,medium,19.8
SU002290,male,45,169.5,67.4,endo,gain,low,non-veg,high,23.5
SU002291,female,54,162.4,63.2,endo,loss,low,non-veg,high,24
SU002292,female,52,165.5,50.2,ecto,maintain,low,non-veg,high,18.3
SU002293,male,43,166.3,65.3,endo,loss,med,non-veg,high,23.6
SU002294,male,44,158.9,57.4,endo,loss,low,non-veg,medium,22.7
SU002295,female,28,153,49.9,meso,loss,med,non-veg,low,21.3
SU002296,female,38,157.5,48.2,ecto,gain,low,veg,high,19.4
SU002297,male,56,179,64.3,ecto,loss,med,veg,high,20.1
SU002298,male,42,171.6,60.1,ecto,loss,med,veg,high,20.4
SU002299,female,44,164.3,57.1,meso,loss,med,non-veg,medium,21.2
SU002300,female,34,167.5,57.7,meso,gain,med,non-veg,medium,20.6
SU002301,female,37,149.6,48,endo,maintain,med,non-veg,medium,21.4
SU002302,male,54,178.3,82.2,endo,gain,high,non-veg,low,25.9
SU002303,female,33,156.8,49.4,meso,gain,low,non-veg,high,20.1
SU002304,male,31,170.1,54.6,ecto,maintain,high,veg,low,18.9
SU002305,female,40,164.9,68.3,endo,maintain,low,non-veg,high,25.1
SU002306,male,32,171.7,70.5,endo,maintain,med,non-veg,high,23.9
SU002307,male,33,175.3,57.6,ecto,gain,low,non-veg,medium,18.7
SU002308,female,54,165.4,60.8,meso,maintain,med,non-veg,low,22.2
SU002309,female,23,155.8,47,ecto,gain,med,non-veg,medium,19.4
SU002310,male,21,169,55.8,ecto,maintain,low,non-veg,low,19.5
SU002311,female,35,165.8,53.7,ecto,gain,high,non-veg,medium,19.5
SU002312,female,57,153.6,51.2,endo,loss,low,veg,medium,21.7
SU002313,female,41,159.2,48.9,ecto,gain,med,non-veg,high,19.3
SU002314,female,34,165.2,59.4,meso,loss,high,veg,low,21.8
SU002315,male,19,176.3,59.3,ecto,maintain,med,non-veg,high,19.1
SU002316,male,24,169,54.8,ecto,maintain,med,non-veg,medium,19.2
SU002317,male,24,165.6,61.5,meso,maintain,low,veg,high,22.4
SU002318,male,34,171.3,66.5,meso,loss,high,non-veg,high,22.7
SU002319,male,50,166,61.1,meso,maintain,med,veg,high,22.2
SU002320,male,37,184.5,84.2,endo,maintain,med,veg,medium,24.7
SU002321,male,33,182.1,88,endo,loss,med,non-veg,medium,26.5
SU002322,female,52,166.9,59.2,meso,maintain,high,veg,high,21.3
SU002323,female,51,157.2,53,meso,loss,high,non-veg,high,21.4
SU002324,male,19,177.8,72,meso,maintain,low,non-veg,medium,22.8
SU002325,male,58,173.7,71.5,endo,maintain,med,veg,medium,23.7
SU002326,male,52,175.1,58.6,ecto,gain,med,non-veg,medium,19.1
SU002327,female,46,160.4,50.8,ecto,maintain,med,non-veg,medium,19.7
SU002328,male,33,172.9,69,endo,loss,low,non-veg,low,23.1
SU002329,female,43,173.4,62.1,ecto,maintain,med,veg,medium,20.7
SU002330,male,55,172,65.8,meso,loss,low,veg,high,22.2
SU002331,male,57,169.2,56.8,ecto,maintain,med,veg,low,19.8
SU002332,female,47,162.9,52.1,ecto,gain,high,veg,high,19.6
SU002333,male,51,161,50.8,ecto,gain,med,veg,medium,19.6
SU002334,male,48,180,81.3,endo,gain,high,non-veg,low,25.1
SU002335,male,18,181.5,74.5,meso,gain,low,veg,medium,22.6
SU002336,male,31,178,80.5,endo,maintain,high,non-veg,low,25.4
SU002337,female,36,158.7,51.7,meso,maintain,high,veg,high,20.5
SU002338,male,30,166.2,58.7,meso,gain,med,non-veg,medium,21.3
SU002339,male,45,170.7,69.5,endo,maintain,low,veg,medium,23.9
SU002340,male,48,170.7,66.8,meso,maintain,low,non-veg,medium,22.9
SU002341,female,57,163.6,55.7,meso,maintain,low,veg,low,20.8
SU002342,female,22,156.7,56.1,endo,loss,low,veg,medium,22.8
SU002343,female,54,167.3,53.7,ecto,maintain,med,non-veg,low,19.2
SU002344,male,44,164.7,58.3,meso,maintain,low,non-veg,low,21.5
SU002345,female,22,154.6,51,meso,maintain,high,veg,medium,21.3
SU002346,female,29,160,49.1,ecto,gain,med,veg,high,19.2
SU002347,male,55,178.6,81.2,endo,maintain,med,veg,medium,25.5
SU002348,male,36,174.1,58.1,ecto,maintain,med,non-veg,medium,19.2
SU002349,female,23,163.3,56.5,meso,maintain,med,non-veg,high,21.2
SU002350,female,32,156.8,50.4,meso,maintain,high,non-veg,high,20.5
SU002351,male,51,178.1,73.3,meso,loss,med,non-veg,low,23.1
SU002352,male,18,174.4,78.8,endo,maintain,low,veg,medium,25.9
SU002353,male,36,171.1,74,endo,maintain,med,non-veg,medium,25.3
SU002354,female,55,161.4,56.2,meso,loss,low,non-veg,medium,21.6
SU002355,female,48,161.6,54.9,meso,gain,high,veg,high,21
SU002356,female,23,163.5,56.7,meso,loss,med,non-veg,medium,21.2
SU002357,female,56,155.6,58.6,endo,maintain,low,non-veg,low,24.2
SU002358,female,43,162.6,52.7,ecto,gain,high,non-veg,medium,19.9
SU002359,female,54,155.4,46.2,ecto,gain,high,non-veg,low,19.1
SU002360,female,46,153.8,41.5,ecto,gain,med,veg,low,17.5
SU002361,male,48,163.7,52.6,ecto,gain,high,non-veg,high,19.6
SU002362,male,49,171.5,59.7,ecto,maintain,low,non-veg,high,20.3
SU002363,male,47,174.3,58.6,ecto,gain,med,non-veg,medium,19.3
SU002364,female,28,155.4,45.7,ecto,gain,med,non-veg,medium,18.9
SU002365,male,33,176.9,80.7,endo,maintain,low,non-veg,medium,25.8
SU002366,female,46,160.6,50.8,ecto,gain,med,veg,medium,19.7
SU002367,male,41,173.5,61.1,ecto,maintain,med,veg,high,20.3
SU002368,male,21,185.2,73.4,meso,maintain,med,non-veg,high,21.4
SU002369,male,44,176.6,67,meso,loss,high,veg,medium,21.5
SU002370,male,24,170.6,65,meso,loss,high,non-veg,medium,22.3
SU002371,male,39,179.6,62,ecto,gain,high,non-veg,low,19.2
SU002372,male,46,174.7,75.8,endo,gain,low,non-veg,medium,24.8
SU002373,male,47,163.7,53.2,ecto,gain,low,veg,high,19.9
SU002374,female,19,157.3,52,meso,maintain,low,veg,medium,21
SU002375,male,59,186.1,78.9,meso,maintain,med,veg,medium,22.8
SU002376,female,25,160.2,46.2,ecto,maintain,med,non-veg,low,18
SU002377,male,33,178.3,71.7,meso,gain,med,non-veg,high,22.6
SU002378,female,35,159.8,49.2,ecto,maintain,high,non-veg,medium,19.3
SU002379,female,18,163,49.1,ecto,gain,low,non-veg,high,18.5
SU002380,male,44,170.6,61.8,meso,maintain,med,non-veg,low,21.2
SU002381,male,29,173.9,67.2,meso,maintain,low,non-veg,high,22.2
SU002382,female,18,159.1,49.7,ecto,gain,med,veg,medium,19.6
SU002383,female,20,160.2,55.9,meso,maintain,low,non-veg,medium,21.8
SU002384,female,19,150.7,53.9,endo,maintain,high,non-veg,medium,23.7
SU002385,male,25,167.2,61.8,meso,maintain,med,non-veg,medium,22.1
SU002386,male,26,171.5,59.7,ecto,gain,low,non-veg,medium,20.3
SU002387,female,36,146.9,43.8,meso,gain,low,non-veg,medium,20.3
SU002388,male,21,173.3,78.8,endo,maintain,low,non-veg,low,26.2
SU002389,male,18,166.4,57.9,meso,maintain,med,non-veg,high,20.9
SU002390,male,55,169.4,67.6,endo,maintain,med,non-veg,medium,23.6
SU002391,female,43,152.7,45.2,meso,maintain,med,non-veg,medium,19.4
SU002392,female,51,167.5,55.4,ecto,maintain,med,non-veg,medium,19.7
SU002393,female,30,161.8,52.9,meso,loss,med,non-veg,medium,20.2
SU002394,male,36,174.6,59.7,ecto,gain,med,non-veg,medium,19.6
SU002395,male,37,171.1,62.2,meso,loss,med,non-veg,high,21.2
SU002396,male,51,164.3,65.5,endo,loss,med,veg,medium,24.3
SU002397,female,59,155.4,48.8,meso,loss,med,veg,high,20.2
SU002398,male,21,164,60,meso,gain,low,non-veg,low,22.3
SU002399,female,56,157.7,61.9,endo,gain,low,non-veg,medium,24.9
SU002400,male,59,169.9,66.8,endo,maintain,med,non-veg,high,23.1
SU002401,male,58,164.3,69.2,endo,loss,med,non-veg,low,25.6
SU002402,female,18,158.7,54,meso,maintain,med,veg,medium,21.4
SU002403,male,60,179,64,ecto,gain,med,veg,medium,20
SU002404,male,49,172.6,74.2,endo,maintain,low,veg,low,24.9
SU002405,male,27,170.6,63.6,meso,loss,high,non-veg,medium,21.9
SU002406,female,20,152.1,41.3,ecto,gain,med,non-veg,high,17.9
SU002407,female,53,160,56,meso,maintain,med,non-veg,low,21.9
SU002408,female,22,152.6,52,endo,maintain,high,non-veg,medium,22.3
SU002409,male,48,174.6,68.4,meso,gain,high,non-veg,high,22.4
SU002410,male,52,171.6,62.9,meso,maintain,low,non-veg,low,21.4
SU002411,male,53,180.6,77.2,endo,gain,med,veg,medium,23.7
SU002412,female,34,164.7,53,ecto,maintain,high,non-veg,medium,19.5
SU002413,female,21,149.2,45.6,meso,maintain,high,veg,medium,20.5
SU002414,female,37,153.4,43.7,ecto,gain,low,veg,high,18.6
SU002415,male,29,169.2,58.8,ecto,maintain,med,non-veg,medium,20.5
SU002416,male,50,174.2,65.3,meso,gain,high,non-veg,medium,21.5
SU002417,male,60,167.8,63.9,meso,maintain,med,veg,medium,22.7
SU002418,female,56,156.6,44,ecto,maintain,low,veg,high,17.9
SU002419,male,56,170,73.4,endo,maintain,low,non-veg,medium,25.4
SU002420,male,50,171.9,65.3,meso,loss,med,non-veg,high,22.1
SU002421,male,56,160.5,56.5,meso,loss,low,non-veg,high,21.9
SU002422,male,27,159.9,61.1,endo,maintain,med,veg,medium,23.9
SU002423,female,28,159.1,63.8,endo,maintain,low,non-veg,low,25.2
SU002424,male,27,170.7,57.1,ecto,gain,low,non-veg,medium,19.6
SU002425,female,35,147.6,40,ecto,gain,med,non-veg,low,18.4
SU002426,male,23,169.5,63.3,meso,maintain,low,non-veg,low,22
SU002427,male,54,161.8,48.3,ecto,maintain,high,non-veg,medium,18.4
SU002428,female,18,166.6,61.4,meso,maintain,high,veg,medium,22.1
SU002429,male,41,167.4,59.6,meso,maintain,med,non-veg,low,21.3
SU002430,female,33,163.9,49.2,ecto,gain,med,non-veg,low,18.3
SU002431,male,59,180.6,73.2,meso,maintain,low,veg,medium,22.4
SU002432,male,21,180.2,76,endo,maintain,low,veg,medium,23.4
SU002433,male,30,168.4,65.7,endo,maintain,med,non-veg,medium,23.2
SU002434,male,43,169.5,58.6,ecto,maintain,med,non-veg,low,20.4
SU002435,female,36,161.7,54.4,meso,maintain,low,veg,medium,20.8
SU002436,female,36,159.5,61.3,endo,loss,low,veg,medium,24.1
SU002437,female,40,158.9,55.6,meso,loss,med,veg,high,22
SU002438,male,56,177.3,73.6,endo,maintain,med,veg,medium,23.4
SU002439,female,18,164.8,49.7,ecto,loss,high,veg,medium,18.3
SU002440,female,58,165.8,51.5,ecto,gain,med,non-veg,low,18.7
SU002441,male,41,178.5,71.9,meso,maintain,low,non-veg,low,22.6
SU002442,male,45,172.2,64.6,meso,loss,low,non-veg,medium,21.8
SU002443,male,29,167.6,56,ecto,gain,low,veg,medium,19.9
SU002444,female,31,161.7,49.8,ecto,maintain,high,non-veg,high,19
SU002445,female,25,155.2,49.3,meso,maintain,med,non-veg,high,20.5
SU002446,female,43,154.4,47.7,meso,gain,med,non-veg,low,20
SU002447,female,34,155.3,51.1,meso,gain,med,non-veg,high,21.2
SU002448,female,48,164.8,68.3,endo,loss,low,veg,high,25.1
SU002449,male,28,174,61.3,ecto,maintain,med,non-veg,low,20.2
SU002450,male,26,169.3,54.2,ecto,gain,high,non-veg,medium,18.9
SU002451,male,38,177.7,65.4,ecto,maintain,low,non-veg,high,20.7
SU002452,female,28,158.7,51.4,meso,maintain,high,non-veg,high,20.4
SU002453,female,59,167.6,51.7,ecto,gain,low,non-veg,low,18.4
SU002454,male,32,177.1,82.9,endo,maintain,low,veg,low,26.4
SU002455,male,56,161,56.8,meso,maintain,low,non-veg,high,21.9
SU002456,female,39,161.2,49.2,ecto,gain,med,non-veg,medium,18.9
SU002457,male,30,168.2,59.8,meso,maintain,low,veg,high,21.1
SU002458,male,45,175,75.5,endo,maintain,med,veg,low,24.7
SU002459,male,22,160.9,56.1,meso,loss,med,non-veg,low,21.7
SU002460,female,18,168.2,54.2,ecto,maintain,med,veg,high,19.2
SU002461,female,26,161.3,52.7,meso,gain,low,non-veg,medium,20.3
SU002462,female,19,155.1,49.6,meso,maintain,high,non-veg,high,20.6
SU002463,female,26,166.2,58.1,meso,maintain,high,non-veg,medium,21
SU002464,female,58,169.7,68.4,endo,maintain,high,non-veg,high,23.8
SU002465,male,36,173.9,64.6,meso,maintain,low,non-veg,medium,21.4
SU002466,female,54,167.1,64.1,endo,maintain,med,non-veg,medium,23
SU002467,female,20,165.4,60.6,meso,loss,med,veg,medium,22.2
SU002468,female,45,154,42.6,ecto,maintain,low,non-veg,high,18
SU002469,male,24,172.8,61.4,ecto,loss,med,non-veg,high,20.6
SU002470,female,53,157.8,56,endo,maintain,low,veg,medium,22.5
SU002471,male,26,169.6,67.4,endo,gain,high,non-veg,high,23.4
SU002472,male,39,178.6,73.2,meso,maintain,med,non-veg,medium,22.9
SU002473,male,26,168.4,57.5,ecto,loss,med,non-veg,medium,20.3
SU002474,male,42,178.6,71.3,meso,maintain,high,veg,high,22.4
SU002475,female,47,159.8,54.8,meso,maintain,med,non-veg,high,21.5
SU002476,female,57,161.3,49.9,ecto,gain,med,non-veg,high,19.2
SU002477,female,27,157,44.1,ecto,gain,high,veg,medium,17.9
SU002478,male,24,170.5,63.5,meso,gain,med,veg,medium,21.8
SU002479,female,49,160.7,53.8,meso,gain,med,non-veg,medium,20.8
SU002480,male,34,159.5,53.2,meso,maintain,low,veg,medium,20.9
SU002481,female,51,156.6,54.3,endo,loss,low,veg,low,22.1
SU002482,female,37,163.1,50,ecto,maintain,med,non-veg,medium,18.8
SU002483,male,30,173.8,68.6,meso,gain,high,non-veg,low,22.7
SU002484,male,46,160.7,48.1,ecto,gain,low,veg,high,18.6
SU002485,male,31,171.1,64.7,meso,maintain,med,veg,high,22.1
SU002486,male,56,173.6,75.3,endo,maintain,low,veg,medium,25
SU002487,female,58,171.1,60,ecto,loss,med,non-veg,high,20.5
SU002488,female,39,153.8,55.3,endo,maintain,med,veg,medium,23.4
SU002489,female,38,160.1,64.8,endo,gain,med,non-veg,high,25.3
SU002490,male,54,165,59.5,meso,gain,med,non-veg,medium,21.9
SU002491,male,26,170.9,65.8,meso,loss,med,veg,medium,22.5
SU002492,male,23,180.6,72.7,meso,maintain,med,non-veg,low,22.3
SU002493,male,47,171.7,57.9,ecto,gain,low,veg,low,19.6
SU002494,female,41,151.1,46.1,meso,maintain,high,veg,medium,20.2
SU002495,female,51,165.6,60.8,meso,maintain,low,non-veg,high,22.2
SU002496,female,50,165.9,68.1,endo,loss,low,non-veg,low,24.7
SU002497,female,19,160.2,53.7,meso,maintain,med,non-veg,high,20.9
SU002498,male,24,168.4,66.3,endo,maintain,med,non-veg,medium,23.4
SU002499,male,41,178.3,61,ecto,gain,high,non-veg,high,19.2
SU002500,female,41,164,67.7,endo,gain,med,non-veg,medium,25.2
SU002501,male,33,165.3,53.3,ecto,gain,med,veg,medium,19.5
SU002502,male,32,174.2,68.7,meso,gain,high,veg,high,22.6
SU002503,female,35,156.4,59.4,endo,gain,med,non-veg,medium,24.3
SU002504,female,34,153.3,41.8,ecto,gain,med,non-veg,medium,17.8
SU002505,male,46,168.5,62,meso,maintain,med,veg,medium,21.8
SU002506,female,28,167.4,60.3,meso,loss,med,non-veg,medium,21.5
SU002507,male,27,164.5,62.5,endo,gain,med,non-veg,low,23.1
SU002508,male,58,167,64.2,endo,gain,med,non-veg,high,23
SU002509,female,59,171.1,67.3,endo,maintain,low,non-veg,high,23
SU002510,male,25,173.9,60.4,ecto,maintain,med,veg,high,20
SU002511,male,32,167.7,54.5,ecto,loss,med,non-veg,high,19.4
SU002512,female,20,153,47.8,meso,maintain,low,non-veg,medium,20.4
SU002513,male,30,172.2,62.9,meso,maintain,med,veg,medium,21.2
SU002514,male,24,174.8,66.1,meso,maintain,low,veg,high,21.6
SU002515,male,40,175.1,59.3,ecto,gain,low,non-veg,medium,19.3
SU002516,female,20,157,49.2,meso,maintain,high,non-veg,low,20
SU002517,female,21,170.5,65.7,meso,loss,med,non-veg,high,22.6
SU002518,female,25,158.5,53.2,meso,maintain,med,non-veg,high,21.2
SU002519,female,46,156.7,52.5,meso,maintain,med,non-veg,low,21.4
SU002520,female,50,156.1,43,ecto,gain,med,non-veg,high,17.6
SU002521,male,45,159.1,53.8,meso,maintain,med,veg,low,21.3
SU002522,female,50,165.9,58.5,meso,maintain,high,non-veg,high,21.3
SU002523,male,56,156.7,59.5,endo,loss,med,non-veg,low,24.2
SU002524,male,26,171.1,65.1,meso,maintain,low,non-veg,high,22.2
SU002525,male,32,177,64,ecto,maintain,low,non-veg,high,20.4
SU002526,female,42,162.3,49.8,ecto,gain,med,veg,medium,18.9
SU002527,female,42,151.6,43.8,ecto,gain,low,non-veg,medium,19.1
SU002528,male,45,169.6,54.3,ecto,gain,low,veg,low,18.9
SU002529,male,43,176.3,70.5,meso,maintain,low,non-veg,medium,22.7
SU002530,female,42,160,52.4,meso,maintain,low,non-veg,high,20.5
SU002531,female,36,164.3,53,ecto,gain,high,non-veg,high,19.6
SU002532,male,19,176.3,81.7,endo,loss,med,non-veg,medium,26.3
SU002533,female,29,167.1,57.3,ecto,maintain,high,non-veg,medium,20.5
SU002534,male,18,178.9,61.6,ecto,gain,low,non-veg,low,19.2
SU002535,male,26,173.5,74.9,endo,loss,high,veg,medium,24.9
SU002536,male,46,180.1,82.4,endo,loss,med,non-veg,medium,25.4
SU002537,female,46,156,48.1,meso,maintain,low,non-veg,medium,19.8
SU002538,male,40,174.7,63.1,ecto,loss,low,non-veg,medium,20.7
SU002539,female,21,161.5,51.4,ecto,maintain,med,non-veg,low,19.7
SU002540,female,57,167.6,60.8,meso,maintain,med,non-veg,medium,21.6
SU002541,female,23,162.9,50,ecto,gain,low,veg,high,18.8
SU002542,female,39,149.4,42.1,ecto,gain,med,veg,high,18.9
SU002543,female,53,155.4,51.2,meso,gain,low,non-veg,medium,21.2
SU002544,male,34,169.8,69.4,endo,maintain,low,non-veg,medium,24.1
SU002545,male,27,165.4,60.7,meso,loss,low,non-veg,medium,22.2
SU002546,male,18,170.9,58.4,ecto,gain,med,veg,medium,20
SU002547,male,21,170.7,66.6,meso,loss,high,non-veg,low,22.9
SU002548,male,55,164.7,52.3,ecto,gain,low,veg,low,19.3
SU002549,male,18,167.4,60.8,meso,maintain,med,non-veg,low,21.7
SU002550,male,39,168,71.9,endo,loss,high,non-veg,medium,25.5
SU002551,female,55,163.5,58.6,meso,loss,low,non-veg,low,21.9
SU002552,male,21,170.7,56.2,ecto,gain,low,non-veg,medium,19.3
SU002553,female,19,164.1,55.7,meso,maintain,high,veg,medium,20.7
SU002554,female,20,162.8,48.8,ecto,maintain,low,veg,medium,18.4
SU002555,female,45,162.1,59,endo,gain,low,non-veg,low,22.5
SU002556,male,55,174.4,61.3,ecto,loss,med,veg,medium,20.2
SU002557,male,22,168.5,56.4,ecto,maintain,low,non-veg,low,19.9
SU002558,female,25,158.2,61.5,endo,maintain,low,non-veg,medium,24.6
SU002559,female,39,162.7,50.4,ecto,loss,low,non-veg,medium,19
SU002560,female,55,152.2,48.1,meso,maintain,med,veg,high,20.8
SU002561,female,33,163,57.6,meso,maintain,med,non-veg,medium,21.7
SU002562,female,29,156.7,48.9,meso,gain,high,non-veg,high,19.9
SU002563,female,43,160.5,52.6,meso,maintain,low,non-veg,medium,20.4
SU002564,male,57,166.1,71.3,endo,loss,med,veg,medium,25.8
SU002565,female,55,172.9,64.9,meso,maintain,low,non-veg,high,21.7
SU002566,male,39,167.7,52.6,ecto,gain,med,non-veg,high,18.7
SU002567,female,33,149.6,40,ecto,maintain,low,non-veg,high,17.9
SU002568,female,23,168.8,58.5,ecto,maintain,med,non-veg,high,20.5
SU002569,male,38,165.6,54.2,ecto,loss,high,veg,medium,19.8
SU002570,male,43,172,63.1,meso,maintain,low,non-veg,medium,21.3
SU002571,male,44,182.3,66.8,ecto,loss,high,non-veg,medium,20.1
SU002572,female,23,167.6,54,ecto,gain,low,non-veg,medium,19.2
SU002573,male,18,184.6,80.1,endo,gain,low,non-veg,high,23.5
SU002574,female,35,156.7,50.5,meso,loss,low,non-veg,high,20.6
SU002575,female,46,150,43.5,meso,gain,low,veg,low,19.3
SU002576,female,40,154.7,55,endo,maintain,low,non-veg,medium,23
SU002577,female,18,167.8,53,ecto,gain,high,veg,high,18.8
SU002578,female,36,164.3,55.1,meso,maintain,low,non-veg,high,20.4
SU002579,male,31,176.3,70.6,meso,loss,med,veg,high,22.7
SU002580,female,33,163.5,54.7,meso,loss,low,non-veg,high,20.5
SU002581,female,35,164.7,51.1,ecto,gain,high,non-veg,medium,18.8
SU002582,female,20,145.7,43.6,endo,loss,med,non-veg,low,20.5
SU002583,female,49,165.1,61.4,meso,maintain,low,non-veg,high,22.5
SU002584,male,19,175.3,63.8,ecto,loss,low,non-veg,low,20.8
SU002585,female,44,172,73.9,endo,loss,med,non-veg,low,25
SU002586,male,25,169.3,74.2,endo,maintain,med,veg,high,25.9
SU002587,female,27,157.4,59.4,endo,maintain,low,veg,medium,24
SU002588,male,31,164.7,62,endo,maintain,med,veg,high,22.9
SU002589,male,49,166.3,55.6,ecto,gain,high,non-veg,low,20.1
SU002590,female,47,147.5,44.1,meso,loss,low,non-veg,medium,20.3
SU002591,male,25,176.5,63.3,ecto,maintain,med,non-veg,medium,20.3
SU002592,male,45,177.2,69,meso,maintain,med,non-veg,medium,22
SU002593,male,53,169.8,75.3,endo,loss,low,non-veg,medium,26.1
SU002594,female,28,158.1,44.8,ecto,maintain,low,veg,high,17.9
SU002595,female,31,160.9,55.1,meso,maintain,med,non-veg,high,21.3
SU002596,female,28,162,66.1,endo,loss,low,non-veg,high,25.2
SU002597,female,36,151,44.8,meso,gain,high,non-veg,medium,19.6
SU002598,female,45,157.5,50.3,meso,loss,low,non-veg,high,20.3
SU002599,female,24,154.9,48.9,meso,maintain,med,non-veg,medium,20.4
SU002600,female,27,167.2,65,endo,maintain,low,non-veg,low,23.3
SU002601,female,43,158.7,54.7,meso,maintain,low,non-veg,medium,21.7
SU002602,female,25,157.9,62.1,endo,maintain,low,non-veg,medium,24.9
SU002603,male,34,172.4,59.5,ecto,gain,med,non-veg,high,20
SU002604,female,52,159.7,51.5,meso,loss,med,non-veg,high,20.2
SU002605,male,18,165.7,57.1,meso,loss,low,non-veg,low,20.8
SU002606,male,29,180.6,64,ecto,maintain,low,veg,medium,19.6
SU002607,male,40,180.1,81.7,endo,maintain,med,veg,low,25.2
SU002608,male,32,177.3,68.5,meso,loss,med,non-veg,high,21.8
SU002609,female,30,160.7,52.7,meso,maintain,med,non-veg,low,20.4
SU002610,female,36,152.7,42.9,ecto,loss,med,non-veg,high,18.4
SU002611,female,51,165,53.4,ecto,gain,low,non-veg,high,19.6
SU002612,female,33,160.8,56.1,meso,maintain,med,non-veg,low,21.7
SU002613,male,59,171.1,57.9,ecto,maintain,med,non-veg,medium,19.8
SU002614,male,19,163.6,58.1,meso,gain,med,non-veg,high,21.7
SU002615,male,47,175.7,70.9,meso,maintain,med,non-veg,low,23
SU002616,male,43,164.5,60.7,meso,gain,low,non-veg,medium,22.4
SU002617,female,55,164.9,55.5,meso,maintain,med,veg,high,20.4
SU002618,female,54,171.7,65.3,meso,maintain,med,non-veg,low,22.1
SU002619,male,42,173,58.3,ecto,gain,low,veg,medium,19.5
SU002620,male,43,182,75,meso,loss,med,veg,low,22.6
SU002621,male,26,170.6,61.4,meso,maintain,med,non-veg,low,21.1
SU002622,female,36,151.8,40.5,ecto,gain,med,non-veg,high,17.6
SU002623,male,52,174.3,56.9,ecto,loss,low,non-veg,high,18.7
SU002624,male,47,176.5,71.9,meso,maintain,low,non-veg,medium,23.1
SU002625,male,38,177.3,71.9,meso,maintain,low,veg,high,22.9
SU002626,female,18,157.4,47.9,ecto,maintain,low,non-veg,low,19.3
SU002627,male,57,172.4,74.7,endo,gain,med,veg,low,25.1
SU002628,male,51,174.5,67.7,meso,maintain,low,veg,high,22.2
SU002629,male,46,172.7,56.2,ecto,gain,med,non-veg,medium,18.8
SU002630,male,25,170.8,64.4,meso,maintain,low,veg,medium,22.1
SU002631,male,43,174.5,60.9,ecto,gain,low,non-veg,low,20
SU002632,female,52,171.2,71.3,endo,maintain,high,veg,low,24.3
SU002633,male,24,165.1,59.2,meso,loss,med,veg,medium,21.7
SU002634,male,29,172.5,63.2,meso,maintain,med,non-veg,medium,21.2
SU002635,female,49,166.6,56.9,ecto,maintain,med,non-veg,medium,20.5
SU002636,male,32,172.1,56.6,ecto,gain,med,veg,high,19.1
SU002637,male,42,176.8,67.7,meso,maintain,med,non-veg,medium,21.7
SU002638,male,46,174.5,59.3,ecto,gain,med,non-veg,high,19.5
SU002639,male,23,170.1,61.1,meso,maintain,high,non-veg,medium,21.1
SU002640,female,22,160.9,50.4,ecto,maintain,med,veg,low,19.5
SU002641,male,44,172.2,64.3,meso,maintain,med,non-veg,low,21.7
SU002642,female,19,169,60.5,meso,loss,high,non-veg,low,21.2
SU002643,female,25,163,55.5,meso,maintain,med,veg,low,20.9
SU002644,female,32,153.4,52.7,endo,loss,low,veg,low,22.4
SU002645,male,33,159.3,51.5,meso,loss,low,non-veg,medium,20.3
SU002646,male,31,168.9,58,ecto,maintain,med,non-veg,medium,20.3
SU002647,male,26,164.4,67.8,endo,maintain,med,non-veg,medium,25.1
SU002648,female,54,160.4,47,ecto,maintain,high,non-veg,high,18.3
SU002649,female,60,155.5,55.7,endo,gain,high,non-veg,low,23
SU002650,male,41,174.2,63,ecto,loss,low,veg,medium,20.8
SU002651,male,49,166.9,66.9,endo,maintain,med,non-veg,high,24
SU002652,female,55,164.4,59.2,meso,maintain,low,non-veg,medium,21.9
SU002653,male,37,177.3,68.4,meso,maintain,low,veg,medium,21.8
SU002654,female,25,165.6,54.7,ecto,gain,med,non-veg,high,19.9
SU002655,female,29,150.3,44.2,meso,gain,low,veg,low,19.6
SU002656,male,22,175.8,60.5,ecto,loss,low,non-veg,high,19.6
SU002657,male,30,180.5,66.9,ecto,loss,med,non-veg,high,20.5
SU002658,female,49,156.3,52.5,meso,maintain,med,non-veg,medium,21.5
SU002659,male,47,170,58.8,ecto,gain,low,non-veg,low,20.3
SU002660,male,33,179.4,67.3,ecto,maintain,med,non-veg,medium,20.9
SU002661,female,38,154.3,43.6,ecto,maintain,high,non-veg,high,18.3
SU002662,male,51,174,68.6,meso,loss,low,veg,low,22.7
SU002663,male,51,173.8,57.8,ecto,gain,high,veg,high,19.1
SU002664,male,45,160,60.8,endo,gain,med,non-veg,high,23.7
SU002665,female,49,165.1,57.2,meso,gain,med,non-veg,medium,21
SU002666,female,56,153.1,43.4,ecto,gain,med,non-veg,medium,18.5
SU002667,male,30,168.2,52.4,ecto,gain,med,non-veg,low,18.5
SU002668,male,22,170.4,58.8,ecto,maintain,low,non-veg,medium,20.3
SU002669,male,52,165.8,62.5,endo,maintain,low,non-veg,medium,22.7
SU002670,male,21,164.6,54.6,ecto,maintain,low,veg,medium,20.2
SU002671,male,39,173.1,58,ecto,gain,med,veg,medium,19.4
SU002672,male,20,177.1,68.1,meso,maintain,low,non-veg,medium,21.7
SU002673,male,49,173.5,78.3,endo,maintain,med,veg,low,26
SU002674,male,43,171.3,72,endo,loss,med,non-veg,high,24.5
SU002675,male,24,174.9,67.9,meso,maintain,high,non-veg,high,22.2
SU002676,female,46,159.6,51.8,meso,loss,med,non-veg,medium,20.3
SU002677,male,38,174.1,75.4,endo,maintain,low,non-veg,low,24.9
SU002678,female,38,165.2,57.2,meso,loss,low,non-veg,medium,21
SU002679,male,36,173.2,59.6,ecto,maintain,med,veg,medium,19.9
SU002680,female,52,153.2,56.5,endo,loss,high,non-veg,medium,24.1
SU002681,male,18,165.3,52.2,ecto,gain,med,veg,high,19.1
SU002682,male,34,173.6,64,meso,loss,med,non-veg,high,21.2
SU002683,female,37,165.9,56.4,meso,gain,high,veg,medium,20.5
SU002684,female,26,147,45.8,endo,gain,high,non-veg,high,21.2
SU002685,male,48,181.2,82.2,endo,loss,med,non-veg,high,25
SU002686,male,48,180.2,69,meso,maintain,high,veg,high,21.2
SU002687,male,27,175.1,60.8,ecto,gain,high,non-veg,medium,19.8
SU002688,male,40,180.4,75.9,meso,loss,med,non-veg,medium,23.3
SU002689,female,25,158.4,54,meso,maintain,med,non-veg,medium,21.5
SU002690,female,44,153.8,45.3,ecto,maintain,med,non-veg,medium,19.2
SU002691,female,19,167.7,57.8,ecto,maintain,med,veg,high,20.6
SU002692,female,30,147.8,50.6,endo,maintain,med,non-veg,low,23.2
SU002693,female,33,158.1,58.2,endo,maintain,med,non-veg,medium,23.3
SU002694,female,49,168.7,65.3,endo,maintain,med,veg,high,22.9
SU002695,male,22,168.8,61,meso,maintain,high,veg,low,21.4
SU002696,male,60,171.9,58.6,ecto,gain,med,veg,medium,19.8
SU002697,male,38,175.3,59.5,ecto,gain,med,veg,medium,19.4
SU002698,male,34,174.1,69.9,meso,maintain,high,non-veg,high,23.1
SU002699,female,33,168.8,72.6,endo,maintain,low,veg,high,25.5
SU002700,female,27,157.1,60.6,endo,maintain,low,non-veg,medium,24.6
SU002701,male,49,178.6,68.2,meso,maintain,low,veg,low,21.4
SU002702,male,23,165.9,59.8,meso,maintain,med,non-veg,medium,21.7
SU002703,female,35,154.4,45.9,ecto,gain,low,non-veg,medium,19.3
SU002704,male,33,164.1,58.2,meso,maintain,med,non-veg,low,21.6
SU002705,male,18,164,50.3,ecto,gain,low,non-veg,medium,18.7
SU002706,male,18,170.7,68.4,endo,maintain,low,non-veg,high,23.5
SU002707,male,39,168.9,63.2,meso,maintain,low,veg,high,22.2
SU002708,male,21,169.8,66.8,endo,maintain,med,non-veg,medium,23.2
SU002709,female,28,162.1,56.6,meso,maintain,med,non-veg,high,21.5
SU002710,female,54,162.5,56,meso,loss,med,non-veg,medium,21.2
SU002711,female,32,155.6,43.6,ecto,gain,high,non-veg,low,18
SU002712,male,18,178.2,80.4,endo,maintain,med,non-veg,medium,25.3
SU002713,male,24,168.1,64.4,meso,maintain,high,non-veg,low,22.8
SU002714,female,59,162.1,50.1,ecto,gain,med,non-veg,medium,19.1
SU002715,female,48,165.9,57.8,meso,maintain,high,non-veg,medium,21
SU002716,female,19,158.4,45.5,ecto,gain,med,non-veg,high,18.1
SU002717,male,55,171.7,59.3,ecto,loss,med,non-veg,medium,20.1
SU002718,female,23,159.2,63.2,endo,maintain,high,veg,low,24.9
SU002719,male,47,176.2,62.5,ecto,maintain,med,non-veg,medium,20.1
SU002720,male,45,175.3,68.1,meso,loss,med,non-veg,medium,22.2
SU002721,female,52,162.8,50.6,ecto,gain,low,veg,high,19.1
SU002722,female,39,158.8,51,meso,gain,med,non-veg,high,20.2
SU002723,female,43,172.4,65.3,meso,loss,low,non-veg,low,22
SU002724,female,20,170.8,58.3,ecto,gain,med,veg,medium,20
SU002725,female,53,154,56.6,endo,maintain,med,non-veg,high,23.9
SU002726,male,25,165.9,54.2,ecto,maintain,high,veg,low,19.7
SU002727,male,49,168.6,58.6,ecto,loss,med,non-veg,medium,20.6
SU002728,male,44,167.7,58.9,meso,loss,high,non-veg,low,20.9
SU002729,female,58,167.2,54,ecto,maintain,high,non-veg,high,19.3
SU002730,female,41,155.1,42.3,ecto,gain,high,non-veg,medium,17.6
SU002731,female,23,165.6,65.6,endo,maintain,med,veg,high,23.9
SU002732,female,34,158.6,46.7,ecto,maintain,med,non-veg,high,18.6
SU002733,female,32,173,60.2,ecto,maintain,med,veg,medium,20.1
SU002734,male,60,162.1,57.2,meso,loss,low,veg,medium,21.8
SU002735,female,59,153.6,47.7,meso,maintain,med,veg,medium,20.2
SU002736,female,33,160.2,48.9,ecto,loss,high,non-veg,medium,19.1
SU002737,female,33,151.9,42.7,ecto,maintain,high,non-veg,high,18.5
SU002738,female,56,156.7,52.2,meso,maintain,high,veg,low,21.3
SU002739,male,41,162.5,59.1,endo,maintain,low,veg,medium,22.4
SU002740,female,29,162.2,64.6,endo,maintain,med,non-veg,medium,24.6
SU002741,female,27,155.2,57.3,endo,loss,med,veg,high,23.8
SU002742,male,22,179,67.8,meso,loss,low,non-veg,low,21.2
SU002743,male,37,169.9,74.4,endo,loss,low,veg,medium,25.8
SU002744,female,56,165.1,51.1,ecto,gain,med,non-veg,low,18.7
SU002745,female,30,160.4,46.4,ecto,gain,med,non-veg,low,18
SU002746,male,43,177.6,69.4,meso,maintain,high,non-veg,low,22
SU002747,male,60,164.5,59.1,meso,maintain,med,non-veg,medium,21.8
SU002748,female,23,158.6,49.2,ecto,gain,med,non-veg,high,19.6
SU002749,male,38,174.5,61.6,ecto,maintain,med,non-veg,medium,20.2
SU002750,male,44,167.4,52.8,ecto,gain,low,non-veg,medium,18.8
SU002751,female,24,144.8,46.6,endo,maintain,low,veg,medium,22.2
SU002752,male,45,174.4,58.6,ecto,maintain,low,non-veg,low,19.3
SU002753,female,43,160.8,48.9,ecto,loss,med,non-veg,medium,18.9
SU002754,male,57,180.1,68.9,meso,maintain,high,non-veg,medium,21.2
SU002755,female,57,155.7,56,endo,maintain,med,non-veg,low,23.1
SU002756,male,29,163.4,64.4,endo,maintain,low,non-veg,high,24.1
SU002757,male,37,173.9,67.3,meso,loss,high,veg,medium,22.3
SU002758,female,41,162.7,49.3,ecto,maintain,med,non-veg,high,18.6
SU002759,male,48,169.8,61.7,meso,maintain,med,non-veg,low,21.4
SU002760,female,58,158.2,47.9,ecto,maintain,high,non-veg,high,19.1
SU002761,female,32,169.4,70.1,endo,loss,low,veg,medium,24.4
SU002762,male,38,186.1,73.1,ecto,maintain,low,non-veg,high,21.1
SU002763,female,39,164.8,67.3,endo,loss,high,veg,low,24.8
SU002764,male,50,176.1,68.8,meso,maintain,high,veg,low,22.2
SU002765,male,38,172.8,66,meso,maintain,med,non-veg,medium,22.1
SU002766,female,18,154.4,50.6,meso,loss,low,non-veg,high,21.2
SU002767,male,21,182.4,65.8,ecto,gain,low,veg,high,19.8
SU002768,male,53,172.4,63.9,meso,maintain,med,non-veg,high,21.5
SU002769,male,28,172.8,64,meso,maintain,med,non-veg,medium,21.4
SU002770,male,35,182.4,71,meso,maintain,med,non-veg,medium,21.3
SU002771,male,33,172.3,69.6,endo,loss,med,veg,low,23.4
SU002772,male,38,179.6,63.1,ecto,maintain,low,non-veg,low,19.6
SU002773,male,33,179.4,69.3,meso,maintain,med,non-veg,low,21.5
SU002774,female,51,161.5,47.1,ecto,gain,med,non-veg,medium,18.1
SU002775,male,59,181.9,84,endo,maintain,med,veg,medium,25.4
SU002776,female,45,160.8,53.4,meso,maintain,low,veg,low,20.7
SU002777,male,48,164.9,68.3,endo,maintain,med,non-veg,medium,25.1
SU002778,female,24,168,52.7,ecto,gain,med,non-veg,low,18.7
SU002779,male,57,166,54.2,ecto,maintain,med,non-veg,high,19.7
SU002780,female,25,163.3,56.6,meso,maintain,med,non-veg,low,21.2
SU002781,male,50,170.3,64.8,meso,maintain,med,non-veg,low,22.3
SU002782,female,46,162.3,55.8,meso,loss,high,non-veg,medium,21.2
SU002783,female,36,154.7,58.7,endo,maintain,low,non-veg,low,24.5
SU002784,male,37,164.1,50.2,ecto,maintain,med,non-veg,medium,18.6
SU002785,female,25,164.1,51.2,ecto,maintain,med,non-veg,medium,19
SU002786,male,25,179.9,75,meso,maintain,high,non-veg,low,23.2
SU002787,male,34,165.1,55.8,meso,maintain,med,non-veg,medium,20.5
SU002788,male,18,171.5,58.9,ecto,gain,med,non-veg,medium,20
SU002789,male,23,173.7,79.1,endo,loss,med,veg,high,26.2
SU002790,male,48,162.8,59.7,endo,maintain,med,non-veg,medium,22.5
SU002791,female,27,163.8,57.5,meso,loss,low,non-veg,low,21.4
SU002792,male,46,177.7,72.4,meso,maintain,med,non-veg,medium,22.9
SU002793,female,51,163.4,55.8,meso,maintain,med,non-veg,medium,20.9
SU002794,male,38,166.1,52.2,ecto,gain,high,veg,low,18.9
SU002795,female,44,171.4,67.3,meso,maintain,med,non-veg,medium,22.9
SU002796,female,31,168.5,61.1,meso,loss,med,non-veg,high,21.5
SU002797,female,30,163.3,61.3,endo,gain,low,non-veg,high,23
SU002798,female,24,154.3,49.2,meso,loss,low,non-veg,medium,20.7
SU002799,male,51,179,84.7,endo,maintain,med,non-veg,high,26.4
SU002800,male,31,174.4,66,meso,maintain,low,veg,high,21.7
SU002801,male,25,180.3,69.2,meso,maintain,high,non-veg,medium,21.3
SU002802,female,35,167.9,63.1,meso,loss,med,veg,medium,22.4
SU002803,male,56,173.5,68.8,meso,maintain,low,non-veg,medium,22.9
SU002804,male,56,181.1,86,endo,gain,med,non-veg,low,26.2
SU002805,male,56,168.5,60.2,meso,maintain,low,veg,high,21.2
SU002806,male,38,177.4,72.5,meso,maintain,high,non-veg,high,23
SU002807,female,44,161.6,65,endo,loss,high,veg,high,24.9
SU002808,female,32,163.5,58.4,meso,maintain,low,veg,high,21.8
SU002809,female,32,170.3,56.8,ecto,maintain,med,non-veg,medium,19.6
SU002810,female,57,160.6,51.1,ecto,gain,med,non-veg,medium,19.8
SU002811,female,26,150.8,46.6,meso,maintain,high,veg,high,20.5
SU002812,male,39,164.3,55.3,meso,gain,med,veg,medium,20.5
SU002813,male,57,176.5,67,meso,maintain,high,non-veg,medium,21.5
SU002814,male,29,177.2,72.5,meso,loss,med,non-veg,high,23.1
SU002815,male,21,167,57.9,meso,maintain,high,veg,low,20.8
SU002816,female,36,171.9,56.8,ecto,gain,low,non-veg,high,19.2
SU002817,male,28,170.3,62.7,meso,maintain,low,non-veg,medium,21.6
SU002818,male,25,167.1,59.9,meso,maintain,med,non-veg,high,21.5
SU002819,female,24,163.6,54.6,meso,maintain,med,non-veg,medium,20.4
SU002820,male,37,173.6,74.6,endo,maintain,high,non-veg,medium,24.8
SU002821,female,22,157.8,50.8,meso,maintain,high,veg,medium,20.4
SU002822,male,20,176.8,68.6,meso,maintain,low,non-veg,high,21.9
SU002823,female,56,154.2,41.9,ecto,maintain,low,veg,low,17.6
SU002824,male,56,177.2,68.1,meso,maintain,high,non-veg,high,21.7
SU002825,male,36,171.5,59.9,ecto,maintain,med,veg,high,20.4
SU002826,male,33,175.9,61.6,ecto,gain,med,veg,high,19.9
SU002827,female,20,157.9,50.5,meso,gain,med,non-veg,medium,20.3
SU002828,male,53,181.5,75.7,meso,maintain,low,veg,medium,23
SU002829,female,28,166.3,68.1,endo,gain,high,non-veg,high,24.6
SU002830,female,58,143.2,45.9,endo,maintain,low,non-veg,high,22.4
SU002831,female,31,166.4,61.5,meso,maintain,low,non-veg,medium,22.2
SU002832,male,20,173.8,74.9,endo,maintain,med,veg,low,24.8
SU002833,female,36,166.2,60.1,meso,maintain,med,non-veg,medium,21.8
SU002834,female,47,158.5,48.2,ecto,gain,med,non-veg,high,19.2
SU002835,female,55,173.5,57.6,ecto,gain,high,non-veg,high,19.1
SU002836,female,24,167.5,59.7,meso,maintain,med,non-veg,medium,21.3
SU002837,male,52,167,60.7,meso,maintain,med,veg,low,21.8
SU002838,male,31,172.3,59.4,ecto,gain,low,non-veg,medium,20
SU002839,female,19,165.4,65.4,endo,gain,high,veg,high,23.9
SU002840,male,49,172.6,63.8,meso,loss,low,non-veg,high,21.4
SU002841,female,22,161,57.4,meso,maintain,med,non-veg,high,22.1
SU002842,female,21,157.1,59.4,endo,maintain,med,veg,medium,24.1
SU002843,male,42,163.4,64.4,endo,maintain,low,non-veg,low,24.1
SU002844,male,44,177.3,78.4,endo,loss,high,non-veg,low,24.9
SU002845,male,19,168.1,73.3,endo,maintain,high,veg,medium,25.9
SU002846,male,18,175.8,80.9,endo,gain,med,non-veg,medium,26.2
SU002847,female,47,155.3,47.5,meso,maintain,med,non-veg,high,19.7
SU002848,female,31,164,51.3,ecto,gain,med,veg,medium,19.1
SU002849,female,33,161.1,49.1,ecto,gain,med,non-veg,low,18.9
SU002850,male,46,178.4,83.2,endo,maintain,high,non-veg,medium,26.1
SU002851,female,29,155.1,47.3,meso,gain,high,non-veg,high,19.7
SU002852,female,49,161.8,48.8,ecto,maintain,med,non-veg,medium,18.6
SU002853,male,36,175.7,79.5,endo,gain,med,veg,medium,25.8
SU002854,male,33,181.3,71.4,meso,loss,med,non-veg,medium,21.7
SU002855,female,44,159.3,54.7,meso,maintain,low,non-veg,medium,21.6
SU002856,male,21,174.3,67.3,meso,maintain,low,veg,high,22.2
SU002857,male,44,170.8,62.1,meso,gain,med,non-veg,low,21.3
SU002858,female,59,164.5,56.3,meso,maintain,med,veg,low,20.8
SU002859,female,45,175.1,73.6,endo,loss,med,non-veg,medium,24
SU002860,male,22,173.3,60.4,ecto,maintain,low,veg,high,20.1
SU002861,male,23,167.8,58.5,meso,maintain,med,non-veg,medium,20.8
SU002862,female,50,163.1,50.7,ecto,maintain,high,non-veg,medium,19.1
SU002863,female,48,154.2,46.3,meso,gain,high,non-veg,high,19.5
SU002864,female,43,163.8,55.4,meso,maintain,high,non-veg,medium,20.6
SU002865,female,26,151.8,45.6,meso,maintain,low,non-veg,medium,19.8
SU002866,male,32,170.6,59.8,ecto,gain,low,non-veg,medium,20.5
SU002867,female,35,161.9,59,endo,loss,med,non-veg,medium,22.5
SU002868,male,52,170.9,62.1,meso,maintain,low,non-veg,medium,21.3
SU002869,male,34,170.4,61,meso,loss,med,veg,medium,21
SU002870,female,36,164.9,55,ecto,loss,high,non-veg,medium,20.2
SU002871,female,59,155.8,44.8,ecto,maintain,med,veg,high,18.5
SU002872,female,48,150.8,43.8,meso,gain,low,non-veg,high,19.3
SU002873,male,27,167.4,62.6,meso,maintain,med,veg,high,22.3
SU002874,female,58,162.6,52.8,ecto,gain,low,non-veg,medium,20
SU002875,male,54,185.8,77.7,meso,maintain,med,non-veg,high,22.5
SU002876,female,51,152,54.5,endo,loss,high,veg,medium,23.6
SU002877,male,24,162.9,54,meso,loss,low,non-veg,medium,20.3
SU002878,male,52,169.2,57.3,ecto,gain,low,non-veg,medium,20
SU002879,male,37,160.8,65.5,endo,maintain,low,non-veg,medium,25.3
SU002880,male,29,174.6,57.7,ecto,maintain,low,non-veg,low,18.9
SU002881,female,23,160.7,46.8,ecto,maintain,low,non-veg,medium,18.1
SU002882,male,21,173.9,76.5,endo,loss,low,non-veg,medium,25.3
SU002883,male,57,169.3,69.8,endo,maintain,med,non-veg,medium,24.4
SU002884,female,33,155.5,51.4,meso,maintain,low,non-veg,medium,21.3
SU002885,male,56,167.5,58.1,meso,maintain,low,non-veg,high,20.7
SU002886,male,57,168.8,73.6,endo,maintain,high,veg,high,25.8
SU002887,female,57,157.8,44.9,ecto,gain,low,non-veg,high,18
SU002888,male,25,165,56.5,meso,loss,low,non-veg,high,20.8
SU002889,female,40,152.3,56.2,endo,loss,med,non-veg,medium,24.2
SU002890,male,58,164.9,49.7,ecto,maintain,med,non-veg,low,18.3
SU002891,male,26,170.1,60.8,meso,maintain,med,non-veg,high,21
SU002892,male,30,174.5,63.1,ecto,maintain,low,non-veg,medium,20.7
SU002893,female,57,163.1,55.9,meso,maintain,low,non-veg,medium,21
SU002894,male,20,170.8,60.6,meso,gain,high,non-veg,high,20.8
SU002895,female,19,163.5,60.1,endo,maintain,low,non-veg,low,22.5
SU002896,female,48,158.5,49.8,ecto,loss,high,non-veg,high,19.8
SU002897,male,34,169.1,71.7,endo,loss,med,non-veg,medium,25.1
SU002898,male,42,177.2,69.6,meso,maintain,high,non-veg,low,22.2
SU002899,female,42,161.1,54.4,meso,gain,med,non-veg,medium,21
SU002900,female,59,157.9,44.8,ecto,maintain,high,non-veg,low,18
SU002901,male,53,168.7,64.2,meso,maintain,high,non-veg,medium,22.6
SU002902,male,31,166.4,58.3,meso,gain,low,veg,high,21.1
SU002903,female,33,151.5,45.2,meso,gain,high,non-veg,medium,19.7
SU002904,male,41,166.7,56.3,ecto,gain,med,non-veg,medium,20.3
SU002905,female,48,166.8,54.1,ecto,gain,low,non-veg,high,19.4
SU002906,female,50,166.9,67,endo,maintain,med,non-veg,high,24.1
SU002907,female,60,155.4,46.7,ecto,maintain,high,non-veg,medium,19.3
SU002908,male,52,164.5,63,endo,loss,med,veg,low,23.3
SU002909,female,50,163.4,56.5,meso,maintain,med,non-veg,medium,21.2
SU002910,male,57,166,71,endo,maintain,low,non-veg,low,25.8
SU002911,female,54,166,61.7,meso,maintain,low,veg,medium,22.4
SU002912,female,56,163.3,57.2,meso,maintain,high,non-veg,medium,21.4
SU002913,female,23,150.6,54.1,endo,maintain,low,non-veg,high,23.9
SU002914,female,25,168.2,68.4,endo,maintain,med,non-veg,medium,24.2
SU002915,female,57,156.7,49.1,meso,gain,med,veg,medium,20
SU002916,female,33,156,54.5,endo,maintain,low,non-veg,medium,22.4
SU002917,male,21,172.3,73,endo,maintain,med,veg,low,24.6
SU002918,male,35,166.7,52.3,ecto,gain,med,non-veg,high,18.8
SU002919,male,48,171.8,61.7,meso,loss,med,non-veg,medium,20.9
SU002920,male,35,180.7,62.3,ecto,gain,low,non-veg,medium,19.1
SU002921,male,46,178.9,74.1,meso,maintain,med,non-veg,medium,23.2
SU002922,female,44,159.4,56.5,endo,gain,low,non-veg,high,22.2
SU002923,female,35,158.1,57.5,endo,loss,high,non-veg,high,23
SU002924,female,57,160.1,55.8,meso,maintain,low,non-veg,high,21.8
SU002925,female,58,161.2,65.1,endo,maintain,low,non-veg,high,25.1
SU002926,female,59,162.2,63,endo,maintain,low,veg,low,23.9
SU002927,female,53,161.7,49.4,ecto,gain,high,non-veg,medium,18.9
SU002928,female,36,168,58.3,meso,maintain,low,non-veg,high,20.7
SU002929,female,23,158.3,52.4,meso,maintain,high,non-veg,high,20.9
SU002930,male,54,170.6,65.4,meso,maintain,low,veg,medium,22.5
SU002931,male,45,172.5,74.8,endo,maintain,med,veg,high,25.1
SU002932,female,35,152.8,49.4,meso,maintain,med,non-veg,medium,21.2
SU002933,female,38,156.7,53.5,meso,maintain,med,non-veg,high,21.8
SU002934,female,60,156.1,52.7,meso,maintain,low,non-veg,medium,21.6
SU002935,female,57,160.7,60.2,endo,maintain,low,non-veg,high,23.3
SU002936,female,47,172,57.2,ecto,maintain,low,veg,low,19.3
SU002937,female,32,163.7,66.1,endo,maintain,med,veg,medium,24.7
SU002938,male,40,164,61.4,endo,maintain,med,non-veg,medium,22.8
SU002939,female,37,162,48.3,ecto,gain,med,non-veg,medium,18.4
SU002940,female,41,168.6,63.6,meso,maintain,low,non-veg,high,22.4
SU002941,female,56,158.5,54.1,meso,gain,med,non-veg,low,21.5
SU002942,female,58,161,56.2,meso,maintain,med,non-veg,low,21.7
SU002943,female,46,146.3,40,ecto,maintain,low,veg,medium,18.7
SU002944,female,60,151,48.1,meso,loss,med,non-veg,medium,21.1
SU002945,female,38,165.4,60.4,meso,loss,high,non-veg,low,22.1
SU002946,female,19,157.8,46,ecto,gain,high,veg,low,18.5
SU002947,male,24,167.2,60.4,meso,maintain,low,non-veg,medium,21.6
SU002948,male,51,165.8,56.9,meso,maintain,med,non-veg,high,20.7
SU002949,male,60,169.5,60.7,meso,maintain,med,non-veg,medium,21.1
SU002950,male,41,167,63.7,endo,loss,med,non-veg,medium,22.8
SU002951,male,26,172.7,62.8,meso,loss,low,non-veg,high,21.1
SU002952,male,22,177.5,60.4,ecto,gain,low,non-veg,high,19.2
SU002953,male,45,173.1,65.4,meso,maintain,med,veg,medium,21.8
SU002954,male,35,164.3,60.1,meso,loss,low,non-veg,high,22.3
SU002955,male,47,176.3,66.3,meso,maintain,low,non-veg,medium,21.3
SU002956,male,39,165.6,53,ecto,gain,high,non-veg,high,19.3
SU002957,female,22,162.6,52.5,ecto,gain,med,non-veg,medium,19.9
SU002958,male,28,170.9,59.4,ecto,loss,med,veg,high,20.3
SU002959,male,55,178,72.8,meso,maintain,med,non-veg,high,23
SU002960,female,46,150.9,52.9,endo,loss,med,veg,high,23.2
SU002961,female,35,156.6,47.2,ecto,gain,low,non-veg,high,19.2
SU002962,male,31,163.8,56.5,meso,loss,med,non-veg,low,21.1
SU002963,male,55,173.4,62.1,ecto,gain,high,non-veg,medium,20.7
SU002964,male,34,164.7,59.2,meso,loss,low,veg,low,21.8
SU002965,male,38,174,59.2,ecto,maintain,low,veg,low,19.6
SU002966,female,43,163.6,60.2,endo,maintain,med,non-veg,high,22.5
SU002967,female,45,159.7,48.2,ecto,gain,med,non-veg,medium,18.9
SU002968,male,58,166.2,59.9,meso,maintain,high,non-veg,low,21.7
SU002969,female,53,160.7,51,ecto,maintain,low,non-veg,high,19.7
SU002970,female,59,164.2,55.5,meso,maintain,med,non-veg,medium,20.6
SU002971,female,20,170.4,61.8,meso,maintain,high,non-veg,medium,21.3
SU002972,male,54,173.3,63.6,meso,maintain,med,non-veg,low,21.2
SU002973,male,56,166.5,58,meso,gain,low,non-veg,high,20.9
SU002974,male,55,177.6,73,meso,gain,high,non-veg,low,23.1
SU002975,male,56,170,58.6,ecto,loss,high,non-veg,high,20.3
SU002976,male,45,175.1,67.3,meso,maintain,high,veg,high,22
SU002977,male,27,169.1,70,endo,maintain,high,veg,high,24.5
SU002978,male,18,175.2,64.9,meso,maintain,med,non-veg,medium,21.1
SU002979,female,42,167,59.1,meso,gain,med,non-veg,low,21.2
SU002980,male,27,165.1,66.1,endo,maintain,low,veg,medium,24.2
SU002981,female,54,157.8,54.3,meso,loss,high,veg,high,21.8
SU002982,female,19,158.3,49.3,ecto,maintain,low,non-veg,high,19.7
SU002983,male,34,166.2,64.6,endo,maintain,med,veg,low,23.4
SU002984,female,31,164.7,52.1,ecto,gain,med,veg,high,19.2
SU002985,female,47,160.8,65.3,endo,maintain,med,veg,medium,25.3
SU002986,female,58,165.2,60.3,meso,loss,low,veg,high,22.1
SU002987,male,29,159.4,50.7,ecto,gain,med,non-veg,high,20
SU002988,female,39,164,53.9,ecto,gain,low,non-veg,high,20
SU002989,female,31,167.2,65,endo,loss,med,non-veg,medium,23.3
SU002990,female,55,150.9,44,meso,maintain,low,non-veg,high,19.3
SU002991,female,43,154.2,48.8,meso,maintain,med,veg,high,20.5
SU002992,male,28,175.3,70.8,meso,maintain,med,veg,medium,23
SU002993,male,55,178.2,59.9,ecto,gain,med,non-veg,medium,18.9
SU002994,male,59,164.3,57.4,meso,maintain,med,veg,low,21.3
SU002995,male,57,166.4,69.6,endo,loss,med,non-veg,medium,25.1
SU002996,female,27,156.2,52.1,meso,gain,med,non-veg,high,21.4
SU002997,male,60,170,71.8,endo,loss,low,non-veg,low,24.8
SU002998,male,44,174.5,64.8,meso,loss,high,non-veg,medium,21.3
SU002999,male,21,171.8,71.7,endo,maintain,low,non-veg,low,24.3
SU003000,male,42,173.3,62.7,meso,maintain,high,non-veg,medium,20.9
SU003001,male,30,169.9,62.9,meso,loss,med,non-veg,high,21.8
SU003002,male,20,170.5,74.5,endo,maintain,high,veg,medium,25.6
SU003003,female,39,163.2,49.8,ecto,maintain,low,non-veg,high,18.7
SU003004,female,27,150,46.2,meso,maintain,low,veg,medium,20.5
SU003005,male,41,165.4,61.6,meso,maintain,low,non-veg,high,22.5
SU003006,male,29,175.4,59.4,ecto,maintain,med,non-veg,low,19.3
SU003007,female,20,145.6,48.8,endo,gain,low,non-veg,high,23
SU003008,male,52,166.3,70.6,endo,maintain,med,non-veg,low,25.5
SU003009,male,34,177.1,77.8,endo,maintain,high,non-veg,high,24.8
SU003010,female,37,169.8,63.1,meso,maintain,med,veg,high,21.9
SU003011,female,18,156.5,44,ecto,loss,low,veg,medium,18
SU003012,male,59,180.4,80,endo,maintain,low,non-veg,medium,24.6
SU003013,female,35,171.8,64,meso,loss,med,non-veg,medium,21.7
SU003014,female,38,164.3,58.9,meso,maintain,low,veg,low,21.8
SU003015,female,35,147,40,ecto,gain,low,non-veg,medium,18.5
SU003016,male,30,173.5,62.2,ecto,maintain,high,non-veg,medium,20.7
SU003017,male,43,175.6,71.3,meso,loss,med,non-veg,high,23.1
SU003018,male,43,167.9,62.4,meso,maintain,low,non-veg,medium,22.1
SU003019,female,18,151,41.2,ecto,maintain,low,veg,medium,18.1
SU003020,male,40,164.6,52.6,ecto,gain,low,veg,medium,19.4
SU003021,male,33,175.8,63.8,ecto,maintain,low,non-veg,high,20.6
SU003022,female,50,153.2,43.7,ecto,maintain,high,veg,high,18.6
SU003023,female,25,167.1,57.2,ecto,gain,high,non-veg,medium,20.5
SU003024,female,39,164.1,67.4,endo,maintain,med,non-veg,low,25
SU003025,male,37,167.8,58.5,meso,gain,med,veg,medium,20.8
SU003026,male,22,175.6,64.1,ecto,maintain,med,non-veg,high,20.8
SU003027,male,59,171.8,63.4,meso,maintain,med,non-veg,high,21.5
SU003028,female,37,163.9,59.6,meso,maintain,med,non-veg,medium,22.2
SU003029,male,39,163,59.9,endo,loss,med,non-veg,low,22.5
SU003030,male,32,171,56.2,ecto,gain,med,veg,medium,19.2
SU003031,female,21,168.5,61.6,meso,maintain,med,non-veg,low,21.7
SU003032,male,36,175.7,80.1,endo,loss,med,non-veg,high,25.9
SU003033,female,56,169.6,57.7,ecto,maintain,low,non-veg,medium,20.1
SU003034,male,24,175.3,65.2,meso,maintain,low,veg,high,21.2
SU003035,male,43,158,49.7,meso,loss,low,non-veg,high,19.9
SU003036,male,51,179.5,63.2,ecto,gain,high,non-veg,low,19.6
SU003037,female,46,167.8,70,endo,maintain,low,non-veg,medium,24.9
SU003038,female,44,146.7,50.3,endo,loss,med,non-veg,high,23.4
SU003039,male,28,171.4,56.7,ecto,loss,med,veg,medium,19.3
SU003040,male,27,167.6,58.2,meso,maintain,low,veg,high,20.7
SU003041,female,44,155.5,46.1,ecto,maintain,high,veg,low,19.1
SU003042,female,60,159.9,57.6,endo,maintain,med,veg,medium,22.5
SU003043,male,21,176,66.4,meso,gain,med,non-veg,high,21.4
SU003044,female,55,158.6,47.9,ecto,maintain,low,veg,high,19
SU003045,female,29,160.1,54.2,meso,gain,med,veg,medium,21.1
SU003046,male,19,182.7,87.5,endo,loss,low,veg,medium,26.2
SU003047,male,32,167.5,61.5,meso,maintain,low,veg,medium,21.9
SU003048,male,47,172.7,56.1,ecto,loss,low,veg,medium,18.8
SU003049,male,26,177,71.8,meso,loss,high,non-veg,low,22.9
SU003050,female,58,158.3,61.5,endo,maintain,low,veg,high,24.5
SU003051,female,43,158.2,51.5,meso,maintain,low,non-veg,medium,20.6
SU003052,male,49,173.8,79.5,endo,gain,low,veg,low,26.3
SU003053,female,19,173.5,69.3,meso,maintain,med,non-veg,medium,23
SU003054,female,25,156.6,53.3,meso,gain,med,non-veg,medium,21.7
SU003055,female,45,166.1,62.6,endo,maintain,low,non-veg,medium,22.7
SU003056,male,44,171.3,58.7,ecto,gain,high,non-veg,high,20
SU003057,female,33,164.8,57.1,meso,loss,low,non-veg,medium,21
SU003058,female,50,158.1,61.8,endo,maintain,med,non-veg,medium,24.7
SU003059,male,45,173.8,62.5,ecto,maintain,high,veg,high,20.7
SU003060,female,24,160.4,61.3,endo,maintain,med,non-veg,medium,23.8
SU003061,male,52,168.7,60.3,meso,maintain,low,non-veg,high,21.2
SU003062,female,50,155.1,50.5,meso,gain,med,non-veg,medium,21
SU003063,male,40,172.4,63,meso,maintain,med,non-veg,high,21.2
SU003064,male,18,164.6,59.4,meso,gain,low,non-veg,high,21.9
SU003065,male,60,173.5,69.7,endo,maintain,low,veg,low,23.2
SU003066,male,52,178.1,63.4,ecto,gain,med,non-veg,high,20
SU003067,female,24,149.2,43.3,meso,gain,low,veg,medium,19.5
SU003068,male,45,178.7,73.4,meso,maintain,med,non-veg,medium,23
SU003069,female,24,155.5,44.5,ecto,gain,low,non-veg,medium,18.4
SU003070,male,23,168.4,64.2,meso,loss,high,non-veg,low,22.6
SU003071,male,26,173.1,65.6,meso,maintain,high,veg,medium,21.9
SU003072,male,19,167.7,58.5,meso,maintain,low,non-veg,medium,20.8
SU003073,female,24,163.7,54.8,meso,gain,med,non-veg,low,20.4
SU003074,female,39,162.8,59.3,meso,maintain,med,non-veg,medium,22.4
SU003075,male,60,163.5,55.7,meso,maintain,high,non-veg,medium,20.8
SU003076,male,37,172.2,66.8,meso,loss,med,veg,high,22.5
SU003077,male,60,174.8,63.6,ecto,gain,low,veg,low,20.8
SU003078,female,35,164.3,51,ecto,maintain,high,non-veg,medium,18.9
SU003079,female,27,155.4,48.1,meso,maintain,med,veg,low,19.9
SU003080,female,58,156.4,49.4,meso,gain,low,veg,low,20.2
SU003081,male,41,176.5,70,meso,maintain,med,non-veg,high,22.5
SU003082,male,34,175.4,61.1,ecto,gain,med,non-veg,high,19.9
SU003083,female,22,162.5,54.1,meso,maintain,med,non-veg,high,20.5
SU003084,female,35,156.6,49.4,meso,loss,med,non-veg,medium,20.1
SU003085,male,48,175.2,65.3,meso,loss,low,non-veg,high,21.3
SU003086,female,53,156,43.2,ecto,gain,med,non-veg,low,17.8
SU003087,male,47,173.5,59.7,ecto,gain,med,veg,low,19.8
SU003088,female,42,157.5,52.3,meso,loss,high,non-veg,high,21.1
SU003089,female,18,165.9,61.3,meso,loss,low,non-veg,high,22.3
SU003090,male,55,175.9,75.6,endo,maintain,med,non-veg,high,24.4
SU003091,male,37,168.1,59.6,meso,loss,med,non-veg,high,21.1
SU003092,male,30,187.3,92.6,endo,maintain,med,veg,high,26.4
SU003093,female,18,164.7,65.1,endo,maintain,low,veg,high,24
SU003094,male,37,179.1,72.9,meso,maintain,low,non-veg,low,22.7
SU003095,female,47,163.6,50.2,ecto,gain,med,non-veg,medium,18.8
SU003096,female,35,161.7,56.4,meso,maintain,low,non-veg,medium,21.6
SU003097,female,21,164.4,58.6,meso,maintain,low,veg,high,21.7
SU003098,female,18,158.2,51.8,meso,gain,low,non-veg,high,20.7
SU003099,female,23,160.6,47.2,ecto,gain,med,non-veg,low,18.3
SU003100,female,40,159,47.8,ecto,gain,low,non-veg,low,18.9
SU003101,male,23,167.5,60.2,meso,loss,low,veg,medium,21.5
SU003102,female,32,163,56.4,meso,gain,med,veg,low,21.2
SU003103,female,47,153.7,47.3,meso,maintain,high,non-veg,medium,20
SU003104,male,47,168.3,58.4,ecto,gain,med,non-veg,low,20.6
SU003105,female,47,165.6,52.1,ecto,gain,low,non-veg,high,19
SU003106,male,30,165.3,69.9,endo,loss,high,non-veg,low,25.6
SU003107,male,54,169.3,59.8,meso,maintain,med,veg,low,20.9
SU003108,male,40,169.6,60.9,meso,maintain,med,non-veg,low,21.2
SU003109,female,60,164,60.4,meso,maintain,med,non-veg,medium,22.5
SU003110,male,31,170.4,65,meso,maintain,med,non-veg,high,22.4
SU003111,male,42,179.5,71.4,meso,maintain,high,veg,medium,22.2
SU003112,male,24,178.4,78.6,endo,gain,low,non-veg,medium,24.7
SU003113,female,50,159.8,53,meso,maintain,med,non-veg,low,20.8
SU003114,female,60,152.3,41.8,ecto,gain,med,non-veg,medium,18
SU003115,male,34,172.9,67.4,meso,gain,high,non-veg,medium,22.5
SU003116,female,46,162.9,60.3,endo,gain,med,non-veg,medium,22.7
SU003117,female,47,156.8,52.7,meso,maintain,low,non-veg,medium,21.4
SU003118,male,41,177.1,78.4,endo,maintain,med,non-veg,high,25
SU003119,male,24,160.4,59,endo,maintain,med,non-veg,medium,22.9
SU003120,female,60,161,52.1,ecto,maintain,med,non-veg,high,20.1
SU003121,male,41,185.5,76.1,meso,loss,med,non-veg,low,22.1
SU003122,male,60,174,61.6,ecto,loss,high,non-veg,medium,20.3
SU003123,female,45,159.8,49.9,ecto,gain,low,non-veg,low,19.5
SU003124,male,26,176.6,78.1,endo,loss,high,veg,medium,25
SU003125,male,51,180.6,86.5,endo,gain,med,non-veg,medium,26.5
SU003126,female,48,162.9,51.9,ecto,gain,med,veg,low,19.6
SU003127,female,47,174.7,77.9,endo,loss,low,non-veg,high,25.5
SU003128,male,26,166,63.7,endo,maintain,med,non-veg,low,23.1
SU003129,male,51,179.8,75.2,meso,loss,med,veg,medium,23.3
SU003130,male,27,175.3,61.7,ecto,maintain,low,veg,medium,20.1
SU003131,male,38,171,69.5,endo,loss,med,veg,high,23.8
SU003132,male,54,172.4,67.8,meso,loss,med,non-veg,low,22.8
SU003133,female,47,152.9,54.5,endo,maintain,low,non-veg,low,23.3
SU003134,male,29,167.9,59.9,meso,maintain,high,non-veg,medium,21.2
SU003135,male,58,180.6,69.5,meso,maintain,med,non-veg,medium,21.3
SU003136,male,32,163,50,ecto,gain,low,non-veg,medium,18.8
SU003137,male,39,180.1,71.3,meso,gain,low,non-veg,high,22
SU003138,female,51,162.9,54.4,meso,loss,med,veg,medium,20.5
SU003139,female,42,159,61.6,endo,loss,med,veg,low,24.4
SU003140,male,38,166,58.4,meso,maintain,low,non-veg,low,21.2
SU003141,female,47,163.8,68.7,endo,gain,med,non-veg,high,25.6
SU003142,female,40,170.7,56.9,ecto,gain,high,non-veg,medium,19.5
SU003143,male,22,181.4,72.7,meso,gain,low,non-veg,high,22.1
SU003144,female,59,160.7,54.9,meso,maintain,med,veg,medium,21.3
SU003145,male,31,173.5,62.5,ecto,maintain,med,non-veg,medium,20.8
SU003146,male,58,171.6,61,ecto,maintain,med,veg,medium,20.7
SU003147,male,25,179.4,62.4,ecto,gain,med,non-veg,medium,19.4
SU003148,female,36,164.3,55.3,meso,maintain,low,veg,low,20.5
SU003149,male,53,163.2,51.1,ecto,gain,med,veg,medium,19.2
SU003150,male,58,175.7,67.1,meso,loss,low,non-veg,high,21.7
SU003151,male,19,169.5,68.1,endo,loss,high,veg,low,23.7
SU003152,female,29,167,54,ecto,maintain,low,veg,low,19.4
SU003153,female,20,161.7,48,ecto,gain,med,veg,high,18.4
SU003154,female,30,164.4,64.7,endo,maintain,low,veg,low,23.9
SU003155,male,56,177.6,63.7,ecto,maintain,med,non-veg,low,20.2
SU003156,female,37,151.1,43.3,ecto,maintain,low,veg,medium,19
SU003157,male,42,170.1,58.6,ecto,maintain,med,non-veg,low,20.3
SU003158,male,24,167.5,61.2,meso,maintain,med,non-veg,medium,21.8
SU003159,male,51,171.5,58.6,ecto,gain,low,veg,medium,19.9
SU003160,female,24,161,56.1,meso,maintain,med,veg,high,21.6
SU003161,male,28,164.4,55,ecto,maintain,med,non-veg,low,20.3
SU003162,female,33,159.8,55,meso,maintain,low,veg,medium,21.5
SU003163,female,29,162.7,60.3,endo,maintain,med,non-veg,medium,22.8
SU003164,male,38,172.8,66.9,meso,maintain,med,non-veg,medium,22.4
SU003165,male,43,176.4,60.2,ecto,gain,low,non-veg,medium,19.3
SU003166,male,55,172.5,67.5,meso,maintain,high,non-veg,high,22.7
SU003167,male,29,181.9,74.9,meso,maintain,high,non-veg,high,22.6
SU003168,male,20,169.4,62.1,meso,maintain,med,non-veg,medium,21.6
SU003169,male,24,173.6,67.9,meso,maintain,med,non-veg,high,22.5
SU003170,male,46,181.3,87.8,endo,loss,low,non-veg,low,26.7
SU003171,female,51,166.3,62.5,meso,loss,high,veg,high,22.6
SU003172,male,30,165.9,61.8,meso,loss,med,non-veg,low,22.5
SU003173,female,45,166.1,60.8,meso,loss,low,non-veg,medium,22
SU003174,female,35,154.8,51,meso,maintain,low,veg,low,21.3
SU003175,female,54,164.5,64.3,endo,loss,high,veg,low,23.8
SU003176,male,31,169,61.2,meso,maintain,med,non-veg,medium,21.4
SU003177,female,59,155.6,58.3,endo,maintain,med,non-veg,medium,24.1
SU003178,female,43,153.8,49.2,meso,maintain,low,non-veg,medium,20.8
SU003179,female,55,158.5,48.8,ecto,maintain,med,non-veg,high,19.4
SU003180,female,37,148.9,41.4,ecto,maintain,high,veg,medium,18.7
SU003181,female,26,158.1,51.5,meso,maintain,med,veg,medium,20.6
SU003182,female,19,166.3,70.9,endo,loss,med,veg,medium,25.6
SU003183,female,58,151.8,48.7,meso,maintain,high,non-veg,medium,21.1
SU003184,female,46,153.5,49,meso,maintain,low,non-veg,medium,20.8
SU003185,male,42,168.9,64.9,meso,loss,low,non-veg,high,22.8
SU003186,female,59,153.8,47.8,meso,gain,high,non-veg,medium,20.2
SU003187,male,38,173.6,63.9,meso,loss,med,veg,medium,21.2
SU003188,female,36,167.8,53.9,ecto,gain,high,non-veg,medium,19.1
SU003189,female,20,168.2,60.7,meso,loss,low,non-veg,high,21.5
SU003190,female,33,156.1,51.1,meso,loss,med,veg,low,21
SU003191,male,30,169.2,55,ecto,loss,low,veg,medium,19.2
SU003192,male,40,182.3,77.1,meso,loss,low,non-veg,high,23.2
SU003193,male,44,170.6,56.3,ecto,maintain,low,veg,high,19.3
SU003194,female,43,173.9,60.9,ecto,loss,low,non-veg,low,20.1
SU003195,male,48,181.6,70.5,meso,loss,med,veg,medium,21.4
SU003196,male,52,173.8,65.1,meso,maintain,med,non-veg,medium,21.6
SU003197,female,33,167.3,57.9,meso,gain,high,non-veg,medium,20.7
SU003198,male,39,169.1,64,meso,maintain,med,non-veg,medium,22.4
SU003199,male,32,171.6,65.6,meso,maintain,med,non-veg,low,22.3
SU003200,male,51,169.9,58,ecto,gain,med,veg,medium,20.1
SU003201,male,45,176.6,76.2,endo,maintain,med,veg,medium,24.4
SU003202,male,43,178.2,66.3,ecto,loss,med,veg,medium,20.9
SU003203,male,39,173.3,62.9,meso,maintain,low,veg,medium,20.9
SU003204,female,28,165,63.1,endo,loss,med,non-veg,medium,23.2
SU003205,male,55,166.8,61.1,meso,loss,high,veg,medium,22
SU003206,male,39,169.2,53.2,ecto,maintain,med,veg,high,18.6
SU003207,male,27,170.1,61.7,meso,maintain,med,non-veg,medium,21.3
SU003208,female,52,160.6,52.6,meso,maintain,med,veg,medium,20.4
SU003209,male,28,188.3,76.9,meso,gain,med,non-veg,high,21.7
SU003210,male,36,167.8,52.7,ecto,gain,med,non-veg,medium,18.7
SU003211,female,44,152.4,44.6,ecto,gain,med,non-veg,high,19.2
SU003212,female,39,150,40,ecto,gain,med,non-veg,medium,17.8
SU003213,female,18,157.2,52.9,meso,loss,high,non-veg,medium,21.4
SU003214,female,23,166.1,56.1,ecto,maintain,med,non-veg,medium,20.3
SU003215,male,43,175.7,69.6,meso,maintain,med,veg,high,22.5
SU003216,female,34,164.8,50,ecto,gain,low,veg,high,18.4
SU003217,female,20,160.7,56.4,meso,maintain,med,non-veg,medium,21.8
SU003218,female,37,157.7,55.1,endo,maintain,high,non-veg,medium,22.2
SU003219,male,25,170.2,69.9,endo,maintain,med,non-veg,low,24.1
SU003220,male,43,167.9,69.3,endo,maintain,low,non-veg,high,24.6
SU003221,male,51,162.4,55.6,meso,gain,high,veg,low,21.1
SU003222,male,41,171.1,54.8,ecto,gain,med,non-veg,high,18.7
SU003223,male,36,166.5,55.1,ecto,gain,med,non-veg,medium,19.9
SU003224,female,44,162.1,52.7,ecto,gain,low,non-veg,low,20.1
SU003225,male,21,165.7,56.3,meso,loss,low,veg,medium,20.5
SU003226,female,60,167.4,52.9,ecto,gain,med,non-veg,high,18.9
SU003227,male,20,159.2,49.5,ecto,gain,high,veg,high,19.5
SU003228,female,59,162.4,55.7,meso,maintain,high,non-veg,high,21.1
SU003229,female,37,156.4,46.9,ecto,gain,med,veg,medium,19.2
SU003230,male,21,164.5,50.6,ecto,maintain,med,veg,high,18.7
SU003231,female,23,170.2,74.6,endo,maintain,high,veg,high,25.8
SU003232,female,54,158.9,61.6,endo,gain,med,non-veg,medium,24.4
SU003233,male,51,169.2,64.2,meso,maintain,med,veg,high,22.4
SU003234,female,51,168.3,58.8,meso,gain,low,non-veg,low,20.8
SU003235,female,50,159.8,54.2,meso,maintain,low,veg,medium,21.2
SU003236,female,31,165.4,52.6,ecto,gain,med,veg,low,19.2
SU003237,male,25,175.7,64.5,ecto,maintain,high,non-veg,medium,20.9
SU003238,female,50,148.7,45.2,meso,loss,med,non-veg,medium,20.4
SU003239,female,54,151.1,46.7,meso,maintain,med,veg,high,20.5
SU003240,male,20,174.6,74,endo,gain,low,non-veg,medium,24.3
SU003241,female,60,165.1,66.1,endo,gain,low,non-veg,medium,24.2
SU003242,female,53,150.1,52.5,endo,maintain,med,veg,low,23.3
SU003243,female,56,162.1,55.6,meso,loss,low,veg,low,21.2
SU003244,female,48,164,64.5,endo,maintain,high,veg,medium,24
SU003245,male,35,158.5,52.2,meso,gain,low,non-veg,low,20.8
SU003246,female,55,164.8,63.7,endo,maintain,med,non-veg,medium,23.5
SU003247,female,36,162.9,67.4,endo,gain,low,veg,high,25.4
SU003248,male,44,170.5,70.8,endo,maintain,high,non-veg,high,24.4
SU003249,female,60,165.7,62.4,endo,loss,high,non-veg,medium,22.7
SU003250,female,51,155.6,46.5,ecto,maintain,low,non-veg,medium,19.2
SU003251,male,22,181.1,86.2,endo,loss,med,non-veg,low,26.3
SU003252,female,19,170,61.8,meso,loss,low,veg,low,21.4
SU003253,female,20,160.1,48.3,ecto,gain,low,non-veg,medium,18.8
SU003254,female,22,164.2,59.9,meso,maintain,med,veg,medium,22.2
SU003255,male,22,169.8,73.9,endo,maintain,low,non-veg,low,25.6
SU003256,female,52,153.4,55.5,endo,maintain,low,non-veg,low,23.6
SU003257,female,50,157.9,49.7,meso,gain,low,non-veg,high,19.9
SU003258,male,39,179,64.3,ecto,maintain,high,non-veg,medium,20.1
SU003259,male,38,164,62,endo,maintain,med,non-veg,high,23.1
SU003260,male,52,165.7,64.3,endo,maintain,med,veg,low,23.4
SU003261,male,57,172.1,66.5,meso,gain,high,non-veg,high,22.5
SU003262,male,45,168.4,68.7,endo,gain,med,non-veg,low,24.2
SU003263,female,52,156.4,50.9,meso,maintain,med,non-veg,medium,20.8
SU003264,male,33,177.8,61.1,ecto,maintain,med,non-veg,medium,19.3
SU003265,male,18,168.4,63.8,meso,maintain,med,veg,low,22.5
SU003266,female,48,155.8,43.3,ecto,gain,high,veg,high,17.8
SU003267,female,49,157,51.7,meso,loss,med,veg,medium,21
SU003268,male,47,176.8,61.1,ecto,gain,med,non-veg,low,19.5
SU003269,female,19,165.3,57.8,meso,gain,low,veg,high,21.2
SU003270,male,55,171,69.9,endo,loss,high,non-veg,medium,23.9
SU003271,female,53,152.2,46.5,meso,maintain,high,non-veg,medium,20.1
SU003272,male,51,162.9,53.8,meso,gain,med,non-veg,medium,20.3
SU003273,female,50,159.9,55.1,meso,maintain,high,non-veg,medium,21.6
SU003274,male,28,167.9,56.2,ecto,loss,med,non-veg,medium,19.9
SU003275,female,28,150.4,42.9,ecto,gain,med,non-veg,medium,19
SU003276,male,49,165.7,56.6,meso,gain,med,non-veg,low,20.6
SU003277,male,32,172.8,73.7,endo,gain,low,non-veg,medium,24.7
SU003278,female,27,174.4,65.8,meso,gain,low,non-veg,medium,21.6
SU003279,male,20,173.3,68,meso,maintain,low,veg,high,22.6
SU003280,female,19,164.7,52.2,ecto,gain,med,non-veg,medium,19.2
SU003281,female,41,148.8,43.3,meso,gain,med,non-veg,medium,19.6
SU003282,female,57,153.7,50.3,meso,loss,high,veg,medium,21.3
SU003283,female,26,151.7,48.1,meso,gain,med,non-veg,medium,20.9
SU003284,male,57,181.5,74.5,meso,maintain,low,veg,high,22.6
SU003285,male,47,172.4,74.7,endo,loss,med,non-veg,medium,25.1
SU003286,male,57,169.7,62.7,meso,maintain,low,veg,high,21.8
SU003287,female,27,154.2,44.5,ecto,maintain,low,non-veg,medium,18.7
SU003288,male,19,173,63.6,meso,maintain,med,veg,high,21.3
SU003289,male,29,175.5,69.6,meso,loss,low,veg,high,22.6
SU003290,male,45,168.6,54,ecto,maintain,med,non-veg,low,19
SU003291,male,53,166.8,68.3,endo,maintain,med,non-veg,low,24.5
SU003292,female,48,160.7,53.2,meso,loss,low,veg,high,20.6
SU003293,female,44,160.8,48.2,ecto,gain,med,non-veg,high,18.6
SU003294,male,34,168,69.8,endo,maintain,med,non-veg,low,24.7
SU003295,female,29,160.8,58.4,endo,loss,med,non-veg,low,22.6
SU003296,male,28,183.1,78.5,meso,loss,high,non-veg,medium,23.4
SU003297,female,55,153.9,55.6,endo,maintain,med,veg,medium,23.5
SU003298,female,44,155.4,47.9,meso,gain,med,veg,high,19.8
SU003299,male,50,161.8,48.4,ecto,gain,med,veg,medium,18.5
SU003300,male,32,167.8,73.2,endo,gain,high,non-veg,medium,26
SU003301,male,48,164.3,54.3,ecto,maintain,high,veg,medium,20.1
SU003302,female,36,156.8,44.5,ecto,maintain,high,veg,low,18.1
SU003303,male,35,167.4,68.4,endo,maintain,low,non-veg,low,24.4
SU003304,female,21,160.2,59.8,endo,gain,med,veg,high,23.3
SU003305,female,27,151,42.1,ecto,gain,high,non-veg,low,18.5
SU003306,male,23,179,69.8,meso,gain,high,non-veg,high,21.8
SU003307,female,19,160.3,60.2,endo,maintain,med,non-veg,medium,23.4
SU003308,male,40,169.9,65.9,meso,maintain,low,non-veg,high,22.8
SU003309,male,26,162.1,61.4,endo,maintain,low,non-veg,low,23.4
SU003310,male,55,172.4,64.7,meso,loss,high,veg,low,21.8
SU003311,male,37,165.2,51.5,ecto,gain,low,non-veg,medium,18.9
SU003312,male,57,170.5,66.7,endo,maintain,low,non-veg,medium,22.9
SU003313,male,27,175.7,71.1,meso,maintain,high,non-veg,high,23
SU003314,female,38,164.5,66,endo,maintain,low,non-veg,low,24.4
SU003315,male,31,165.2,69.7,endo,maintain,med,veg,high,25.5
SU003316,female,30,163.3,55.5,meso,loss,med,non-veg,low,20.8
SU003317,female,33,163.9,57.1,meso,maintain,med,non-veg,medium,21.3
SU003318,female,24,157.1,50,meso,maintain,med,veg,low,20.3
SU003319,female,28,159.4,51.3,meso,maintain,med,veg,medium,20.2
SU003320,female,34,160,59.2,endo,loss,med,veg,low,23.1
SU003321,female,22,170.3,59.4,ecto,loss,med,veg,medium,20.5
SU003322,male,43,166.1,60.3,meso,maintain,low,veg,medium,21.9
SU003323,female,34,160.3,51.2,ecto,gain,med,non-veg,medium,19.9
SU003324,male,49,158.3,54.5,meso,maintain,high,non-veg,low,21.7
SU003325,female,35,159.3,64,endo,gain,high,non-veg,medium,25.2
SU003326,male,56,172.4,69.9,endo,loss,med,veg,medium,23.5
SU003327,female,55,169.7,62.4,meso,gain,low,veg,low,21.7
SU003328,male,42,159.8,57,endo,maintain,low,non-veg,high,22.3
SU003329,female,19,158,60.2,endo,gain,med,veg,high,24.1
SU003330,male,52,170.5,59.3,ecto,maintain,low,non-veg,high,20.4
SU003331,male,33,182.6,69.2,ecto,loss,med,veg,medium,20.8
SU003332,female,29,149,48.5,endo,maintain,high,veg,medium,21.8
SU003333,female,29,155.2,47.9,meso,maintain,med,veg,high,19.9
SU003334,female,40,162.4,67.1,endo,loss,low,veg,medium,25.4
SU003335,male,59,173.9,73,endo,loss,low,veg,medium,24.1
SU003336,female,25,150.9,51,endo,gain,med,non-veg,high,22.4
SU003337,female,23,167.6,63.6,meso,loss,med,veg,low,22.6
SU003338,female,58,160.6,53.1,meso,gain,med,non-veg,high,20.6
SU003339,female,53,157.6,48.7,ecto,maintain,med,non-veg,low,19.6
SU003340,female,27,151.8,50.4,endo,loss,high,non-veg,low,21.9
SU003341,female,40,159,56.8,endo,gain,med,non-veg,medium,22.5
SU003342,female,35,158.4,51.7,meso,maintain,high,non-veg,high,20.6
SU003343,male,51,164,61.1,endo,maintain,high,non-veg,medium,22.7
SU003344,male,49,170.9,62.5,meso,maintain,low,non-veg,low,21.4
SU003345,female,42,157.9,52.5,meso,maintain,low,veg,medium,21.1
SU003346,female,29,159.9,55.2,meso,maintain,low,non-veg,low,21.6
SU003347,female,29,149.3,41,ecto,gain,high,non-veg,high,18.4
SU003348,male,48,167.8,59,meso,gain,high,non-veg,medium,21
SU003349,male,23,181.9,81.9,endo,maintain,med,non-veg,low,24.8
SU003350,male,57,170,62.6,meso,gain,med,non-veg,low,21.7
SU003351,male,53,176.7,80.4,endo,maintain,high,non-veg,medium,25.8
SU003352,male,24,174,77.4,endo,loss,low,veg,medium,25.6
SU003353,male,46,165.2,52.3,ecto,gain,low,non-veg,low,19.2
SU003354,female,55,152.6,43.6,ecto,gain,low,non-veg,high,18.7
SU003355,male,35,166.9,59.8,meso,maintain,med,non-veg,medium,21.5
SU003356,male,57,172.3,67.4,meso,maintain,low,non-veg,medium,22.7
SU003357,female,38,166.8,58.1,meso,loss,med,non-veg,medium,20.9
SU003358,female,49,164.3,56.1,meso,maintain,med,non-veg,high,20.8
SU003359,male,27,174.1,57.5,ecto,gain,med,veg,medium,19
SU003360,female,40,159.7,45.7,ecto,gain,high,non-veg,low,17.9
SU003361,male,47,168,68.3,endo,maintain,high,non-veg,low,24.2
SU003362,male,35,175.7,69.5,meso,loss,med,non-veg,low,22.5
SU003363,male,21,170.3,63.9,meso,loss,med,non-veg,low,22
SU003364,male,49,161.9,58.2,meso,maintain,low,veg,low,22.2
SU003365,male,51,173.7,57.6,ecto,gain,low,non-veg,high,19.1
SU003366,male,24,180.8,67.2,ecto,maintain,high,non-veg,high,20.6
SU003367,male,18,173.5,67.7,meso,loss,med,veg,low,22.5
SU003368,male,30,171.4,58.1,ecto,gain,med,non-veg,medium,19.8
SU003369,male,52,167.6,55,ecto,gain,med,non-veg,low,19.6
SU003370,female,47,165.3,53.7,ecto,gain,low,non-veg,high,19.7
SU003371,male,48,180.3,79.1,endo,maintain,med,non-veg,low,24.3
SU003372,female,37,158.8,53.8,meso,maintain,high,veg,medium,21.3
SU003373,male,47,170.1,62.7,meso,maintain,low,veg,medium,21.7
SU003374,female,51,151.8,46.7,meso,maintain,med,veg,high,20.3
SU003375,male,32,168.8,60.2,meso,loss,med,non-veg,high,21.1
SU003376,female,19,153.5,44.9,ecto,gain,low,non-veg,high,19.1
SU003377,female,41,166.4,70.6,endo,maintain,med,non-veg,low,25.5
SU003378,female,58,160.5,53.3,meso,maintain,low,non-veg,low,20.7
SU003379,male,37,166.7,68.6,endo,gain,med,non-veg,low,24.7
SU003380,male,32,169.9,60.9,meso,loss,low,veg,medium,21.1
SU003381,female,54,144.3,43.2,endo,maintain,low,non-veg,medium,20.7
SU003382,female,56,152.3,43.5,ecto,gain,low,non-veg,medium,18.8
SU003383,female,60,160.4,55.7,meso,loss,low,non-veg,medium,21.6
SU003384,male,47,173.9,79.6,endo,maintain,med,non-veg,medium,26.3
SU003385,female,60,163.8,68.2,endo,maintain,low,non-veg,low,25.4
SU003386,male,56,170.7,72.3,endo,loss,med,non-veg,high,24.8
SU003387,male,37,171.9,67.1,meso,loss,med,non-veg,high,22.7
SU003388,female,37,155.9,57.6,endo,loss,med,non-veg,high,23.7
SU003389,female,50,170.7,65.4,meso,maintain,med,non-veg,low,22.4
SU003390,male,56,171.4,59.6,ecto,maintain,low,non-veg,high,20.3
SU003391,female,58,163.8,63.9,endo,gain,low,veg,high,23.8
SU003392,female,34,151.3,52.2,endo,maintain,med,non-veg,high,22.8
SU003393,male,38,159.6,46.1,ecto,maintain,high,veg,medium,18.1
SU003394,female,46,165.2,57.1,meso,maintain,med,non-veg,medium,20.9
SU003395,male,34,172.4,62.9,meso,maintain,med,non-veg,medium,21.2
SU003396,male,33,173.7,59,ecto,maintain,high,non-veg,high,19.6
SU003397,male,34,164.1,62.1,endo,loss,low,non-veg,medium,23.1
SU003398,male,40,170.6,63.6,meso,loss,high,non-veg,low,21.9
SU003399,female,37,158.2,52.3,meso,maintain,low,non-veg,high,20.9
SU003400,female,47,158.9,50.8,meso,loss,high,veg,high,20.1
SU003401,male,25,174.5,73.5,endo,maintain,low,non-veg,high,24.1
SU003402,female,50,154.4,46.7,meso,gain,med,non-veg,high,19.6
SU003403,female,25,163.5,58.4,meso,maintain,med,veg,medium,21.8
SU003404,male,32,166.9,58.2,meso,maintain,low,veg,high,20.9
SU003405,female,30,170.7,74.6,endo,gain,low,non-veg,high,25.6
SU003406,male,52,176.9,63.4,ecto,loss,med,veg,high,20.3
SU003407,female,56,161.2,57.2,meso,maintain,med,veg,medium,22
SU003408,male,60,166.3,66.4,endo,maintain,high,veg,high,24
SU003409,female,60,157.4,53.5,meso,maintain,med,non-veg,medium,21.6
SU003410,female,19,157.8,50.2,meso,maintain,high,veg,medium,20.2
SU003411,male,26,177.1,65.5,ecto,maintain,low,non-veg,low,20.9
SU003412,female,20,165.8,60.2,meso,gain,high,non-veg,medium,21.9
SU003413,female,49,160,53.4,meso,loss,med,non-veg,high,20.9
SU003414,male,44,172.7,77.7,endo,gain,med,non-veg,medium,26.1
SU003415,female,22,158.2,53.2,meso,maintain,med,veg,low,21.3
SU003416,male,60,171.4,66.6,meso,maintain,high,non-veg,high,22.7
SU003417,male,30,172.9,61.8,ecto,loss,low,non-veg,high,20.7
SU003418,male,32,164.1,52.3,ecto,gain,low,non-veg,medium,19.4
SU003419,male,19,165.8,70.7,endo,maintain,med,non-veg,medium,25.7
SU003420,female,28,164.3,51.6,ecto,gain,low,veg,low,19.1
SU003421,female,35,159.8,63,endo,maintain,high,non-veg,high,24.7
SU003422,male,57,181.9,76.3,meso,maintain,low,veg,high,23.1
SU003423,female,34,150.8,42.2,ecto,gain,high,veg,medium,18.6
SU003424,male,44,166.1,66.3,endo,maintain,med,non-veg,medium,24
SU003425,female,54,162.9,57.3,meso,loss,med,veg,high,21.6
SU003426,female,47,161.6,60.8,endo,loss,high,non-veg,medium,23.3
SU003427,female,47,159,52.5,meso,gain,med,veg,medium,20.8
SU003428,female,49,161.5,48.7,ecto,gain,high,non-veg,medium,18.7
SU003429,female,55,167.5,72.5,endo,loss,low,non-veg,medium,25.8
SU003430,female,42,167.9,53.1,ecto,gain,med,non-veg,low,18.8
SU003431,male,35,181,81.8,endo,loss,med,non-veg,high,25
SU003432,female,41,159.9,52.8,meso,loss,high,non-veg,high,20.7
SU003433,female,49,162.3,60.5,endo,loss,low,non-veg,low,23
SU003434,female,20,163,50,ecto,maintain,low,non-veg,high,18.8
SU003435,male,46,176.9,65.1,ecto,gain,med,non-veg,medium,20.8
SU003436,female,30,166.8,71.4,endo,loss,low,veg,medium,25.7
SU003437,male,36,177.8,72.7,meso,gain,low,veg,high,23
SU003438,female,34,165.7,70.2,endo,maintain,low,veg,high,25.6
SU003439,male,35,167.3,71.8,endo,gain,high,non-veg,high,25.7
SU003440,female,48,159.6,55.1,meso,loss,med,non-veg,medium,21.6
SU003441,male,45,183.2,88.7,endo,maintain,low,veg,medium,26.4
SU003442,male,59,167.6,57,ecto,loss,low,non-veg,medium,20.3
SU003443,female,40,163.4,63,endo,maintain,med,non-veg,high,23.6
SU003444,female,40,151.6,52.4,endo,maintain,med,non-veg,medium,22.8
SU003445,male,49,175.7,74.8,endo,loss,low,veg,high,24.2
SU003446,female,51,163.8,60.2,meso,maintain,med,non-veg,medium,22.4
SU003447,female,32,164.7,57.6,meso,maintain,med,non-veg,medium,21.2
SU003448,female,20,160.2,55.3,meso,maintain,med,non-veg,medium,21.5
SU003449,female,23,170.4,61.5,meso,gain,low,non-veg,medium,21.2
SU003450,female,56,165.1,50.5,ecto,gain,med,non-veg,low,18.5
SU003451,male,48,176.1,78.4,endo,loss,med,non-veg,medium,25.3
SU003452,female,23,158.8,48.2,ecto,gain,low,veg,high,19.1
SU003453,female,47,154.8,50.8,meso,maintain,high,veg,medium,21.2
SU003454,female,32,155.6,44.8,ecto,gain,low,veg,medium,18.5
SU003455,female,19,158.4,47.8,ecto,gain,med,non-veg,high,19.1
SU003456,female,53,164.7,55.9,meso,gain,med,non-veg,medium,20.6
SU003457,female,21,154.6,55.3,endo,maintain,high,non-veg,low,23.1
SU003458,female,45,166,67.5,endo,loss,low,veg,high,24.5
SU003459,male,31,171.8,60.7,ecto,loss,low,veg,medium,20.6
SU003460,female,31,161.7,57.7,meso,maintain,high,non-veg,high,22.1
SU003461,female,53,161.1,54.5,meso,maintain,med,non-veg,medium,21
SU003462,female,43,160,46.7,ecto,gain,med,non-veg,high,18.2
SU003463,male,25,180.2,78.1,endo,gain,low,non-veg,medium,24.1
SU003464,female,52,167.8,54.4,ecto,gain,med,veg,medium,19.3
SU003465,male,56,166.9,56.2,ecto,maintain,high,non-veg,high,20.2
SU003466,male,43,178.1,69.3,meso,loss,high,veg,medium,21.8
SU003467,male,30,173.8,62.3,ecto,maintain,high,veg,medium,20.6
SU003468,male,51,167.5,58.7,meso,maintain,high,non-veg,medium,20.9
SU003469,male,19,162.7,61.9,endo,maintain,med,non-veg,medium,23.4
SU003470,male,42,173.5,61.1,ecto,maintain,high,veg,medium,20.3
SU003471,female,53,164,65.5,endo,loss,med,non-veg,medium,24.4
SU003472,male,31,174,75.7,endo,loss,med,non-veg,medium,25
SU003473,female,47,155.1,47.4,meso,gain,med,non-veg,medium,19.7
SU003474,female,23,165.9,60.9,meso,gain,high,veg,medium,22.1
SU003475,male,53,174.4,67.7,meso,loss,med,veg,high,22.3
SU003476,female,43,156.9,44.7,ecto,maintain,high,veg,low,18.2
SU003477,female,51,166.9,64.7,endo,loss,low,veg,low,23.2
SU003478,male,23,170.8,60.1,ecto,maintain,med,non-veg,low,20.6
SU003479,female,47,155.8,48.1,meso,gain,low,non-veg,high,19.8
SU003480,female,32,153.4,48.5,meso,maintain,high,non-veg,medium,20.6
SU003481,male,42,175.6,66,meso,loss,high,non-veg,medium,21.4
SU003482,female,32,161.1,55.3,meso,gain,low,non-veg,medium,21.3
SU003483,female,41,151.3,45.9,meso,maintain,med,non-veg,high,20.1
SU003484,female,47,170,54.2,ecto,gain,low,veg,medium,18.8
SU003485,female,31,163.3,57,meso,maintain,low,non-veg,medium,21.4
SU003486,female,22,152.7,41.3,ecto,maintain,med,veg,medium,17.7
SU003487,female,48,162.2,60.4,endo,gain,high,non-veg,medium,23
SU003488,female,35,169,68.9,endo,maintain,low,non-veg,low,24.1
SU003489,female,40,151.3,45.6,meso,gain,high,non-veg,high,19.9
SU003490,female,46,159,51.7,meso,gain,low,non-veg,high,20.5
SU003491,female,38,155.7,48.5,meso,gain,med,veg,low,20
SU003492,female,51,164.9,57.4,meso,loss,low,veg,medium,21.1
SU003493,female,40,154.3,44.1,ecto,maintain,high,veg,high,18.5
SU003494,female,43,159.1,53.7,meso,maintain,low,non-veg,low,21.2
SU003495,male,35,184,80.4,endo,loss,low,veg,low,23.7
SU003496,female,31,157.5,44.5,ecto,gain,high,veg,low,17.9
SU003497,male,44,168.3,60.2,meso,maintain,low,non-veg,medium,21.3
SU003498,female,59,161.7,54.9,meso,maintain,med,non-veg,high,21
SU003499,male,33,175.4,60.9,ecto,maintain,high,veg,medium,19.8
SU003500,male,21,165,55.9,meso,loss,med,veg,high,20.5
SU003501,male,58,175.8,67.4,meso,gain,low,non-veg,low,21.8
SU003502,female,55,156.2,54.6,endo,loss,med,non-veg,low,22.4
SU003503,male,45,169.3,58.9,ecto,maintain,low,non-veg,medium,20.5
SU003504,male,39,168.1,56,ecto,maintain,high,veg,high,19.8
SU003505,male,29,166.9,63.8,endo,loss,low,non-veg,medium,22.9
SU003506,male,28,180.7,75.3,meso,maintain,low,non-veg,high,23.1
SU003507,male,30,186.9,75.1,meso,maintain,low,non-veg,medium,21.5
SU003508,male,33,168.7,63,meso,maintain,high,non-veg,medium,22.1
SU003509,male,49,175.2,70.3,meso,maintain,med,non-veg,high,22.9
SU003510,female,20,155.3,50.7,meso,maintain,high,non-veg,high,21
SU003511,female,50,160.8,61,endo,gain,high,veg,medium,23.6
SU003512,female,18,153.4,54.1,endo,maintain,high,non-veg,medium,23
SU003513,male,25,168.9,74.3,endo,loss,med,non-veg,low,26
SU003514,male,45,166.9,58.8,meso,maintain,med,non-veg,medium,21.1
SU003515,female,20,158.9,55.6,meso,gain,med,non-veg,high,22
SU003516,male,47,171.3,63.2,meso,maintain,med,veg,high,21.5
SU003517,male,25,178.6,71.4,meso,maintain,low,non-veg,medium,22.4
SU003518,female,30,155.1,43.4,ecto,gain,high,non-veg,low,18
SU003519,female,40,158.1,46.3,ecto,gain,low,veg,medium,18.5
SU003520,male,29,169.7,65,meso,maintain,low,veg,low,22.6
SU003521,female,31,161.7,52.4,ecto,loss,high,veg,low,20
SU003522,male,42,173.7,78.4,endo,maintain,low,non-veg,medium,26
SU003523,male,54,162.7,49.2,ecto,gain,high,non-veg,medium,18.6
SU003524,female,49,158.2,53.7,meso,maintain,high,non-veg,medium,21.5
SU003525,female,58,163,54.7,meso,maintain,low,non-veg,medium,20.6
SU003526,male,45,173.8,70.7,endo,maintain,high,non-veg,high,23.4
SU003527,female,41,158.7,55,meso,maintain,med,non-veg,high,21.8
SU003528,male,21,169.9,73.9,endo,maintain,low,non-veg,high,25.6
SU003529,female,34,169.4,61.2,meso,maintain,med,veg,high,21.3
SU003530,male,38,172.9,65,meso,maintain,med,veg,medium,21.7
SU003531,male,39,168.8,57,ecto,gain,high,non-veg,high,20
SU003532,male,41,176.6,80.2,endo,loss,med,veg,low,25.7
SU003533,male,46,162.3,54.8,meso,maintain,low,non-veg,high,20.8
SU003534,male,41,162,48.2,ecto,maintain,med,veg,medium,18.4
SU003535,male,48,170.8,62.9,meso,gain,med,veg,low,21.6
SU003536,female,54,165.2,60.8,meso,loss,med,non-veg,high,22.3
SU003537,female,26,156.5,45.1,ecto,maintain,med,non-veg,medium,18.4
SU003538,male,28,172.2,68.5,endo,maintain,med,veg,high,23.1
SU003539,male,27,176.5,68,meso,loss,med,non-veg,low,21.8
SU003540,male,35,173.9,58.8,ecto,gain,high,non-veg,low,19.4
SU003541,female,53,164.3,51.7,ecto,maintain,low,non-veg,high,19.2
SU003542,male,45,168.3,71.9,endo,gain,high,non-veg,low,25.4
SU003543,female,44,160.3,55.9,meso,maintain,low,non-veg,medium,21.8
SU003544,male,50,166.9,57.8,meso,gain,med,veg,low,20.7
SU003545,female,53,156.3,51,meso,gain,low,non-veg,medium,20.9
SU003546,male,22,169.9,65.3,meso,gain,med,non-veg,high,22.6
SU003547,female,59,160.3,52,meso,loss,high,veg,medium,20.2
SU003548,male,29,168,53.2,ecto,gain,med,veg,medium,18.8
SU003549,male,31,179.5,84.7,endo,maintain,med,non-veg,low,26.3
SU003550,female,51,155.2,45.3,ecto,gain,med,non-veg,medium,18.8
SU003551,female,46,151.8,45.6,meso,gain,med,non-veg,medium,19.8
SU003552,male,18,177.6,67.7,meso,maintain,low,non-veg,low,21.5
SU003553,female,36,162.7,57.2,meso,loss,low,non-veg,medium,21.6
SU003554,male,49,168.2,62.3,meso,maintain,med,veg,medium,22
SU003555,female,46,155,52.7,endo,gain,low,non-veg,low,21.9
SU003556,female,42,164.2,63.6,endo,loss,low,non-veg,medium,23.6
SU003557,female,39,157.4,59.1,endo,maintain,med,non-veg,low,23.9
SU003558,male,53,186.1,85.8,endo,maintain,high,veg,high,24.8
SU003559,male,25,173.1,67.6,meso,maintain,med,non-veg,medium,22.6
SU003560,male,35,167.7,60.7,meso,loss,med,veg,low,21.6
SU003561,female,21,154.9,58.5,endo,maintain,med,veg,medium,24.4
SU003562,female,49,160.3,54.7,meso,maintain,low,veg,medium,21.3
SU003563,female,46,152.5,47.3,meso,maintain,med,non-veg,high,20.3
SU003564,male,21,179.8,79.6,endo,maintain,low,non-veg,low,24.6
SU003565,female,34,163.1,54.2,meso,maintain,high,veg,high,20.4
SU003566,female,45,158.2,50.1,meso,maintain,high,non-veg,low,20
SU003567,female,46,160,49,ecto,gain,med,non-veg,low,19.1
SU003568,female,60,162.5,59.9,endo,loss,low,veg,medium,22.7
SU003569,female,21,164.7,58.2,meso,gain,med,non-veg,high,21.5
SU003570,female,44,151.8,47.5,meso,loss,low,non-veg,medium,20.6
SU003571,female,26,170.7,58,ecto,maintain,med,veg,low,19.9
SU003572,female,20,158.8,46.8,ecto,gain,low,non-veg,medium,18.6
SU003573,female,55,163.9,66.4,endo,maintain,med,non-veg,low,24.7
SU003574,female,24,154.4,55.1,endo,loss,high,veg,high,23.1
SU003575,female,18,161.2,52.8,meso,maintain,med,non-veg,high,20.3
SU003576,male,26,173.2,62.2,ecto,maintain,med,non-veg,medium,20.7
SU003577,male,36,172.2,72.6,endo,loss,low,non-veg,low,24.5
SU003578,male,29,180.2,70.2,meso,maintain,med,non-veg,low,21.6
SU003579,female,40,157.5,51.3,meso,gain,low,non-veg,medium,20.7
SU003580,male,33,176.8,70.7,meso,loss,high,non-veg,low,22.6
SU003581,male,40,170.3,72,endo,maintain,high,non-veg,high,24.8
SU003582,male,22,171.5,71.9,endo,maintain,low,non-veg,high,24.4
SU003583,male,29,173.2,71.4,endo,maintain,med,non-veg,medium,23.8
SU003584,female,35,169.2,64.6,meso,maintain,med,non-veg,high,22.6
SU003585,female,21,158.8,56.8,endo,loss,med,veg,high,22.5
SU003586,female,44,155.9,51.5,meso,maintain,med,non-veg,medium,21.2
SU003587,male,20,170.1,60.2,meso,maintain,high,non-veg,low,20.8
SU003588,male,56,164.7,50.8,ecto,gain,low,non-veg,high,18.7
SU003589,male,18,160.2,51.4,meso,maintain,med,non-veg,medium,20
SU003590,female,25,162.6,53.7,meso,maintain,high,veg,high,20.3
SU003591,male,47,174.3,61.5,ecto,maintain,high,veg,low,20.2
SU003592,male,31,167,67.4,endo,maintain,med,non-veg,medium,24.2
SU003593,female,42,158.4,54.9,meso,loss,med,non-veg,medium,21.9
SU003594,male,19,174.1,73.7,endo,maintain,low,veg,medium,24.3
SU003595,male,42,167.9,63.5,meso,maintain,med,veg,medium,22.5
SU003596,female,19,160.3,53.7,meso,maintain,med,veg,medium,20.9
SU003597,female,40,163.6,65.8,endo,gain,high,veg,low,24.6
SU003598,female,41,154.3,44.2,ecto,gain,low,veg,low,18.6
SU003599,female,27,162.6,57.8,meso,gain,med,non-veg,medium,21.9
SU003600,female,22,154.4,42.2,ecto,gain,med,non-veg,low,17.7
SU003601,male,45,162.1,59.2,endo,maintain,med,veg,medium,22.5
SU003602,male,30,167.2,63.7,endo,gain,med,non-veg,low,22.8
SU003603,female,47,156.8,59,endo,maintain,high,non-veg,low,24
SU003604,male,24,166.1,61.9,meso,maintain,med,non-veg,high,22.4
SU003605,male,49,169.4,60,meso,maintain,med,non-veg,medium,20.9
SU003606,male,27,164.7,50.7,ecto,gain,high,non-veg,low,18.7
SU003607,female,36,165.4,58.4,meso,maintain,med,non-veg,medium,21.3
SU003608,female,58,161.7,53.4,meso,maintain,med,veg,low,20.4
SU003609,female,50,147.8,44.9,meso,maintain,high,non-veg,medium,20.6
SU003610,female,59,172.4,65.7,meso,maintain,low,veg,medium,22.1
SU003611,male,29,177.4,68,meso,maintain,med,non-veg,medium,21.6
SU003612,male,27,174.2,69.9,meso,maintain,med,non-veg,medium,23
SU003613,male,41,164.8,49.8,ecto,gain,low,non-veg,low,18.3
SU003614,male,50,169.4,68.7,endo,maintain,med,non-veg,low,23.9
SU003615,female,28,153.1,41.3,ecto,maintain,med,veg,medium,17.6
SU003616,male,43,172.4,62.7,meso,loss,med,veg,high,21.1
SU003617,male,26,160.2,46.1,ecto,maintain,low,non-veg,medium,18
SU003618,female,46,165.4,61.6,meso,maintain,med,non-veg,medium,22.5
SU003619,female,48,167.7,65.9,endo,maintain,med,non-veg,low,23.4
SU003620,male,40,167.4,54.6,ecto,loss,high,veg,medium,19.5
SU003621,male,47,175,63.2,ecto,maintain,med,non-veg,high,20.6
SU003622,female,44,167.4,54.1,ecto,maintain,med,veg,medium,19.3
SU003623,female,18,160.2,64.4,endo,maintain,med,veg,medium,25.1
SU003624,female,35,155.7,53.7,endo,maintain,low,non-veg,low,22.2
SU003625,female,34,160.3,56.2,meso,maintain,low,non-veg,low,21.9
SU003626,female,57,159.8,62.7,endo,gain,med,veg,high,24.6
SU003627,male,41,163.5,54.9,meso,maintain,high,veg,medium,20.5
SU003628,female,20,159.9,57.3,endo,gain,low,non-veg,low,22.4
SU003629,female,36,162.7,62,endo,maintain,high,veg,low,23.4
SU003630,male,18,167.3,65.9,endo,maintain,high,non-veg,medium,23.5
SU003631,male,27,177.6,71,meso,loss,med,veg,high,22.5
SU003632,female,42,163.3,66.9,endo,maintain,high,non-veg,high,25.1
SU003633,male,60,154.8,42.2,ecto,gain,low,non-veg,high,17.6
SU003634,female,24,157.2,52.7,meso,maintain,low,veg,medium,21.3
SU003635,male,28,170.7,58,ecto,gain,med,non-veg,medium,19.9
SU003636,male,51,173.2,67,meso,maintain,high,veg,low,22.3
SU003637,female,18,171.9,59.5,ecto,gain,low,non-veg,high,20.1
SU003638,male,46,177.3,67.3,meso,loss,low,non-veg,medium,21.4
SU003639,female,29,157.4,52.6,meso,maintain,low,veg,low,21.2
SU003640,male,54,170.5,62.1,meso,maintain,med,non-veg,medium,21.4
SU003641,male,50,173.1,77.5,endo,maintain,med,non-veg,medium,25.9
SU003642,male,18,174.8,75.3,endo,gain,high,non-veg,low,24.6
SU003643,male,21,166.8,62.9,meso,maintain,med,veg,medium,22.6
SU003644,female,57,155.2,46.9,ecto,gain,low,non-veg,medium,19.5
SU003645,male,60,177,72.5,meso,maintain,high,veg,medium,23.1
SU003646,male,38,175.7,64,ecto,loss,low,veg,medium,20.7
SU003647,male,51,179.4,74.2,meso,loss,low,veg,medium,23.1
SU003648,male,52,164.9,54.8,ecto,gain,med,veg,low,20.2
SU003649,female,43,163.5,54.3,ecto,maintain,med,non-veg,medium,20.3
SU003650,female,28,160,48.4,ecto,loss,med,non-veg,high,18.9
SU003651,male,57,166.7,67.4,endo,maintain,low,non-veg,high,24.3
SU003652,female,43,151.5,54.9,endo,maintain,low,non-veg,high,23.9
SU003653,male,22,171.5,60.1,ecto,maintain,med,veg,medium,20.4
SU003654,female,22,158.9,49.6,ecto,gain,med,non-veg,medium,19.6
SU003655,male,36,167.5,64.4,endo,maintain,high,veg,medium,23
SU003656,male,55,174,61.7,ecto,maintain,high,non-veg,high,20.4
SU003657,female,29,167.1,56.8,ecto,maintain,med,non-veg,low,20.3
SU003658,male,47,168.6,63.2,meso,loss,med,veg,high,22.2
SU003659,male,59,172.9,74.8,endo,maintain,med,non-veg,high,25
SU003660,male,23,179.2,72.4,meso,maintain,med,non-veg,medium,22.5
SU003661,female,47,160.5,54.3,meso,loss,low,non-veg,high,21.1
SU003662,female,54,160,47,ecto,maintain,med,non-veg,high,18.4
SU003663,female,50,159.1,52.3,meso,maintain,high,veg,low,20.7
SU003664,male,57,171.7,75,endo,loss,low,veg,medium,25.4
SU003665,female,55,157.4,52.3,meso,maintain,low,non-veg,high,21.1
SU003666,male,55,162.5,57.4,meso,gain,med,non-veg,high,21.7
SU003667,male,56,180.9,70.8,meso,maintain,low,veg,low,21.6
SU003668,male,39,161.3,57.5,meso,loss,low,non-veg,medium,22.1
SU003669,male,34,176.4,65.1,ecto,gain,high,non-veg,medium,20.9
SU003670,male,29,160.8,48.9,ecto,gain,high,veg,medium,18.9
SU003671,male,40,171.9,77.2,endo,loss,low,non-veg,medium,26.1
SU003672,male,46,159.7,53.7,meso,maintain,high,non-veg,high,21.1
SU003673,male,23,172.9,65.8,meso,maintain,high,veg,high,22
SU003674,male,21,172.7,77.4,endo,maintain,med,veg,high,26
SU003675,male,19,172.3,58.8,ecto,maintain,high,veg,high,19.8
SU003676,male,20,178.2,81.4,endo,loss,low,non-veg,medium,25.6
SU003677,male,46,167.5,54.3,ecto,gain,med,non-veg,low,19.4
SU003678,male,29,166.9,71.5,endo,loss,low,non-veg,medium,25.7
SU003679,male,19,171.2,55.3,ecto,loss,med,non-veg,medium,18.9
SU003680,female,22,154.9,52.4,endo,maintain,high,veg,medium,21.8
SU003681,male,30,169.1,57.4,ecto,maintain,low,veg,high,20.1
SU003682,male,26,170.6,66.7,meso,maintain,med,non-veg,high,22.9
SU003683,male,49,163.8,60,meso,maintain,med,non-veg,high,22.4
SU003684,female,49,154.1,47.3,meso,gain,med,non-veg,high,19.9
SU003685,male,26,173.1,75.4,endo,loss,med,veg,high,25.2
SU003686,female,50,166.5,58.8,meso,maintain,low,non-veg,medium,21.2
SU003687,female,50,159.2,60.3,endo,gain,low,non-veg,medium,23.8
SU003688,male,49,167.2,69.6,endo,loss,med,non-veg,medium,24.9
SU003689,male,40,174.4,80.2,endo,maintain,high,non-veg,medium,26.4
SU003690,male,60,170.4,62.2,meso,loss,low,non-veg,medium,21.4
SU003691,male,55,176,60.3,ecto,gain,low,non-veg,medium,19.5
SU003692,female,18,158.5,48.8,ecto,maintain,low,non-veg,medium,19.4
SU003693,female,29,158,47.9,ecto,maintain,high,non-veg,medium,19.2
SU003694,male,46,162.1,62.5,endo,maintain,high,non-veg,medium,23.8
SU003695,male,59,172.1,61.9,meso,maintain,med,non-veg,high,20.9
SU003696,male,35,170.5,54.4,ecto,maintain,med,veg,high,18.7
SU003697,male,36,167.5,59.5,meso,gain,med,non-veg,medium,21.2
SU003698,male,37,160.1,56.6,meso,loss,med,veg,medium,22.1
SU003699,female,26,157.4,57.5,endo,loss,low,non-veg,medium,23.2
SU003700,male,25,164.7,57.2,meso,maintain,med,veg,low,21.1
SU003701,female,60,157.9,46.5,ecto,gain,med,veg,low,18.7
SU003702,female,60,165.4,63.7,endo,maintain,med,non-veg,low,23.3
SU003703,female,32,165.1,59.1,meso,loss,low,non-veg,medium,21.7
SU003704,female,54,155.1,42.7,ecto,gain,med,veg,medium,17.8
SU003705,male,21,172.2,61.2,ecto,maintain,med,non-veg,low,20.6
SU003706,female,24,171,66.4,meso,maintain,low,non-veg,medium,22.7
SU003707,male,33,175.1,60,ecto,gain,high,non-veg,low,19.6
SU003708,female,19,155.3,55.1,endo,maintain,med,non-veg,medium,22.8
SU003709,male,31,180.6,68.2,ecto,maintain,high,veg,medium,20.9
SU003710,male,42,179.5,62.2,ecto,gain,low,non-veg,medium,19.3
SU003711,female,26,166.9,53.8,ecto,gain,high,veg,low,19.3
SU003712,male,41,164.1,64.2,endo,loss,med,non-veg,medium,23.8
SU003713,female,24,156.4,54.3,endo,maintain,low,non-veg,medium,22.2
SU003714,male,52,168.9,57.5,ecto,gain,high,veg,medium,20.2
SU003715,male,43,181.2,73.7,meso,gain,med,non-veg,low,22.4
SU003716,female,20,167.3,55.1,ecto,gain,low,veg,medium,19.7
SU003717,male,31,175.4,74.7,endo,gain,med,non-veg,high,24.3
SU003718,female,38,166.4,54.9,ecto,gain,med,non-veg,low,19.8
SU003719,female,31,156.9,52.3,meso,maintain,med,non-veg,high,21.2
SU003720,female,34,163.8,52.2,ecto,loss,high,non-veg,medium,19.5
SU003721,female,36,169.6,69.4,endo,maintain,low,veg,medium,24.1
SU003722,male,60,162.3,56.6,meso,maintain,high,non-veg,medium,21.5
SU003723,female,59,160.8,64.4,endo,loss,med,non-veg,medium,24.9
SU003724,male,41,173,56.1,ecto,gain,high,non-veg,medium,18.7
SU003725,male,54,177.4,78.1,endo,maintain,med,non-veg,low,24.8
SU003726,male,43,163.7,66.3,endo,maintain,med,non-veg,high,24.7
SU003727,male,43,173.1,75.9,endo,maintain,low,non-veg,medium,25.3
SU003728,male,58,181,70.4,meso,maintain,high,veg,medium,21.5
SU003729,female,27,156.1,50,meso,maintain,low,veg,high,20.5
SU003730,female,56,157.4,51.5,meso,maintain,high,non-veg,medium,20.8
SU003731,male,29,169.7,63.7,meso,loss,low,veg,high,22.1
SU003732,male,51,181.4,62.4,ecto,maintain,high,non-veg,medium,19
SU003733,male,43,162.7,65.3,endo,maintain,high,non-veg,low,24.7
SU003734,female,20,166,51,ecto,gain,high,veg,medium,18.5
SU003735,male,50,180,62.1,ecto,gain,low,veg,low,19.2
SU003736,male,20,181.1,72,meso,maintain,med,non-veg,medium,22
SU003737,male,46,175.5,74.5,endo,maintain,high,non-veg,high,24.2
SU003738,male,58,179.7,80,endo,gain,med,non-veg,low,24.8
SU003739,female,55,160.2,48.4,ecto,maintain,high,veg,low,18.9
SU003740,female,30,160.2,60.1,endo,gain,med,non-veg,medium,23.4
SU003741,female,39,160.1,47.9,ecto,loss,med,non-veg,medium,18.7
SU003742,male,22,187.9,78,meso,maintain,low,non-veg,medium,22.1
SU003743,male,32,176.7,66.9,meso,gain,high,non-veg,low,21.4
SU003744,male,37,177,70.6,meso,maintain,low,non-veg,low,22.5
SU003745,female,56,158.9,53.6,meso,maintain,high,veg,low,21.2
SU003746,male,19,171.7,66.1,meso,maintain,med,veg,low,22.4
SU003747,female,40,158.6,46,ecto,maintain,med,non-veg,medium,18.3
SU003748,female,57,160.9,60.4,endo,maintain,high,non-veg,medium,23.3
SU003749,female,57,158,46.6,ecto,loss,low,veg,high,18.7
SU003750,female,22,159.7,51.7,meso,loss,low,non-veg,high,20.3
SU003751,male,21,161.6,54.5,meso,maintain,med,non-veg,medium,20.9
SU003752,female,18,159,52,meso,maintain,med,veg,medium,20.6
SU003753,female,29,162.6,62.8,endo,maintain,med,non-veg,medium,23.8
SU003754,male,36,174.7,72.9,endo,maintain,low,veg,high,23.9
SU003755,female,20,154.1,49.5,meso,gain,med,non-veg,low,20.8
SU003756,male,54,172.5,75.5,endo,gain,low,non-veg,high,25.4
SU003757,female,34,164.5,65.4,endo,maintain,med,non-veg,medium,24.2
SU003758,female,52,155.6,47.8,meso,gain,low,veg,high,19.7
SU003759,female,47,155.8,50.6,meso,maintain,high,veg,low,20.8
SU003760,female,31,161.4,53.7,meso,maintain,low,non-veg,medium,20.6
SU003761,female,35,173.4,69.3,meso,maintain,med,non-veg,low,23
SU003762,male,35,161.5,54.7,meso,loss,low,non-veg,medium,21
SU003763,female,41,162.7,53.9,meso,gain,med,non-veg,high,20.4
SU003764,male,60,170.1,69.5,endo,maintain,med,non-veg,low,24
SU003765,male,41,172.4,65.5,meso,maintain,med,veg,low,22
SU003766,female,55,159.5,49.7,ecto,maintain,low,non-veg,low,19.5
SU003767,male,55,181.5,71.2,meso,maintain,med,veg,high,21.6
SU003768,male,31,166.5,56.7,ecto,maintain,high,veg,high,20.5
SU003769,female,39,164.4,60.2,meso,maintain,low,non-veg,medium,22.3
SU003770,female,46,158.2,55.3,endo,maintain,low,non-veg,low,22.1
SU003771,female,24,170.5,73.6,endo,loss,med,veg,medium,25.3
SU003772,female,37,159.5,61.6,endo,maintain,low,non-veg,medium,24.2
SU003773,female,33,170.5,64.8,meso,maintain,med,non-veg,high,22.3
SU003774,male,38,165,52.8,ecto,maintain,med,non-veg,medium,19.4
SU003775,female,37,156.8,47.2,ecto,gain,low,non-veg,high,19.2
SU003776,female,29,156.7,51.7,meso,loss,med,non-veg,low,21.1
SU003777,male,54,174.7,76.2,endo,loss,high,non-veg,high,25
SU003778,female,25,158.5,48.5,ecto,gain,high,non-veg,low,19.3
SU003779,female,40,162.2,57.3,meso,maintain,high,non-veg,medium,21.8
SU003780,female,42,155.8,45.6,ecto,gain,low,non-veg,high,18.8
SU003781,female,37,156.7,52.7,meso,gain,med,non-veg,high,21.5
SU003782,female,45,154.3,49.2,meso,loss,high,non-veg,medium,20.7
SU003783,female,59,162.8,48.4,ecto,gain,med,veg,medium,18.3
SU003784,female,51,166.4,53,ecto,gain,med,non-veg,low,19.1
SU003785,male,28,184.2,65.7,ecto,gain,low,non-veg,medium,19.4
SU003786,female,32,163.2,56.2,meso,maintain,med,non-veg,low,21.1
SU003787,female,44,160.8,59.5,endo,loss,med,non-veg,low,23
SU003788,male,54,169.6,66.7,endo,loss,low,non-veg,high,23.2
SU003789,female,60,154.8,42.6,ecto,maintain,med,non-veg,medium,17.8
SU003790,male,54,171.2,63.8,meso,maintain,low,veg,medium,21.8
SU003791,female,51,151.7,41.6,ecto,gain,low,non-veg,medium,18.1
SU003792,male,39,169.5,65.5,meso,loss,med,non-veg,medium,22.8
SU003793,male,52,167.8,60.8,meso,maintain,med,non-veg,high,21.6
SU003794,male,38,173.7,75.8,endo,maintain,med,veg,low,25.1
SU003795,male,45,162.8,49,ecto,maintain,high,non-veg,medium,18.5
SU003796,female,26,161.7,56,meso,loss,high,non-veg,medium,21.4
SU003797,female,54,162.3,58.8,meso,maintain,med,non-veg,low,22.3
SU003798,female,22,157.8,53.9,meso,maintain,low,non-veg,medium,21.6
SU003799,male,18,179.2,66.3,ecto,maintain,high,non-veg,low,20.6
SU003800,male,58,179.5,63,ecto,gain,med,non-veg,low,19.6
SU003801,female,44,152.9,46.3,meso,maintain,low,veg,medium,19.8
SU003802,female,20,164.6,57.1,meso,maintain,low,non-veg,medium,21.1
SU003803,male,35,178.2,65.7,ecto,loss,low,non-veg,medium,20.7
SU003804,female,28,152,44.2,ecto,loss,high,non-veg,low,19.1
SU003805,female,41,160.1,46.3,ecto,gain,high,non-veg,high,18.1
SU003806,female,19,163.8,49.3,ecto,gain,low,veg,high,18.4
SU003807,male,47,170.7,66.3,meso,maintain,med,veg,medium,22.8
SU003808,female,48,155.7,49.9,meso,loss,low,non-veg,medium,20.6
SU003809,male,46,176.4,71.8,meso,loss,high,veg,medium,23.1
SU003810,female,44,157.8,53.6,meso,maintain,low,non-veg,medium,21.5
SU003811,male,56,173.9,60.8,ecto,loss,med,veg,low,20.1
SU003812,female,32,160.9,56.7,meso,maintain,med,non-veg,medium,21.9
SU003813,female,50,156.8,43.8,ecto,maintain,low,non-veg,low,17.8
SU003814,male,32,161.1,54.7,meso,maintain,low,non-veg,low,21.1
SU003815,female,38,168.5,61.2,meso,maintain,high,non-veg,high,21.6
SU003816,male,20,177,76.1,endo,loss,med,non-veg,high,24.3
SU003817,male,35,171.5,75.5,endo,maintain,low,veg,low,25.7
SU003818,female,55,164.5,53.5,ecto,gain,low,non-veg,high,19.8
SU003819,female,58,154.7,44.2,ecto,loss,high,non-veg,medium,18.5
SU003820,female,52,160,52.3,meso,maintain,med,veg,high,20.4
SU003821,male,20,175.9,60.4,ecto,gain,med,non-veg,medium,19.5
SU003822,female,59,175.9,75.5,endo,maintain,high,non-veg,medium,24.4
SU003823,female,28,157.4,52.3,meso,loss,low,non-veg,low,21.1
SU003824,female,42,170.5,65.8,meso,maintain,med,non-veg,medium,22.6
SU003825,male,39,170.4,60.1,ecto,maintain,med,veg,low,20.7
SU003826,female,24,163.7,63.6,endo,maintain,high,non-veg,medium,23.7
SU003827,female,55,153.5,50.2,meso,maintain,med,veg,high,21.3
SU003828,female,38,152.1,41,ecto,maintain,med,non-veg,medium,17.7
SU003829,male,54,171.5,60.6,ecto,maintain,high,veg,low,20.6
SU003830,male,47,177.6,66.8,meso,loss,low,non-veg,low,21.2
SU003831,female,37,169.4,54,ecto,gain,low,non-veg,low,18.8
SU003832,male,25,177,61,ecto,gain,med,non-veg,high,19.5
SU003833,male,56,180.9,68.7,ecto,maintain,med,non-veg,low,21
SU003834,male,53,171.4,58.4,ecto,maintain,med,non-veg,medium,19.9
SU003835,male,52,172.1,66.1,meso,loss,high,non-veg,medium,22.3
SU003836,female,50,153.9,44.2,ecto,gain,low,non-veg,medium,18.7
SU003837,male,45,169.4,70.3,endo,gain,high,non-veg,medium,24.5
SU003838,female,19,166.8,59.6,meso,maintain,low,veg,high,21.4
SU003839,male,42,172.9,67.2,meso,loss,med,veg,high,22.5
SU003840,male,58,166.7,70.5,endo,maintain,med,non-veg,high,25.4
SU003841,male,48,173.8,72.2,endo,maintain,med,veg,low,23.9
SU003842,female,44,151.1,46.5,meso,maintain,low,veg,high,20.4
SU003843,male,52,174.3,61.8,ecto,maintain,med,non-veg,low,20.3
SU003844,female,57,154.5,53.4,endo,loss,low,veg,high,22.4
SU003845,male,59,168.2,63.2,meso,loss,med,veg,high,22.3
SU003846,female,35,156.3,44.3,ecto,maintain,med,non-veg,medium,18.1
SU003847,male,52,170,54.4,ecto,gain,med,non-veg,medium,18.8
SU003848,male,49,173.1,75.1,endo,maintain,med,non-veg,medium,25.1
SU003849,male,28,166.3,50.9,ecto,gain,med,veg,low,18.4
SU003850,male,55,172,60.3,ecto,maintain,low,veg,low,20.4
SU003851,male,22,168.2,52.9,ecto,gain,low,non-veg,low,18.7
SU003852,female,48,160.4,46.3,ecto,gain,high,veg,medium,18
SU003853,male,24,163.8,54.6,meso,loss,med,non-veg,medium,20.4
SU003854,male,59,167.8,60.3,meso,maintain,high,non-veg,high,21.4
SU003855,male,29,174.3,79.4,endo,maintain,high,non-veg,medium,26.1
SU003856,female,22,171.8,62.1,meso,gain,med,veg,medium,21
SU003857,male,53,181.6,70.2,meso,maintain,low,veg,high,21.3
SU003858,male,52,165.6,63,endo,maintain,low,non-veg,medium,23
SU003859,male,25,174.9,65.8,meso,loss,med,veg,high,21.5
SU003860,male,26,169,60,meso,loss,med,veg,medium,21
SU003861,male,28,171.4,60.8,ecto,maintain,low,non-veg,medium,20.7
SU003862,male,42,168.4,61.3,meso,loss,low,non-veg,low,21.6
SU003863,female,47,156.9,54.5,endo,loss,med,non-veg,low,22.1
SU003864,female,34,157.8,56,endo,maintain,med,veg,low,22.5
SU003865,female,23,163.1,57.7,meso,maintain,high,non-veg,low,21.7
SU003866,male,22,168.2,58.5,meso,maintain,low,veg,medium,20.7
SU003867,female,18,165.9,57.7,meso,maintain,med,veg,medium,21
SU003868,female,45,157.2,52.6,meso,gain,med,non-veg,medium,21.3
SU003869,female,43,160.6,51.2,ecto,maintain,low,veg,high,19.9
SU003870,male,46,177.3,64.2,ecto,maintain,med,non-veg,low,20.4
SU003871,male,25,179.8,76.1,endo,loss,med,veg,low,23.5
SU003872,male,45,178.3,80.5,endo,loss,high,non-veg,low,25.3
SU003873,male,29,164.7,60.3,meso,maintain,med,veg,medium,22.2
SU003874,male,23,163.4,58.8,meso,maintain,med,veg,medium,22
SU003875,female,50,168.3,60,meso,loss,high,non-veg,low,21.2
SU003876,male,37,165.5,61.8,meso,maintain,med,veg,low,22.6
SU003877,male,25,168.9,57.6,ecto,maintain,med,non-veg,high,20.2
SU003878,female,44,165.3,65.2,endo,loss,med,veg,medium,23.9
SU003879,female,20,171.5,66.7,meso,maintain,med,non-veg,medium,22.7
SU003880,male,26,177.8,83.9,endo,gain,med,non-veg,medium,26.5
SU003881,female,46,166.3,57,meso,gain,low,non-veg,low,20.6
SU003882,male,52,164.6,53.6,ecto,gain,med,non-veg,low,19.8
SU003883,female,28,156.4,51.7,meso,loss,high,veg,medium,21.1
SU003884,female,19,165.7,65.9,endo,maintain,med,non-veg,medium,24
SU003885,female,42,156.3,46.7,ecto,maintain,low,veg,medium,19.1
SU003886,female,26,157.8,52.8,meso,maintain,med,non-veg,medium,21.2
SU003887,male,48,179.9,67.9,ecto,maintain,high,non-veg,high,21
SU003888,male,24,162,54.5,meso,gain,low,veg,low,20.8
SU003889,male,41,177.4,67.7,meso,loss,low,non-veg,high,21.5
SU003890,female,29,170.9,69.6,endo,maintain,low,non-veg,medium,23.8
SU003891,male,59,174.4,73.8,endo,gain,low,non-veg,high,24.3
SU003892,female,36,161.4,64.8,endo,maintain,low,non-veg,low,24.9
SU003893,female,29,161.9,63.7,endo,loss,med,non-veg,medium,24.3
SU003894,female,35,158.6,58.4,endo,loss,med,veg,medium,23.2
SU003895,female,29,154.7,44.3,ecto,gain,med,veg,medium,18.5
SU003896,male,41,166.9,52.8,ecto,gain,low,non-veg,high,19
SU003897,male,51,170.3,55.9,ecto,gain,low,non-veg,low,19.3
SU003898,male,34,167.9,58.7,meso,maintain,low,veg,high,20.8
SU003899,female,33,164.8,59.7,meso,gain,med,non-veg,high,22
SU003900,male,35,170.1,62.4,meso,maintain,low,non-veg,high,21.6
SU003901,female,56,168.8,63.7,meso,maintain,low,non-veg,medium,22.4
SU003902,female,56,166.6,63.6,endo,maintain,med,non-veg,low,22.9
SU003903,female,23,169.7,60.8,meso,maintain,low,veg,low,21.1
SU003904,male,34,172.1,77.2,endo,maintain,low,non-veg,low,26.1
SU003905,female,50,148.2,47.2,endo,maintain,med,veg,low,21.5
SU003906,female,27,155.8,50.8,meso,maintain,high,non-veg,high,20.9
SU003907,female,50,158.9,57.8,endo,maintain,low,non-veg,medium,22.9
SU003908,male,59,176.7,69.3,meso,maintain,high,veg,high,22.2
SU003909,female,55,150.2,44.2,meso,gain,med,non-veg,medium,19.6
SU003910,female,45,153,42.9,ecto,gain,med,non-veg,high,18.3
SU003911,male,39,164.6,56.5,meso,maintain,med,non-veg,high,20.9
SU003912,male,48,163,57.3,meso,maintain,med,veg,medium,21.6
SU003913,male,38,177.4,64.9,ecto,maintain,low,non-veg,medium,20.6
SU003914,male,51,171.2,63.3,meso,maintain,med,non-veg,medium,21.6
SU003915,female,31,164.4,55.6,meso,loss,med,non-veg,medium,20.6
SU003916,male,23,169,61,meso,maintain,low,veg,low,21.4
SU003917,male,51,170.1,59.8,ecto,maintain,med,non-veg,medium,20.7
SU003918,male,38,178.8,69.1,meso,maintain,low,veg,medium,21.6
SU003919,female,20,153.3,53.6,endo,loss,med,non-veg,medium,22.8
SU003920,female,53,167.9,65.6,endo,loss,med,non-veg,high,23.3
SU003921,male,39,175.1,71.5,endo,maintain,med,non-veg,medium,23.3
SU003922,female,28,148.8,47.3,endo,maintain,high,non-veg,medium,21.4
SU003923,female,38,156.6,60.6,endo,maintain,low,non-veg,medium,24.7
SU003924,male,21,164.8,61.3,endo,maintain,med,veg,low,22.6
SU003925,male,39,167.2,62.8,meso,loss,low,veg,low,22.5
SU003926,female,22,157.9,51.5,meso,loss,low,non-veg,high,20.7
SU003927,male,57,174.4,60.3,ecto,maintain,low,veg,medium,19.8
SU003928,female,33,164.1,51.9,ecto,gain,high,veg,medium,19.3
SU003929,female,27,163,55.1,meso,maintain,med,non-veg,high,20.7
SU003930,female,24,157.6,53.4,meso,loss,med,non-veg,high,21.5
SU003931,male,30,174,70.8,endo,maintain,med,non-veg,low,23.4
SU003932,male,44,167.4,57.7,meso,maintain,high,veg,low,20.6
SU003933,male,23,171.1,58.1,ecto,gain,high,non-veg,high,19.8
SU003934,female,44,158,51.7,meso,maintain,med,non-veg,low,20.7
SU003935,female,42,163.4,57,meso,maintain,low,veg,high,21.3
SU003936,female,30,172.4,62.8,meso,maintain,med,veg,high,21.1
SU003937,female,41,166.1,51.7,ecto,gain,high,non-veg,high,18.7
SU003938,male,31,178.9,71.2,meso,maintain,med,veg,high,22.2
SU003939,male,47,172.3,58.2,ecto,gain,med,veg,low,19.6
SU003940,female,58,159,59.6,endo,loss,med,veg,high,23.6
SU003941,female,36,148.2,45.1,meso,maintain,low,non-veg,medium,20.5
SU003942,male,29,175.6,70.9,meso,maintain,low,non-veg,high,23
SU003943,male,28,173.8,57.2,ecto,maintain,med,non-veg,medium,18.9
SU003944,male,52,178.4,64.2,ecto,gain,high,non-veg,high,20.2
SU003945,female,56,151.3,47.1,meso,maintain,low,non-veg,medium,20.6
SU003946,female,60,155.1,53.1,endo,maintain,high,non-veg,high,22.1
SU003947,male,19,184.2,70,ecto,maintain,high,veg,high,20.6
SU003948,female,39,158.3,47.1,ecto,gain,high,non-veg,medium,18.8
SU003949,female,20,159.9,49.9,ecto,gain,med,non-veg,high,19.5
SU003950,male,59,163.7,66.2,endo,loss,high,non-veg,high,24.7
SU003951,female,60,155.2,46.5,ecto,loss,med,non-veg,high,19.3
SU003952,male,24,172.1,65.5,meso,loss,low,veg,high,22.1
SU003953,male,42,167.1,69.9,endo,maintain,med,veg,low,25
SU003954,male,26,179.2,78.4,endo,loss,med,non-veg,high,24.4
SU003955,female,21,154.3,47,meso,maintain,high,non-veg,medium,19.7
SU003956,female,44,168.1,53.9,ecto,loss,med,non-veg,medium,19.1
SU003957,male,44,165.2,64.4,endo,maintain,low,veg,medium,23.6
SU003958,male,22,182.4,64,ecto,gain,med,non-veg,low,19.2
SU003959,male,50,174.9,62.1,ecto,gain,med,non-veg,medium,20.3
SU003960,female,37,161.6,55.8,meso,maintain,med,non-veg,medium,21.4
SU003961,female,30,158.1,48.1,ecto,maintain,med,veg,medium,19.2
SU003962,male,29,172.1,69.4,endo,loss,high,non-veg,medium,23.4
SU003963,male,26,176.6,72.2,meso,maintain,med,non-veg,high,23.2
SU003964,male,54,175.8,78.3,endo,maintain,high,veg,high,25.3
SU003965,female,60,160.4,52.7,meso,maintain,high,veg,high,20.5
SU003966,male,59,172.8,64.2,meso,maintain,med,non-veg,medium,21.5
SU003967,female,22,171.5,55.7,ecto,maintain,low,veg,high,18.9
SU003968,male,26,174.6,68.4,meso,maintain,med,non-veg,medium,22.4
SU003969,female,26,165.4,60.3,meso,loss,low,veg,medium,22
SU003970,male,52,176.8,63.7,ecto,maintain,high,non-veg,medium,20.4
SU003971,female,26,158.9,50.9,meso,maintain,med,veg,medium,20.2
SU003972,male,50,170.1,75.2,endo,maintain,med,non-veg,low,26
SU003973,female,42,152.9,48.3,meso,loss,med,non-veg,medium,20.7
SU003974,female,55,160.9,54.8,meso,loss,low,veg,high,21.2
SU003975,male,60,167.8,61.8,meso,loss,low,non-veg,high,21.9
SU003976,male,60,172.2,59.8,ecto,gain,med,non-veg,low,20.2
SU003977,female,44,163.6,55.8,meso,maintain,low,non-veg,low,20.8
SU003978,female,53,150.1,40.2,ecto,maintain,med,veg,high,17.8
SU003979,female,52,164.3,57.8,meso,loss,med,veg,high,21.4
SU003980,male,22,170.8,62.2,meso,loss,low,non-veg,medium,21.3
SU003981,female,23,140.4,40,meso,gain,med,non-veg,medium,20.3
SU003982,female,24,159,60.2,endo,maintain,med,non-veg,high,23.8
SU003983,male,54,167.3,59.1,meso,gain,high,non-veg,medium,21.1
SU003984,female,48,151.3,54.6,endo,gain,high,non-veg,low,23.9
SU003985,female,39,172.4,67.5,meso,maintain,low,non-veg,high,22.7
SU003986,female,43,162.7,57.5,meso,gain,med,veg,low,21.7
SU003987,female,55,160.5,62.4,endo,loss,med,veg,low,24.2
SU003988,female,24,157.5,51.9,meso,maintain,low,veg,low,20.9
SU003989,female,26,168.5,55.8,ecto,gain,low,non-veg,high,19.7
SU003990,male,28,167.8,54.8,ecto,gain,high,non-veg,medium,19.5
SU003991,female,28,160,63.9,endo,maintain,low,non-veg,medium,25
SU003992,female,18,164.3,57.3,meso,gain,low,non-veg,low,21.2
SU003993,female,36,164.6,68.1,endo,loss,high,non-veg,medium,25.1
SU003994,male,22,173,68.9,meso,maintain,med,veg,high,23
SU003995,female,53,165.3,61.6,meso,maintain,med,non-veg,high,22.5
SU003996,male,21,173.7,75.6,endo,loss,low,non-veg,low,25.1
SU003997,female,26,157,51.4,meso,maintain,high,non-veg,high,20.9
SU003998,male,36,164.9,59.8,meso,loss,high,non-veg,medium,22
SU003999,male,55,157.9,50.9,meso,maintain,high,non-veg,medium,20.4
SU004000,male,58,170.3,63.7,meso,maintain,med,veg,medium,22
SU004001,male,53,177.5,66.7,meso,loss,low,veg,medium,21.2
SU004002,male,30,170.1,72.2,endo,maintain,med,veg,medium,25
SU004003,male,40,181.7,74.3,meso,gain,low,non-veg,medium,22.5
SU004004,male,54,174.6,59.2,ecto,gain,med,veg,high,19.4
SU004005,male,32,164.4,64.2,endo,maintain,low,non-veg,high,23.8
SU004006,female,28,144,46.5,endo,gain,med,non-veg,high,22.4
SU004007,female,19,161.3,54,meso,maintain,med,non-veg,medium,20.8
SU004008,male,19,178.5,72.5,meso,maintain,med,non-veg,low,22.8
SU004009,female,18,163.1,53.5,ecto,maintain,med,veg,low,20.1
SU004010,female,25,160.1,48.7,ecto,maintain,high,veg,high,19
SU004011,female,46,156.5,51.7,meso,maintain,med,veg,low,21.1
SU004012,male,20,160.3,65,endo,maintain,low,veg,high,25.3
SU004013,female,35,159.6,47.8,ecto,maintain,med,non-veg,low,18.8
SU004014,female,51,159.1,53.7,meso,maintain,med,non-veg,medium,21.2
SU004015,male,42,165.5,58.4,meso,gain,med,non-veg,low,21.3
SU004016,female,24,164.4,56.1,meso,maintain,low,veg,medium,20.8
SU004017,female,37,162,55.4,meso,maintain,high,non-veg,low,21.1
SU004018,male,25,169.4,73.3,endo,maintain,med,veg,high,25.5
SU004019,female,48,157.3,59.9,endo,maintain,med,non-veg,medium,24.2
SU004020,male,59,177.7,70.2,meso,gain,med,non-veg,high,22.2
SU004021,male,50,163.5,55.3,meso,maintain,high,non-veg,low,20.7
SU004022,female,21,163.8,50.9,ecto,gain,med,non-veg,high,19
SU004023,male,52,178.6,70.4,meso,maintain,low,non-veg,high,22.1
SU004024,female,39,167.9,60.5,meso,maintain,high,non-veg,medium,21.5
SU004025,male,58,174.4,57.5,ecto,maintain,low,veg,medium,18.9
SU004026,female,28,157.6,54.1,meso,gain,med,non-veg,medium,21.8
SU004027,female,48,159.1,54.2,meso,maintain,high,non-veg,high,21.4
SU004028,female,48,159,53.2,meso,maintain,med,non-veg,low,21
SU004029,male,25,181,87.1,endo,gain,low,non-veg,high,26.6
SU004030,male,26,177.7,72.4,meso,loss,med,non-veg,high,22.9
SU004031,male,55,169.4,58.3,ecto,maintain,med,non-veg,medium,20.3
SU004032,female,52,164.1,67.2,endo,loss,high,non-veg,low,25
SU004033,male,40,176,67.2,meso,maintain,low,non-veg,low,21.7
SU004034,male,37,177.5,77,endo,loss,med,non-veg,high,24.4
SU004035,female,59,165.8,55.4,ecto,maintain,low,non-veg,high,20.2
SU004036,female,42,162.3,51.5,ecto,gain,med,veg,medium,19.6
SU004037,male,31,161.5,50.6,ecto,maintain,low,non-veg,medium,19.4
SU004038,male,43,170.6,55.9,ecto,loss,med,veg,high,19.2
SU004039,female,28,160.4,56.5,meso,maintain,high,veg,high,22
SU004040,male,50,176.1,77.8,endo,maintain,low,non-veg,medium,25.1
SU004041,female,33,174,57,ecto,gain,med,veg,high,18.8
SU004042,male,42,175.1,70.8,meso,maintain,med,non-veg,high,23.1
SU004043,female,38,147.3,44.1,meso,maintain,low,veg,medium,20.3
SU004044,male,54,175.8,66.9,meso,maintain,med,veg,low,21.6
SU004045,male,42,173,64.9,meso,loss,med,non-veg,high,21.7
SU004046,female,55,156.3,44.1,ecto,gain,low,veg,medium,18.1
SU004047,male,42,177.9,78.8,endo,maintain,low,veg,low,24.9
SU004048,female,48,160.9,61.1,endo,loss,low,non-veg,high,23.6
SU004049,male,35,171.5,60.1,ecto,maintain,low,non-veg,low,20.4
SU004050,male,59,176.6,76.2,endo,loss,med,non-veg,medium,24.4
SU004051,male,40,178.2,68.5,meso,loss,med,non-veg,medium,21.6
SU004052,male,25,176.2,67.6,meso,maintain,low,non-veg,high,21.8
SU004053,male,28,172.2,62.7,meso,maintain,med,non-veg,low,21.1
SU004054,male,50,164.1,62.2,endo,maintain,high,veg,high,23.1
SU004055,female,26,163.5,52,ecto,maintain,med,non-veg,low,19.5
SU004056,male,38,171.4,70.1,endo,gain,med,veg,high,23.9
SU004057,male,32,170.6,67.2,endo,maintain,low,veg,high,23.1
SU004058,female,34,156.6,49.6,meso,gain,high,non-veg,low,20.2
SU004059,female,21,161,60.5,endo,loss,high,non-veg,medium,23.3
SU004060,female,27,168.5,66.5,endo,gain,med,non-veg,medium,23.4
SU004061,female,58,163.8,49.1,ecto,maintain,low,non-veg,medium,18.3
SU004062,male,39,165,68.9,endo,maintain,med,veg,medium,25.3
SU004063,female,55,156.4,43.5,ecto,maintain,low,non-veg,high,17.8
SU004064,female,36,160.8,46.9,ecto,maintain,med,veg,low,18.1
SU004065,female,18,167,56.8,ecto,maintain,med,non-veg,medium,20.4
SU004066,female,49,154.1,54.1,endo,gain,med,non-veg,medium,22.8
SU004067,female,26,165,50.3,ecto,loss,med,veg,medium,18.5
SU004068,male,52,167.4,52.5,ecto,gain,med,non-veg,medium,18.7
SU004069,male,52,163,54.5,meso,loss,med,veg,medium,20.5
SU004070,female,56,155,57.1,endo,maintain,low,non-veg,medium,23.8
SU004071,female,53,154.1,54.5,endo,loss,low,non-veg,medium,23
SU004072,male,33,176.3,70.9,meso,gain,med,non-veg,low,22.8
SU004073,male,57,172.3,60.2,ecto,gain,low,non-veg,high,20.3
SU004074,female,20,165.7,61,meso,maintain,med,veg,low,22.2
SU004075,male,36,162.9,55.5,meso,gain,low,veg,medium,20.9
SU004076,female,49,153.2,42,ecto,gain,high,non-veg,medium,17.9
SU004077,male,54,174.6,79.2,endo,maintain,med,veg,medium,26
SU004078,female,32,154.7,50.5,meso,maintain,low,non-veg,medium,21.1
SU004079,female,48,148.1,40,ecto,gain,high,non-veg,high,18.2
SU004080,female,25,153.4,48.7,meso,gain,med,non-veg,medium,20.7
SU004081,male,48,161.4,61.8,endo,maintain,high,non-veg,high,23.7
SU004082,male,45,171.8,72.3,endo,loss,med,veg,medium,24.5
SU004083,male,37,164.9,67.6,endo,maintain,low,veg,high,24.9
SU004084,male,27,174.8,64.4,meso,gain,high,non-veg,medium,21.1
SU004085,male,28,158.8,56.9,endo,maintain,med,non-veg,high,22.6
SU004086,male,57,171.3,74,endo,maintain,low,non-veg,low,25.2
SU004087,female,41,162.8,49.2,ecto,gain,med,veg,high,18.6
SU004088,female,54,172.5,66.9,meso,maintain,med,non-veg,low,22.5
SU004089,female,53,169.9,61.5,meso,maintain,high,veg,medium,21.3
SU004090,female,44,160.3,50.1,ecto,maintain,low,non-veg,low,19.5
SU004091,male,46,171.8,73.3,endo,maintain,med,veg,medium,24.8
SU004092,female,37,156.3,46,ecto,gain,high,non-veg,medium,18.8
SU004093,male,41,174.1,60.9,ecto,gain,high,non-veg,medium,20.1
SU004094,female,46,165.8,59.6,meso,gain,med,non-veg,medium,21.7
SU004095,male,60,175.1,68.9,meso,maintain,low,veg,high,22.5
SU004096,male,45,179.4,73,meso,loss,med,veg,medium,22.7
SU004097,male,48,177,65.5,ecto,loss,low,veg,low,20.9
SU004098,female,25,157.5,46.4,ecto,maintain,low,non-veg,high,18.7
SU004099,male,46,171.4,57.4,ecto,maintain,low,non-veg,high,19.5
SU004100,female,18,153.3,47.8,meso,maintain,med,veg,high,20.3
SU004101,male,36,167,56.8,ecto,loss,med,veg,high,20.4
SU004102,female,20,163.3,52.1,ecto,gain,low,veg,low,19.5
SU004103,male,38,171,62.5,meso,maintain,high,veg,medium,21.4
SU004104,male,59,173.7,62.4,ecto,maintain,low,non-veg,medium,20.7
SU004105,female,20,168.2,64.4,meso,loss,low,non-veg,low,22.8
SU004106,male,27,173.5,73.3,endo,maintain,med,non-veg,high,24.4
SU004107,female,36,168.9,59.6,meso,gain,low,non-veg,low,20.9
SU004108,female,32,173.3,65.6,meso,loss,med,non-veg,medium,21.8
SU004109,male,41,178.3,68.3,meso,loss,low,non-veg,medium,21.5
SU004110,female,53,158.1,57.5,endo,maintain,high,non-veg,medium,23
SU004111,female,25,151.4,44,meso,gain,low,veg,high,19.2
SU004112,male,57,157.4,60.4,endo,maintain,low,non-veg,medium,24.4
SU004113,male,30,169.5,63.5,meso,gain,med,non-veg,high,22.1
SU004114,female,53,152.4,44.9,meso,maintain,low,non-veg,medium,19.3
SU004115,male,39,183.6,74.9,meso,gain,low,veg,high,22.2
SU004116,male,55,168.3,52.7,ecto,gain,high,veg,medium,18.6
SU004117,female,30,154.6,44.8,ecto,gain,high,non-veg,medium,18.7
SU004118,male,25,164.9,53.6,ecto,maintain,low,non-veg,medium,19.7
SU004119,male,45,169.9,74.3,endo,maintain,low,non-veg,low,25.7
SU004120,male,18,167.8,54.6,ecto,gain,med,veg,medium,19.4
SU004121,female,20,160.2,64.6,endo,maintain,med,non-veg,medium,25.2
SU004122,male,26,182.3,80.5,endo,maintain,med,non-veg,high,24.2
SU004123,male,38,179.9,72,meso,maintain,high,non-veg,low,22.2
SU004124,female,19,149.5,40,ecto,gain,low,non-veg,medium,17.9
SU004125,male,21,166,60.3,meso,maintain,high,non-veg,medium,21.9
SU004126,male,58,164.6,51.8,ecto,gain,low,veg,low,19.1
SU004127,female,44,164.8,52.1,ecto,gain,low,non-veg,low,19.2
SU004128,female,34,158.6,46.7,ecto,gain,low,non-veg,high,18.6
SU004129,male,43,164.3,68.1,endo,maintain,low,non-veg,medium,25.2
SU004130,female,56,159.6,45.6,ecto,maintain,low,veg,medium,17.9
SU004131,female,45,167,59.6,meso,maintain,high,non-veg,high,21.4
SU004132,male,31,164.7,51.3,ecto,gain,high,non-veg,high,18.9
SU004133,female,36,165.9,61.9,meso,gain,med,non-veg,medium,22.5
SU004134,male,26,179.6,85.9,endo,gain,high,veg,high,26.6
SU004135,female,42,156.2,47.1,ecto,gain,high,non-veg,high,19.3
SU004136,female,49,153.2,44,ecto,gain,med,veg,high,18.7
SU004137,male,54,170.5,55.7,ecto,maintain,high,veg,low,19.2
SU004138,female,50,170.9,61.7,meso,maintain,med,non-veg,low,21.1
SU004139,female,41,157.1,51.2,meso,maintain,low,non-veg,high,20.7
SU004140,male,33,173.7,64.5,meso,maintain,low,non-veg,medium,21.4
SU004141,male,57,167.5,61.1,meso,maintain,med,non-veg,high,21.8
SU004142,male,28,166.9,71.3,endo,loss,med,non-veg,high,25.6
SU004143,female,49,151.3,40,ecto,maintain,high,non-veg,medium,17.5
SU004144,female,35,170.1,66.2,meso,maintain,med,non-veg,medium,22.9
SU004145,female,33,159.7,53.9,meso,maintain,low,veg,high,21.1
SU004146,female,47,156.9,57.5,endo,maintain,med,non-veg,medium,23.4
SU004147,female,48,170.7,62.3,meso,maintain,low,veg,high,21.4
SU004148,female,33,165.8,56.8,meso,maintain,high,veg,low,20.7
SU004149,female,48,172.7,70.1,endo,maintain,med,non-veg,low,23.5
SU004150,male,57,166.3,53.6,ecto,gain,low,non-veg,high,19.4
SU004151,female,47,168.5,55.6,ecto,maintain,med,veg,low,19.6
SU004152,male,24,178.7,76.8,endo,maintain,low,veg,high,24
SU004153,male,55,167,70.6,endo,loss,med,non-veg,medium,25.3
SU004154,female,47,159.8,54.2,meso,maintain,med,non-veg,medium,21.2
SU004155,female,46,159.2,60.7,endo,maintain,low,non-veg,high,23.9
SU004156,male,26,167.6,59.7,meso,loss,low,non-veg,high,21.3
SU004157,female,60,168.6,61.9,meso,maintain,med,non-veg,medium,21.8
SU004158,female,31,159.3,53.8,meso,maintain,med,veg,low,21.2
SU004159,female,58,165.8,60.7,meso,loss,med,veg,high,22.1
SU004160,female,58,165.1,53.1,ecto,maintain,med,non-veg,medium,19.5
SU004161,male,50,172.8,74.9,endo,maintain,med,non-veg,medium,25.1
SU004162,female,54,152.3,44.1,ecto,maintain,med,non-veg,low,19
SU004163,male,53,171.8,64,meso,maintain,low,non-veg,low,21.7
SU004164,male,43,179.1,61.3,ecto,gain,low,non-veg,medium,19.1
SU004165,male,54,173,65.8,meso,loss,med,non-veg,high,22
SU004166,female,58,159.9,57.9,endo,loss,med,non-veg,low,22.6
SU004167,female,55,157.9,61.4,endo,gain,med,non-veg,low,24.6
SU004168,female,25,166.9,58.3,meso,loss,med,veg,medium,20.9
SU004169,female,31,155.4,56,endo,maintain,low,veg,medium,23.2
SU004170,female,26,164.7,57.2,meso,loss,high,veg,high,21.1
SU004171,male,18,185.2,65.8,ecto,gain,med,non-veg,low,19.2
SU004172,male,50,172.1,58.9,ecto,loss,med,veg,medium,19.9
SU004173,female,43,162.4,54.2,meso,maintain,med,non-veg,high,20.6
SU004174,male,47,167.8,54.3,ecto,gain,high,veg,low,19.3
SU004175,male,21,176.5,63.4,ecto,gain,low,veg,high,20.4
SU004176,female,52,153.6,49.3,meso,maintain,med,non-veg,low,20.9
SU004177,male,21,170,62.3,meso,gain,low,non-veg,medium,21.6
SU004178,female,22,166.4,55.5,ecto,maintain,med,veg,medium,20
SU004179,female,60,166.3,66.2,endo,maintain,low,non-veg,low,23.9
SU004180,male,55,170.5,74.6,endo,maintain,low,veg,medium,25.7
SU004181,female,31,159.3,63.9,endo,maintain,low,non-veg,medium,25.2
SU004182,male,42,169.1,58.8,ecto,maintain,med,non-veg,high,20.6
SU004183,male,37,164.1,67.1,endo,gain,med,veg,high,24.9
SU004184,female,58,169,66.7,endo,gain,med,non-veg,medium,23.4
SU004185,male,56,170.2,61.9,meso,maintain,med,non-veg,medium,21.4
SU004186,male,48,166.9,54.8,ecto,gain,low,non-veg,medium,19.7
SU004187,male,38,180.8,66,ecto,loss,med,non-veg,high,20.2
SU004188,male,31,172.5,71.1,endo,loss,med,non-veg,medium,23.9
SU004189,male,33,169.5,60.3,meso,maintain,med,non-veg,low,21
SU004190,male,51,172,58.9,ecto,gain,med,non-veg,low,19.9
SU004191,male,48,174.3,66,meso,gain,high,non-veg,medium,21.7
SU004192,female,53,163.5,54.3,meso,maintain,low,non-veg,medium,20.3
SU004193,male,53,173.3,74.7,endo,maintain,med,non-veg,low,24.9
SU004194,female,24,174.7,68.2,meso,maintain,high,non-veg,high,22.3
SU004195,male,44,171,61,meso,maintain,low,non-veg,medium,20.9
SU004196,male,24,177.6,77,endo,maintain,high,veg,medium,24.4
SU004197,male,52,171.2,65.2,meso,maintain,med,veg,high,22.2
SU004198,male,38,173.1,68.4,meso,maintain,low,non-veg,medium,22.8
SU004199,female,56,154.5,50.5,meso,maintain,high,veg,medium,21.2
SU004200,female,42,156.6,45,ecto,gain,med,non-veg,medium,18.3
SU004201,male,37,174,75.7,endo,gain,med,non-veg,medium,25
SU004202,male,45,186.7,86,endo,loss,low,veg,high,24.7
SU004203,female,36,157.9,45.2,ecto,gain,high,non-veg,medium,18.1
SU004204,male,38,176.9,72.9,endo,maintain,low,non-veg,high,23.3
SU004205,female,28,161.4,54.6,meso,maintain,low,non-veg,medium,21
SU004206,female,55,175.8,64.7,ecto,loss,med,non-veg,medium,20.9
SU004207,female,41,155.2,45.9,ecto,gain,med,non-veg,medium,19.1
SU004208,female,59,161.6,63.3,endo,maintain,med,veg,high,24.2
SU004209,female,34,149.4,48.8,endo,maintain,med,non-veg,low,21.9
SU004210,female,48,164.6,56,meso,maintain,low,non-veg,low,20.7
SU004211,female,46,150,46.2,meso,maintain,high,veg,high,20.5
SU004212,female,39,150.5,44.2,meso,gain,med,non-veg,high,19.5
SU004213,male,58,169.8,70,endo,maintain,high,veg,low,24.3
SU004214,female,36,169.6,55.1,ecto,maintain,med,veg,low,19.2
SU004215,female,26,161.7,66.1,endo,gain,med,non-veg,high,25.3
SU004216,female,39,164.1,51.1,ecto,gain,med,non-veg,high,19
SU004217,female,55,150.3,43.5,meso,gain,low,non-veg,high,19.3
SU004218,male,51,171.8,64.6,meso,gain,med,non-veg,medium,21.9
SU004219,male,48,166.3,64.6,endo,maintain,med,non-veg,low,23.4
SU004220,male,45,168.5,73.9,endo,maintain,med,non-veg,medium,26
SU004221,female,39,154.8,56.6,endo,maintain,med,non-veg,medium,23.6
SU004222,male,56,191.2,86,meso,maintain,high,non-veg,high,23.5
SU004223,male,19,175.4,75.8,endo,loss,med,non-veg,medium,24.6
SU004224,female,42,164.5,51.4,ecto,gain,low,veg,low,19
SU004225,male,47,170.4,61.2,meso,maintain,low,non-veg,high,21.1
SU004226,female,53,149.6,40,ecto,loss,high,non-veg,high,17.9
SU004227,female,18,162,57.1,meso,maintain,med,non-veg,medium,21.8
SU004228,female,27,154.6,50.5,meso,maintain,low,non-veg,medium,21.1
SU004229,male,40,169.9,54.3,ecto,maintain,low,veg,medium,18.8
SU004230,female,53,160.7,49.1,ecto,gain,med,veg,high,19
SU004231,female,32,156.3,51.1,meso,maintain,high,non-veg,low,20.9
SU004232,male,48,186.8,67.9,ecto,loss,low,non-veg,medium,19.5
SU004233,female,51,163.4,52.9,ecto,gain,med,veg,high,19.8
SU004234,male,45,183.4,74.4,meso,gain,low,non-veg,medium,22.1
SU004235,female,48,160.5,56.1,meso,maintain,high,non-veg,medium,21.8
SU004236,male,38,185.3,91,endo,loss,med,non-veg,medium,26.5
SU004237,male,36,166.3,54,ecto,loss,low,non-veg,high,19.5
SU004238,female,38,152,48,meso,maintain,low,veg,medium,20.8
SU004239,male,20,170.7,65.5,meso,maintain,low,non-veg,low,22.5
SU004240,female,55,165.6,52.7,ecto,gain,med,veg,medium,19.2
SU004241,male,23,172.6,66.7,meso,maintain,med,non-veg,medium,22.4
SU004242,female,20,164.9,49.8,ecto,gain,high,veg,medium,18.3
SU004243,male,26,166.3,59,meso,maintain,low,non-veg,medium,21.3
SU004244,female,57,147.5,40.2,ecto,gain,med,veg,medium,18.5
SU004245,male,32,159.9,59.1,endo,maintain,med,non-veg,medium,23.1
SU004246,male,49,173,60.8,ecto,maintain,med,veg,low,20.3
SU004247,male,34,170.5,55.5,ecto,gain,med,non-veg,medium,19.1
SU004248,male,20,166.1,50.7,ecto,gain,low,non-veg,high,18.4
SU004249,female,49,157.4,51.4,meso,maintain,high,veg,low,20.7
SU004250,female,31,158.7,45.5,ecto,maintain,high,non-veg,medium,18.1
SU004251,female,52,156.5,58,endo,maintain,low,non-veg,low,23.7
SU004252,male,41,168.4,54.7,ecto,maintain,med,veg,high,19.3
SU004253,female,32,152.5,42.3,ecto,maintain,high,veg,low,18.2
SU004254,male,55,174.9,66.1,meso,maintain,med,non-veg,medium,21.6
SU004255,male,53,181.5,67.1,ecto,loss,med,non-veg,high,20.4
SU004256,female,49,168.9,58.5,ecto,maintain,med,non-veg,low,20.5
SU004257,female,34,159.8,52.1,meso,maintain,high,veg,high,20.4
SU004258,female,60,162.8,57.9,meso,maintain,med,non-veg,high,21.8
SU004259,female,34,167.1,56.3,ecto,maintain,med,non-veg,high,20.2
SU004260,female,56,148,44.6,meso,maintain,high,veg,medium,20.4
SU004261,female,33,163.1,56.4,meso,maintain,high,non-veg,medium,21.2
SU004262,female,36,166,61.8,meso,loss,low,non-veg,high,22.4
SU004263,male,45,168.4,61.9,meso,loss,low,veg,low,21.8
SU004264,female,27,164.7,67.2,endo,maintain,low,veg,low,24.8
SU004265,male,54,169.9,62.8,meso,loss,low,veg,high,21.8
SU004266,female,52,162.5,56.4,meso,loss,low,non-veg,medium,21.4
SU004267,male,46,180.7,66.5,ecto,loss,low,non-veg,low,20.4
SU004268,male,33,173.8,62.3,ecto,loss,med,non-veg,low,20.6
SU004269,female,45,163.2,57.3,meso,maintain,med,non-veg,high,21.5
SU004270,female,52,148.5,50.4,endo,gain,med,non-veg,medium,22.9
SU004271,female,35,152.9,46,meso,gain,low,veg,medium,19.7
SU004272,female,44,170.2,65.8,meso,maintain,med,non-veg,high,22.7
SU004273,female,59,162.3,54,meso,maintain,med,non-veg,high,20.5
SU004274,male,24,172.5,67.9,meso,maintain,med,veg,medium,22.8
SU004275,male,30,174,56.7,ecto,maintain,med,non-veg,medium,18.7
SU004276,female,52,158.2,61.9,endo,gain,low,non-veg,medium,24.7
SU004277,male,50,169.4,60,meso,maintain,med,non-veg,medium,20.9
SU004278,male,54,174.9,69.5,meso,gain,high,non-veg,low,22.7
SU004279,male,19,175.9,67.3,meso,maintain,med,veg,medium,21.8
SU004280,male,27,180.7,75.3,meso,maintain,high,veg,low,23.1
SU004281,male,27,175.4,81,endo,maintain,high,veg,high,26.3
SU004282,male,33,171.9,63.3,meso,loss,high,veg,low,21.4
SU004283,female,57,156.8,54.2,endo,maintain,med,non-veg,medium,22
SU004284,female,59,147.9,45,meso,loss,high,non-veg,medium,20.6
SU004285,male,44,174.7,64.1,meso,gain,med,non-veg,high,21
SU004286,female,30,158.8,49,ecto,gain,med,non-veg,high,19.4
SU004287,male,57,166.2,54.6,ecto,maintain,high,veg,high,19.8
SU004288,male,48,180.9,64,ecto,gain,low,non-veg,medium,19.6
SU004289,female,57,160.8,54.9,meso,gain,med,non-veg,low,21.2
SU004290,male,27,178.6,72,meso,loss,high,veg,medium,22.6
SU004291,female,34,146,40,ecto,gain,low,non-veg,medium,18.8
SU004292,female,36,155.4,44.2,ecto,maintain,low,non-veg,high,18.3
SU004293,male,21,182,71.7,meso,maintain,med,non-veg,low,21.6
SU004294,male,48,170.9,67.2,endo,maintain,med,non-veg,medium,23
SU004295,female,52,153.3,40.9,ecto,gain,med,veg,high,17.4
SU004296,male,25,172,63,meso,maintain,low,non-veg,low,21.3
SU004297,male,36,166.5,51,ecto,loss,low,non-veg,medium,18.4
SU004298,female,43,163,53.4,ecto,maintain,high,non-veg,high,20.1
SU004299,male,45,169.8,55.8,ecto,maintain,low,non-veg,low,19.4
SU004300,female,43,159,56.2,endo,maintain,low,veg,low,22.2
SU004301,male,30,165.6,52.1,ecto,gain,low,veg,medium,19
SU004302,female,20,155.3,47.4,meso,maintain,low,non-veg,medium,19.7
SU004303,male,18,173.3,72.8,endo,maintain,med,veg,high,24.2
SU004304,male,41,167.8,59.1,meso,loss,low,non-veg,low,21
SU004305,male,27,158.3,50.1,meso,gain,high,non-veg,high,20
SU004306,female,19,173.5,59.2,ecto,gain,med,non-veg,medium,19.7
SU004307,male,60,173.1,65.8,meso,maintain,low,non-veg,medium,22
SU004308,female,40,162.9,53.3,ecto,maintain,high,veg,medium,20.1
SU004309,male,43,181.5,78.2,endo,loss,med,veg,medium,23.7
SU004310,male,34,179.4,63.4,ecto,maintain,low,non-veg,medium,19.7
SU004311,female,46,166,55.5,ecto,maintain,high,non-veg,medium,20.1
SU004312,male,54,168.9,68,endo,gain,low,non-veg,medium,23.8
SU004313,male,52,178.8,73,meso,gain,med,veg,medium,22.8
SU004314,female,23,154.6,47.2,meso,gain,med,veg,high,19.7
SU004315,female,31,161.2,53.2,meso,gain,high,non-veg,medium,20.5
SU004316,female,48,157.7,49.5,meso,gain,med,non-veg,medium,19.9
SU004317,female,36,165.3,70.2,endo,gain,med,non-veg,high,25.7
SU004318,male,25,166.6,58.7,meso,maintain,low,veg,medium,21.1
SU004319,male,25,166.9,52.8,ecto,gain,high,veg,medium,19
SU004320,male,26,175.9,64.1,ecto,loss,high,non-veg,high,20.7
SU004321,male,23,177,71.4,meso,loss,med,non-veg,low,22.8
SU004322,female,57,146.6,40,ecto,gain,low,non-veg,medium,18.6
SU004323,female,36,169.5,61.1,meso,maintain,low,non-veg,low,21.3
SU004324,male,45,168.7,56.8,ecto,maintain,low,non-veg,low,20
SU004325,male,32,172.1,66.1,meso,gain,low,non-veg,high,22.3
SU004326,male,58,174.8,67,meso,maintain,med,non-veg,high,21.9
SU004327,male,53,170.2,74.5,endo,maintain,med,non-veg,medium,25.7
SU004328,female,49,155,48.9,meso,maintain,med,veg,high,20.4
SU004329,female,33,154.3,50.5,meso,maintain,med,veg,medium,21.2
SU004330,male,22,171.9,61.8,meso,gain,high,non-veg,high,20.9
SU004331,male,48,165.7,52.9,ecto,gain,high,veg,medium,19.3
SU004332,female,28,164.7,55.5,meso,maintain,low,non-veg,high,20.5
SU004333,male,50,166,51.7,ecto,gain,low,non-veg,medium,18.8
SU004334,male,36,171.8,60.5,ecto,loss,high,veg,medium,20.5
SU004335,female,29,152.6,48.5,meso,maintain,med,non-veg,medium,20.8
SU004336,female,50,159.5,62.8,endo,maintain,low,veg,high,24.7
SU004337,female,56,163.8,49.8,ecto,maintain,med,non-veg,high,18.6
SU004338,female,26,174.5,69.4,meso,gain,high,non-veg,low,22.8
SU004339,female,25,159.7,55.3,meso,maintain,med,non-veg,high,21.7
SU004340,female,30,163.9,53.8,ecto,maintain,low,non-veg,medium,20
SU004341,male,37,161.4,53.9,meso,maintain,low,veg,low,20.7
SU004342,female,22,152.9,49.3,meso,maintain,med,veg,low,21.1
SU004343,male,60,163.7,67.7,endo,maintain,med,veg,high,25.3
SU004344,female,53,149.9,44.4,meso,gain,med,non-veg,medium,19.8
SU004345,male,49,171.5,60.9,ecto,maintain,med,non-veg,low,20.7
SU004346,male,26,169.3,64.8,meso,loss,low,veg,low,22.6
SU004347,male,21,170.3,55.4,ecto,gain,med,veg,high,19.1
SU004348,female,51,156.6,54.8,endo,loss,high,non-veg,high,22.3
SU004349,male,29,172,60.9,ecto,gain,low,veg,medium,20.6
SU004350,female,21,170,71.7,endo,maintain,med,non-veg,medium,24.8
SU004351,male,48,175.9,62.3,ecto,loss,med,non-veg,high,20.1
SU004352,male,45,171,67.6,endo,loss,med,veg,medium,23.1
SU004353,male,46,174.8,62,ecto,maintain,low,veg,high,20.3
SU004354,male,52,167.8,57.2,ecto,maintain,med,veg,medium,20.3
SU004355,male,24,171.6,60.2,ecto,maintain,low,veg,medium,20.4
SU004356,male,46,175.6,73.8,endo,maintain,high,veg,medium,23.9
SU004357,male,31,163.1,66.6,endo,maintain,med,veg,low,25
SU004358,male,51,171.4,72.6,endo,maintain,low,non-veg,high,24.7
SU004359,male,39,164.9,56.1,meso,gain,med,veg,low,20.6
SU004360,male,31,179.5,72.8,meso,maintain,med,veg,medium,22.6
SU004361,female,31,165.8,63,endo,loss,low,veg,high,22.9
SU004362,female,39,162.7,54.2,meso,loss,low,veg,low,20.5
SU004363,male,32,178.6,71.6,meso,loss,med,non-veg,low,22.4
SU004364,female,24,157.8,56.8,endo,gain,med,non-veg,high,22.8
SU004365,male,20,163.3,54.8,meso,maintain,high,non-veg,high,20.5
SU004366,female,48,162.9,52.5,ecto,gain,med,non-veg,medium,19.8
SU004367,male,54,177,70.2,meso,loss,low,non-veg,low,22.4
SU004368,male,46,158.7,58.2,endo,maintain,high,non-veg,low,23.1
SU004369,male,32,164.4,59.5,meso,maintain,high,veg,high,22
SU004370,female,52,158.2,58.4,endo,gain,high,non-veg,medium,23.3
SU004371,female,52,166.3,64.9,endo,gain,high,non-veg,medium,23.5
SU004372,female,23,174.6,74.7,endo,maintain,high,non-veg,medium,24.5
SU004373,female,18,154.8,50.5,meso,maintain,low,veg,medium,21.1
SU004374,male,19,172.1,60.8,ecto,maintain,high,non-veg,low,20.5
SU004375,male,42,175.3,66.8,meso,maintain,low,veg,medium,21.7
SU004376,male,21,157.5,46.1,ecto,gain,high,veg,medium,18.6
SU004377,female,57,153.7,46.7,meso,gain,med,veg,high,19.8
SU004378,female,53,158.6,51.7,meso,maintain,low,veg,medium,20.6
SU004379,male,30,178,67.9,meso,gain,med,non-veg,high,21.4
SU004380,female,40,163.8,50.9,ecto,maintain,med,veg,medium,19
SU004381,male,37,174.1,60,ecto,maintain,low,veg,high,19.8
SU004382,female,35,159,54,meso,gain,high,non-veg,high,21.4
SU004383,male,58,171.1,57.3,ecto,gain,high,veg,high,19.6
SU004384,male,41,169.1,60.9,meso,maintain,med,non-veg,medium,21.3
SU004385,female,36,163.9,55.1,meso,maintain,high,non-veg,high,20.5
SU004386,male,29,180.2,74.3,meso,gain,med,non-veg,high,22.9
SU004387,male,35,169.4,67.1,endo,maintain,med,veg,medium,23.4
SU004388,female,54,149.2,40,ecto,gain,high,non-veg,medium,18
SU004389,female,19,160.5,64.5,endo,loss,med,veg,medium,25
SU004390,male,59,164.5,58.4,meso,maintain,med,non-veg,medium,21.6
SU004391,female,33,163.8,57.3,meso,loss,med,non-veg,medium,21.4
SU004392,male,38,160.9,51.3,ecto,gain,high,non-veg,medium,19.8
SU004393,female,26,153.9,57.9,endo,maintain,med,veg,medium,24.4
SU004394,male,55,173.7,58,ecto,maintain,low,non-veg,medium,19.2
SU004395,male,25,182.6,73.8,meso,gain,high,non-veg,high,22.1
SU004396,female,54,161,51,ecto,gain,med,non-veg,medium,19.7
SU004397,female,49,173.1,62.4,ecto,maintain,low,veg,medium,20.8
SU004398,female,46,157.2,56.8,endo,gain,med,non-veg,low,23
SU004399,male,23,165.3,59.9,meso,gain,high,veg,medium,21.9
SU004400,female,47,151.9,52.5,endo,gain,low,non-veg,medium,22.8
SU004401,female,53,145.9,40,ecto,gain,low,veg,medium,18.8
SU004402,male,33,174.4,79.4,endo,maintain,med,non-veg,low,26.1
SU004403,female,31,152.8,54.9,endo,maintain,med,veg,high,23.5
SU004404,female,42,161.4,57.7,meso,maintain,med,non-veg,medium,22.1
SU004405,female,28,161.3,56.9,meso,maintain,med,non-veg,medium,21.9
SU004406,male,47,185.6,80.2,meso,maintain,high,veg,low,23.3
SU004407,female,30,157.8,51.2,meso,maintain,low,non-veg,medium,20.6
SU004408,female,51,161.7,50.3,ecto,maintain,low,veg,high,19.2
SU004409,male,42,175.5,58.9,ecto,gain,med,non-veg,low,19.1
SU004410,female,20,154.2,44.1,ecto,gain,med,veg,medium,18.5
SU004411,male,31,174.5,59.1,ecto,gain,med,veg,low,19.4
SU004412,male,27,183.4,71.2,ecto,maintain,med,veg,low,21.2
SU004413,male,35,168,63.7,meso,maintain,low,veg,medium,22.6
SU004414,male,59,164.4,55.3,meso,loss,med,veg,high,20.5
SU004415,male,52,166.8,53.2,ecto,gain,med,non-veg,low,19.1
SU004416,male,19,174.3,80,endo,gain,high,non-veg,high,26.3
SU004417,female,45,164.7,56.4,meso,maintain,med,veg,low,20.8
SU004418,female,40,158.4,56.4,endo,maintain,med,non-veg,medium,22.5
SU004419,female,33,160.3,52.9,meso,maintain,med,veg,medium,20.6
SU004420,male,46,170,63.5,meso,maintain,low,non-veg,high,22
SU004421,female,28,152.6,45.7,meso,gain,high,veg,low,19.6
SU004422,female,50,163.8,51.5,ecto,gain,med,non-veg,medium,19.2
SU004423,male,50,175.2,76.4,endo,maintain,med,non-veg,high,24.9
SU004424,male,50,173.8,67.2,meso,loss,low,non-veg,medium,22.2
SU004425,male,46,182,73,meso,loss,high,non-veg,medium,22
SU004426,female,24,148.8,42.3,meso,maintain,med,veg,medium,19.1
SU004427,female,22,166.9,58.9,meso,maintain,low,non-veg,medium,21.1
SU004428,male,47,179.8,67.6,ecto,maintain,high,non-veg,medium,20.9
SU004429,female,32,160.6,57.9,endo,gain,low,veg,low,22.4
SU004430,female,50,162.1,53.6,meso,loss,med,non-veg,high,20.4
SU004431,male,20,171.4,66.8,meso,maintain,med,non-veg,medium,22.7
SU004432,female,19,163.9,66.4,endo,maintain,high,veg,high,24.7
SU004433,female,31,158.6,54.8,meso,loss,low,non-veg,high,21.8
SU004434,female,54,157.9,47.5,ecto,maintain,low,non-veg,high,19.1
SU004435,male,34,166.1,54.1,ecto,gain,low,veg,medium,19.6
SU004436,male,28,182,80.3,endo,maintain,low,veg,high,24.2
SU004437,male,35,182.3,88.4,endo,maintain,low,non-veg,high,26.6
SU004438,male,38,174,65.5,meso,gain,high,non-veg,medium,21.6
SU004439,female,21,162.8,61.7,endo,gain,low,non-veg,high,23.3
SU004440,female,49,151.1,46,meso,gain,med,non-veg,medium,20.1
SU004441,female,27,155.6,51.3,meso,maintain,low,non-veg,low,21.2
SU004442,female,60,171.2,65.7,meso,maintain,med,non-veg,high,22.4
SU004443,female,24,165.8,61.1,meso,loss,low,non-veg,low,22.2
SU004444,male,41,177.1,81.1,endo,maintain,low,veg,medium,25.9
SU004445,female,20,172.1,63.3,meso,maintain,med,non-veg,medium,21.4
SU004446,male,37,168.7,67.3,endo,loss,low,veg,high,23.6
SU004447,female,49,161.3,64.7,endo,loss,low,non-veg,medium,24.9
SU004448,female,29,158.2,50,meso,maintain,low,non-veg,high,20
SU004449,male,44,172.5,68.4,meso,maintain,med,veg,low,23
SU004450,male,46,171.6,62.7,meso,maintain,low,non-veg,high,21.3
SU004451,female,27,152.4,48,meso,maintain,low,non-veg,high,20.7
SU004452,male,47,178.2,74,endo,maintain,low,veg,medium,23.3
SU004453,female,40,166.5,67.1,endo,maintain,low,non-veg,high,24.2
SU004454,female,41,160.2,54.1,meso,maintain,med,non-veg,medium,21.1
SU004455,female,45,163.6,55.7,meso,maintain,med,non-veg,low,20.8
SU004456,male,34,165.3,52.1,ecto,gain,high,non-veg,low,19.1
SU004457,male,41,156.3,52.1,meso,loss,med,veg,high,21.3
SU004458,male,28,175.6,70.2,meso,maintain,low,non-veg,high,22.8
SU004459,female,55,164.6,57.2,meso,maintain,med,non-veg,low,21.1
SU004460,male,21,181.3,73.4,meso,loss,med,non-veg,high,22.3
SU004461,female,60,158,46.5,ecto,maintain,low,non-veg,medium,18.6
SU004462,male,32,162.4,64.2,endo,maintain,high,non-veg,high,24.3
SU004463,female,46,166.1,69.6,endo,maintain,med,non-veg,medium,25.2
SU004464,female,30,159.3,56,meso,maintain,high,veg,medium,22.1
SU004465,female,30,164,67.4,endo,gain,high,non-veg,low,25.1
SU004466,male,42,167.9,60.9,meso,loss,low,non-veg,high,21.6
SU004467,female,24,167.8,73.1,endo,maintain,med,veg,high,26
SU004468,female,42,153.7,50.6,meso,gain,low,veg,high,21.4
SU004469,male,19,168.6,68.7,endo,maintain,low,veg,high,24.2
SU004470,female,20,168,60.4,meso,maintain,med,non-veg,low,21.4
SU004471,female,36,157,50,meso,maintain,med,veg,high,20.3
SU004472,male,26,179,70.6,meso,maintain,med,veg,high,22
SU004473,male,18,183.2,77.8,meso,maintain,med,veg,medium,23.2
SU004474,female,49,163.6,54.4,meso,maintain,med,non-veg,medium,20.3
SU004475,female,37,163.6,50.4,ecto,maintain,low,veg,medium,18.8
SU004476,female,26,160.1,57.2,endo,loss,med,veg,medium,22.3
SU004477,male,34,164.1,56.8,meso,maintain,low,non-veg,medium,21.1
SU004478,male,31,157.1,58.9,endo,loss,med,non-veg,high,23.9
SU004479,male,40,169.4,62.4,meso,maintain,high,veg,low,21.7
SU004480,male,35,161.1,57.3,meso,loss,med,veg,medium,22.1
SU004481,male,48,159.9,52.7,meso,loss,med,non-veg,medium,20.6
SU004482,female,57,154.2,45.6,ecto,gain,med,veg,medium,19.2
SU004483,female,21,166.7,62.1,meso,loss,low,non-veg,medium,22.3
SU004484,male,57,181.1,87.4,endo,loss,med,veg,medium,26.6
SU004485,male,45,177.5,71.1,meso,loss,low,veg,medium,22.6
SU004486,female,38,158.9,52.6,meso,maintain,med,non-veg,medium,20.8
SU004487,female,20,156.8,58.7,endo,gain,med,non-veg,high,23.9
SU004488,female,57,163,59.4,meso,maintain,med,non-veg,low,22.4
SU004489,male,30,173.3,60.2,ecto,loss,low,non-veg,low,20
SU004490,female,18,167.1,64.8,endo,loss,low,non-veg,high,23.2
SU004491,male,19,177.7,76.6,endo,loss,low,non-veg,high,24.3
SU004492,female,59,157.3,47.6,ecto,gain,low,veg,medium,19.2
SU004493,female,30,160.7,54.9,meso,maintain,low,veg,high,21.3
SU004494,male,30,173.9,60.6,ecto,gain,high,non-veg,low,20
SU004495,male,36,158.6,50.8,meso,loss,low,non-veg,medium,20.2
SU004496,female,30,158,53,meso,loss,med,non-veg,low,21.2
SU004497,female,52,169.5,70.4,endo,gain,med,veg,high,24.5
SU004498,male,28,165,56.6,meso,maintain,low,non-veg,low,20.8
SU004499,female,38,156.9,51.9,meso,loss,low,non-veg,low,21.1
SU004500,female,56,161,53.3,meso,maintain,low,veg,low,20.6
SU004501,male,57,186.7,78.4,meso,loss,high,non-veg,medium,22.5
SU004502,female,52,150.4,40.3,ecto,gain,low,non-veg,medium,17.8
SU004503,male,42,169.6,55.9,ecto,gain,low,veg,high,19.4
SU004504,female,21,154.2,49.7,meso,loss,med,non-veg,medium,20.9
SU004505,male,51,158.6,53.5,meso,maintain,med,non-veg,low,21.3
SU004506,male,46,170,56.6,ecto,maintain,med,non-veg,medium,19.6
SU004507,male,39,172.9,70.9,endo,loss,low,non-veg,medium,23.7
SU004508,male,25,181.7,82.5,endo,maintain,med,non-veg,low,25
SU004509,female,33,161.6,49.1,ecto,gain,low,non-veg,low,18.8
SU004510,female,44,170.8,66.3,meso,maintain,low,veg,low,22.7
SU004511,female,34,155.1,52.9,endo,maintain,med,veg,medium,22
SU004512,female,50,163.3,59.3,meso,maintain,high,veg,low,22.2
SU004513,female,27,154,41.6,ecto,gain,med,non-veg,medium,17.5
SU004514,male,44,167,59.2,meso,maintain,low,non-veg,low,21.2
SU004515,male,32,165.8,57.5,meso,loss,med,non-veg,low,20.9
SU004516,male,30,176.1,73.5,endo,maintain,med,non-veg,medium,23.7
SU004517,female,45,157.7,50.5,meso,maintain,med,veg,medium,20.3
SU004518,female,35,161.1,55.8,meso,loss,low,non-veg,low,21.5
SU004519,female,55,159.1,49.1,ecto,maintain,low,veg,medium,19.4
SU004520,female,44,158.8,61.9,endo,loss,high,non-veg,low,24.5
SU004521,male,54,163.1,64.7,endo,maintain,low,veg,low,24.3
SU004522,female,37,167.1,68.1,endo,maintain,low,veg,medium,24.4
SU004523,female,26,158,53.8,meso,gain,high,non-veg,high,21.6
SU004524,female,29,157.2,57.9,endo,gain,low,non-veg,medium,23.4
SU004525,male,21,163.1,59.1,meso,maintain,high,veg,medium,22.2
SU004526,male,20,178.7,72.6,meso,loss,low,non-veg,medium,22.7
SU004527,male,49,162.8,50.3,ecto,maintain,med,veg,medium,19
SU004528,female,44,171.5,70.5,endo,maintain,low,veg,medium,24
SU004529,female,26,158.3,59.1,endo,maintain,med,non-veg,low,23.6
SU004530,female,23,163.6,51.9,ecto,maintain,med,veg,medium,19.4
SU004531,female,39,150.9,43.8,meso,gain,med,non-veg,high,19.2
SU004532,female,38,156.2,47.6,ecto,gain,med,non-veg,high,19.5
SU004533,male,24,167.4,63.7,meso,maintain,high,non-veg,low,22.7
SU004534,female,47,152.9,48.9,meso,gain,low,non-veg,low,20.9
SU004535,female,40,156.6,52.9,meso,loss,med,non-veg,high,21.6
SU004536,female,47,150.9,43.1,ecto,gain,med,non-veg,high,18.9
SU004537,male,60,164.6,68.7,endo,loss,low,non-veg,medium,25.4
SU004538,female,53,152.3,42.7,ecto,maintain,high,non-veg,low,18.4
SU004539,female,26,166.6,55.6,ecto,gain,med,non-veg,medium,20
SU004540,male,36,170.3,63.7,meso,maintain,low,veg,medium,22
SU004541,female,51,148.9,44.7,meso,gain,low,non-veg,medium,20.2
SU004542,male,36,182.5,68.3,ecto,maintain,low,veg,high,20.5
SU004543,male,44,167.9,66.3,endo,gain,low,non-veg,low,23.5
SU004544,female,38,167.6,62.9,meso,loss,med,veg,medium,22.4
SU004545,male,22,181.3,73.2,meso,maintain,med,veg,medium,22.3
SU004546,female,49,173.1,78.7,endo,loss,med,veg,medium,26.3
SU004547,male,41,170.5,75.5,endo,maintain,med,non-veg,high,26
SU004548,male,29,163.6,58.7,meso,gain,low,veg,medium,21.9
SU004549,male,45,167.5,60.7,meso,maintain,low,non-veg,medium,21.6
SU004550,male,46,171.3,65.4,meso,maintain,med,non-veg,medium,22.3
SU004551,female,30,159.5,54.5,meso,maintain,high,non-veg,medium,21.4
SU004552,male,50,174.8,76,endo,maintain,med,non-veg,medium,24.9
SU004553,male,56,165.7,51.3,ecto,gain,med,non-veg,low,18.7
SU004554,female,52,155.2,54.7,endo,loss,high,non-veg,medium,22.7
SU004555,male,22,173.1,72,endo,maintain,med,non-veg,low,24
SU004556,female,22,156,49.7,meso,loss,med,veg,medium,20.4
SU004557,male,19,169.1,70.5,endo,gain,med,veg,medium,24.7
SU004558,female,21,167.7,66.1,endo,gain,med,non-veg,high,23.5
SU004559,male,59,182.2,86.9,endo,maintain,low,non-veg,low,26.2
SU004560,male,28,164.7,56.3,meso,gain,med,non-veg,high,20.8
SU004561,female,36,167.6,60.7,meso,loss,med,non-veg,low,21.6
SU004562,male,40,167.2,52.2,ecto,gain,low,non-veg,medium,18.7
SU004563,female,38,157.3,50.4,meso,maintain,low,veg,high,20.4
SU004564,male,55,180.3,72.8,meso,gain,med,veg,high,22.4
SU004565,female,29,147.6,44.2,meso,maintain,med,non-veg,low,20.3
SU004566,female,60,153.7,44.2,ecto,gain,med,non-veg,low,18.7
SU004567,male,59,166.9,57.9,meso,loss,low,veg,medium,20.8
SU004568,male,23,179,70.1,meso,loss,med,veg,low,21.9
SU004569,female,41,154.6,48.5,meso,loss,high,veg,medium,20.3
SU004570,male,39,175.8,58.6,ecto,gain,low,veg,low,19
SU004571,female,59,152.5,48.5,meso,gain,med,non-veg,medium,20.9
SU004572,female,47,164.2,69.1,endo,loss,med,non-veg,medium,25.6
SU004573,male,39,173.1,57.5,ecto,gain,med,non-veg,high,19.2
SU004574,female,45,156.7,53.8,endo,maintain,low,veg,medium,21.9
SU004575,male,42,174.2,70.2,endo,loss,low,non-veg,high,23.1
SU004576,female,28,171.2,64.9,meso,maintain,low,non-veg,medium,22.1
SU004577,male,55,170.8,54.9,ecto,gain,high,non-veg,medium,18.8
SU004578,female,43,161.6,49.7,ecto,maintain,med,veg,high,19
SU004579,male,35,169.3,55.7,ecto,maintain,med,non-veg,medium,19.4
SU004580,female,44,154.1,48.9,meso,maintain,med,non-veg,medium,20.6
SU004581,female,22,168.9,69.6,endo,maintain,low,non-veg,medium,24.4
SU004582,female,46,161,64.1,endo,maintain,med,non-veg,low,24.7
SU004583,female,51,173.5,64,meso,maintain,med,non-veg,low,21.3
SU004584,male,20,170.9,65.8,meso,maintain,med,non-veg,medium,22.5
SU004585,female,19,161.4,47.8,ecto,gain,high,non-veg,high,18.3
SU004586,male,38,178.4,67.2,meso,loss,med,non-veg,low,21.1
SU004587,male,36,177.4,74.4,endo,loss,med,non-veg,medium,23.6
SU004588,male,44,162.5,64.6,endo,maintain,low,veg,medium,24.5
SU004589,male,41,175.7,80.5,endo,maintain,med,veg,high,26.1
SU004590,male,41,174.2,60.6,ecto,loss,med,non-veg,medium,20
SU004591,female,46,159.2,54.3,meso,maintain,low,non-veg,medium,21.4
SU004592,female,24,170.3,63.6,meso,gain,low,veg,low,21.9
SU004593,male,57,179.9,84.6,endo,maintain,low,non-veg,medium,26.1
SU004594,male,58,174.8,65.9,meso,gain,high,veg,high,21.6
SU004595,female,58,156.6,51.5,meso,loss,med,veg,medium,21
SU004596,male,44,172.7,76,endo,maintain,med,non-veg,low,25.5
SU004597,female,53,150.6,41.4,ecto,gain,high,veg,medium,18.3
SU004598,female,29,161.2,48.8,ecto,gain,low,veg,low,18.8
SU004599,female,23,163,55.6,meso,gain,med,non-veg,low,20.9
SU004600,female,34,164.2,56.9,meso,maintain,low,veg,high,21.1
SU004601,male,29,179.8,79.8,endo,loss,low,non-veg,low,24.7
SU004602,male,27,181,73.1,meso,maintain,med,non-veg,medium,22.3
SU004603,male,45,169.3,60.9,meso,maintain,low,non-veg,medium,21.2
SU004604,male,23,174.9,63.1,ecto,maintain,med,veg,medium,20.6
SU004605,female,24,147.8,45.1,meso,maintain,med,non-veg,low,20.6
SU004606,male,28,168.4,66.6,endo,maintain,low,non-veg,medium,23.5
SU004607,male,47,171.3,62.5,meso,maintain,low,veg,medium,21.3
SU004608,male,31,168.7,61.4,meso,gain,med,non-veg,medium,21.6
SU004609,male,53,167.9,56.2,ecto,gain,low,veg,low,19.9
SU004610,male,37,174.2,78.7,endo,maintain,low,non-veg,low,25.9
SU004611,female,29,163.6,57,meso,maintain,low,non-veg,low,21.3
SU004612,male,58,181,72.1,meso,maintain,high,non-veg,high,22
SU004613,female,40,162.7,54.1,meso,maintain,high,veg,low,20.4
SU004614,female,41,169,71.1,endo,maintain,low,non-veg,high,24.9
SU004615,male,31,178,83.4,endo,maintain,med,non-veg,high,26.3
SU004616,female,31,157.5,52.2,meso,maintain,low,non-veg,high,21
SU004617,male,39,182.7,68.5,ecto,maintain,low,non-veg,medium,20.5
SU004618,male,60,171.7,75,endo,maintain,med,non-veg,medium,25.4
SU004619,female,42,163.1,49.2,ecto,loss,low,veg,medium,18.5
SU004620,male,35,170.5,67.8,endo,maintain,high,non-veg,high,23.3
SU004621,female,25,161.7,51.2,ecto,gain,low,veg,medium,19.6
SU004622,male,56,171.4,66.5,meso,loss,low,veg,medium,22.6
SU004623,male,57,171.9,59.5,ecto,maintain,med,non-veg,medium,20.1
SU004624,female,49,159,57.2,endo,loss,low,veg,medium,22.6
SU004625,female,56,159.4,53.9,meso,maintain,high,non-veg,high,21.2
SU004626,male,26,173.5,60.7,ecto,maintain,low,non-veg,medium,20.2
SU004627,female,19,158,54.4,meso,loss,low,non-veg,medium,21.8
SU004628,female,19,169.7,55.4,ecto,gain,high,non-veg,medium,19.2
SU004629,female,34,162.1,60.2,endo,gain,low,non-veg,medium,22.9
SU004630,female,49,148.7,51.1,endo,loss,low,non-veg,high,23.1
SU004631,male,50,172.6,62,ecto,maintain,low,non-veg,medium,20.8
SU004632,female,39,170.3,67.5,endo,loss,med,non-veg,medium,23.3
SU004633,male,22,164.3,66.7,endo,loss,high,non-veg,medium,24.7
SU004634,male,28,166.5,62.9,endo,loss,med,non-veg,medium,22.7
SU004635,male,24,175.7,59.6,ecto,maintain,med,veg,high,19.3
SU004636,female,51,160.4,56.1,meso,loss,low,veg,medium,21.8
SU004637,male,19,175,76.5,endo,maintain,low,veg,high,25
SU004638,male,54,177.2,71.8,meso,maintain,low,veg,high,22.9
SU004639,male,38,170.9,55.6,ecto,gain,med,non-veg,low,19
SU004640,male,29,171.7,55.4,ecto,gain,med,non-veg,high,18.8
SU004641,male,22,174.9,74.9,endo,gain,med,non-veg,medium,24.5
SU004642,female,27,156.7,54,endo,maintain,low,non-veg,medium,22
SU004643,male,45,169.4,60.6,meso,loss,high,non-veg,high,21.1
SU004644,female,29,163.6,59.1,meso,maintain,low,veg,medium,22.1
SU004645,male,49,171.3,55.9,ecto,gain,high,non-veg,low,19.1
SU004646,male,55,166.6,61.9,meso,maintain,low,non-veg,high,22.3
SU004647,male,36,167.5,67.7,endo,maintain,med,veg,high,24.1
SU004648,male,54,179.2,67.4,ecto,maintain,med,veg,high,21
SU004649,female,30,159.6,48.5,ecto,maintain,low,veg,medium,19
SU004650,male,42,170.6,61.9,meso,loss,low,non-veg,medium,21.3
SU004651,female,41,161.5,49.1,ecto,gain,high,veg,medium,18.8
SU004652,female,42,147.1,45.2,endo,maintain,low,veg,low,20.9
SU004653,male,26,165.9,54,ecto,gain,low,non-veg,medium,19.6
SU004654,male,56,167.6,53.8,ecto,gain,med,veg,medium,19.2
SU004655,male,42,171.5,71.3,endo,loss,med,non-veg,high,24.2
SU004656,male,58,174.6,76.6,endo,maintain,med,veg,low,25.1
SU004657,female,52,145,42.5,endo,gain,high,non-veg,high,20.2
SU004658,female,53,160.1,63.1,endo,maintain,low,veg,low,24.6
SU004659,female,49,158.4,53.8,meso,loss,low,veg,high,21.4
SU004660,female,36,150.7,45,meso,gain,low,veg,medium,19.8
SU004661,male,21,167.6,52.9,ecto,maintain,med,veg,medium,18.8
SU004662,female,26,157.5,59.2,endo,loss,med,non-veg,low,23.9
SU004663,male,54,179,72.3,meso,maintain,low,veg,medium,22.6
SU004664,male,30,178.3,70,meso,loss,med,veg,low,22
SU004665,female,28,163.7,57.1,meso,loss,high,veg,medium,21.3
SU004666,male,52,181.2,64.8,ecto,gain,med,veg,low,19.7
SU004667,male,42,164.7,52.7,ecto,gain,high,non-veg,medium,19.4
SU004668,male,31,169.7,66.8,endo,maintain,med,non-veg,medium,23.2
SU004669,male,55,173.4,68.3,meso,maintain,med,non-veg,high,22.7
SU004670,female,35,161.6,55.2,meso,maintain,high,non-veg,medium,21.1
SU004671,female,28,159.9,55.9,meso,gain,low,veg,medium,21.9
SU004672,female,33,157.6,57.2,endo,gain,high,non-veg,medium,23
SU004673,male,50,172.3,63.3,meso,maintain,low,non-veg,medium,21.3
SU004674,male,38,169.2,63.3,meso,maintain,low,veg,high,22.1
SU004675,female,39,165.6,66.7,endo,maintain,low,non-veg,low,24.3
SU004676,male,51,163,66.8,endo,maintain,high,non-veg,high,25.1
SU004677,male,45,173.6,68.9,meso,maintain,high,non-veg,medium,22.9
SU004678,male,45,168,62.4,meso,loss,med,non-veg,low,22.1
SU004679,male,19,177.5,69.6,meso,gain,high,non-veg,medium,22.1
SU004680,female,40,161.2,66,endo,loss,low,non-veg,medium,25.4
SU004681,female,33,159,54.1,meso,maintain,med,non-veg,medium,21.4
SU004682,female,44,162.8,54.6,meso,maintain,med,non-veg,medium,20.6
SU004683,female,32,161.4,48,ecto,gain,med,veg,medium,18.4
SU004684,male,54,182,75.1,meso,gain,low,non-veg,high,22.7
SU004685,female,22,148.3,41.9,meso,gain,low,veg,medium,19.1
SU004686,female,42,158.6,55.7,endo,maintain,med,non-veg,high,22.1
SU004687,male,55,176.2,60,ecto,maintain,med,veg,medium,19.3
SU004688,male,47,167.3,57.5,ecto,loss,low,veg,low,20.5
SU004689,male,30,172,62.4,meso,loss,med,non-veg,high,21.1
SU004690,female,47,156.7,50.8,meso,maintain,high,veg,low,20.7
SU004691,male,40,173.7,65,meso,gain,low,non-veg,high,21.5
SU004692,male,22,166,57.5,meso,maintain,med,non-veg,medium,20.9
SU004693,female,58,156.6,49.4,meso,loss,low,non-veg,medium,20.1
SU004694,female,48,157.4,51.3,meso,maintain,high,veg,medium,20.7
SU004695,male,34,169.7,74.8,endo,maintain,med,non-veg,high,26
SU004696,male,53,167.7,62.1,meso,loss,low,veg,low,22.1
SU004697,female,31,160.9,58.3,endo,maintain,med,veg,medium,22.5
SU004698,male,27,174.5,66,meso,maintain,low,non-veg,low,21.7
SU004699,male,59,176.3,68.1,meso,maintain,med,veg,low,21.9
SU004700,female,30,162.4,58.3,meso,gain,high,non-veg,low,22.1
SU004701,female,59,160.5,46.7,ecto,maintain,med,non-veg,high,18.1
SU004702,male,60,169.3,65,meso,loss,med,non-veg,low,22.7
SU004703,female,49,168.7,57.2,ecto,maintain,low,veg,medium,20.1
SU004704,male,27,176.3,68,meso,maintain,low,non-veg,medium,21.9
SU004705,female,51,165.8,56.7,meso,maintain,low,non-veg,low,20.6
SU004706,male,46,175.6,69,meso,loss,low,non-veg,medium,22.4
SU004707,male,53,167.6,66.4,endo,maintain,high,non-veg,high,23.6
SU004708,male,55,166.2,57.5,meso,gain,high,non-veg,medium,20.8
SU004709,male,20,173.6,65.8,meso,gain,med,non-veg,medium,21.8
SU004710,male,32,170,66.8,endo,maintain,high,non-veg,medium,23.1
SU004711,female,49,167.3,51.5,ecto,maintain,low,non-veg,low,18.4
SU004712,male,28,182.2,66.9,ecto,maintain,med,non-veg,low,20.2
SU004713,female,43,158,49.2,ecto,gain,high,non-veg,high,19.7
SU004714,male,46,173,63.7,meso,gain,med,non-veg,high,21.3
SU004715,female,58,165.4,52.8,ecto,maintain,low,non-veg,high,19.3
SU004716,female,55,161.7,57.9,meso,loss,med,non-veg,medium,22.1
SU004717,male,48,175.1,65.7,meso,maintain,high,non-veg,low,21.4
SU004718,female,49,156.3,60.6,endo,maintain,med,veg,medium,24.8
SU004719,female,22,161.8,55.8,meso,maintain,med,non-veg,high,21.3
SU004720,male,30,176.7,75.2,endo,maintain,high,non-veg,medium,24.1
SU004721,male,40,182.9,80.3,endo,maintain,med,non-veg,low,24
SU004722,male,43,171,71.1,endo,maintain,med,non-veg,medium,24.3
SU004723,female,18,164.1,50.5,ecto,gain,med,non-veg,high,18.8
SU004724,female,57,160.8,60.1,endo,gain,med,veg,high,23.2
SU004725,male,51,172.4,65.1,meso,maintain,high,non-veg,medium,21.9
SU004726,male,57,171.8,68.1,endo,maintain,med,veg,medium,23.1
SU004727,female,55,154.6,43.6,ecto,gain,med,veg,high,18.2
SU004728,female,31,163.7,58.3,meso,maintain,med,non-veg,medium,21.8
SU004729,male,39,174.4,68.7,meso,maintain,high,veg,medium,22.6
SU004730,male,21,181.2,72.2,meso,loss,low,veg,medium,22
SU004731,male,60,173.2,64.5,meso,maintain,high,non-veg,medium,21.5
SU004732,female,55,156.6,47.9,ecto,gain,low,veg,high,19.5
SU004733,female,39,167.6,59.4,meso,gain,high,non-veg,medium,21.1
SU004734,female,19,160.8,55.4,meso,maintain,low,non-veg,low,21.4
SU004735,female,55,170.1,60.7,meso,maintain,med,non-veg,high,21
SU004736,female,51,155.8,49.8,meso,loss,low,veg,low,20.5
SU004737,female,51,165.6,57.5,meso,maintain,low,veg,high,21
SU004738,male,28,177.3,63.3,ecto,maintain,med,non-veg,high,20.1
SU004739,female,31,158.2,57.5,endo,maintain,low,veg,high,23
SU004740,male,20,183.5,77.1,meso,maintain,low,non-veg,high,22.9
SU004741,male,21,168.1,62.5,meso,maintain,low,non-veg,medium,22.1
SU004742,female,24,159.3,59.7,endo,gain,low,veg,medium,23.5
SU004743,female,56,170.2,61.8,meso,maintain,med,non-veg,low,21.3
SU004744,female,31,170.7,63.3,meso,gain,med,non-veg,medium,21.7
SU004745,male,19,176.9,81.8,endo,maintain,low,veg,low,26.1
SU004746,female,31,168,60.9,meso,maintain,med,veg,high,21.6
SU004747,male,33,165.6,62,meso,maintain,med,veg,medium,22.6
SU004748,male,51,175.2,81.1,endo,maintain,med,veg,high,26.4
SU004749,male,38,176.6,67.5,meso,maintain,med,non-veg,medium,21.6
SU004750,male,47,173.6,57.3,ecto,gain,low,veg,medium,19
SU004751,male,21,159.1,53,meso,gain,low,non-veg,low,20.9
SU004752,male,57,174,60.3,ecto,gain,low,non-veg,low,19.9
SU004753,male,32,171.5,65.3,meso,maintain,med,non-veg,medium,22.2
SU004754,female,48,159,51.4,meso,maintain,high,non-veg,low,20.3
SU004755,male,56,179.2,74.9,meso,maintain,high,non-veg,high,23.3
SU004756,female,43,148.2,46,endo,maintain,low,non-veg,high,20.9
SU004757,female,44,156.4,49.4,meso,maintain,med,non-veg,medium,20.2
SU004758,male,52,174.5,59.7,ecto,maintain,low,veg,high,19.6
SU004759,female,37,158.8,45.2,ecto,maintain,low,non-veg,high,17.9
SU004760,female,37,166.8,54.5,ecto,maintain,high,veg,medium,19.6
SU004761,male,26,165.3,54.1,ecto,gain,med,veg,high,19.8
SU004762,male,34,162.5,64.7,endo,loss,low,veg,low,24.5
SU004763,male,40,166.9,53.7,ecto,loss,med,veg,medium,19.3
SU004764,male,56,175.7,58.8,ecto,maintain,low,veg,high,19
SU004765,female,25,158.9,59,endo,maintain,med,veg,medium,23.4
SU004766,male,59,168.8,72.9,endo,maintain,med,non-veg,high,25.6
SU004767,male,33,170.7,54.7,ecto,maintain,high,non-veg,high,18.8
SU004768,female,46,163.2,57.9,meso,loss,med,non-veg,high,21.7
SU004769,female,21,157,53.6,meso,gain,low,veg,low,21.7
SU004770,male,60,180,65.8,ecto,maintain,med,non-veg,low,20.3
SU004771,female,36,161.9,54.5,meso,gain,low,non-veg,high,20.8
SU004772,female,29,170,65.7,meso,maintain,low,veg,high,22.7
SU004773,male,50,169.9,74.3,endo,maintain,low,veg,low,25.7
SU004774,male,39,175.6,68.2,meso,gain,high,non-veg,high,22.1
SU004775,male,49,178.9,74.3,meso,maintain,med,non-veg,low,23.2
SU004776,female,22,158.1,45.9,ecto,maintain,med,non-veg,medium,18.4
SU004777,female,19,159.3,54.3,meso,maintain,high,non-veg,low,21.4
SU004778,female,44,170.1,64.1,meso,maintain,low,veg,medium,22.2
SU004779,male,24,173.3,64.8,meso,maintain,med,veg,medium,21.6
SU004780,male,25,178.3,71.2,meso,maintain,low,veg,high,22.4
SU004781,male,53,182.4,68.5,ecto,loss,low,non-veg,low,20.6
SU004782,female,21,159.3,58.8,endo,loss,med,veg,high,23.2
SU004783,male,20,181.4,63.4,ecto,maintain,low,non-veg,medium,19.3
SU004784,male,39,168.7,64.5,meso,gain,med,non-veg,medium,22.7
SU004785,male,50,178.7,68.8,meso,gain,med,non-veg,medium,21.5
SU004786,male,56,168.5,56,ecto,maintain,med,veg,low,19.7
SU004787,female,46,161,56.8,meso,maintain,med,veg,high,21.9
SU004788,male,50,171.6,55.2,ecto,gain,med,veg,medium,18.7
SU004789,female,41,151.2,47,meso,loss,med,non-veg,medium,20.6
SU004790,female,36,166,58.7,meso,maintain,med,non-veg,medium,21.3
SU004791,male,28,167.9,60.1,meso,maintain,high,non-veg,medium,21.3
SU004792,male,60,177.2,59.9,ecto,maintain,med,non-veg,medium,19.1
SU004793,male,47,171.5,72.3,endo,maintain,low,veg,medium,24.6
SU004794,male,20,179.4,62.7,ecto,gain,med,veg,high,19.5
SU004795,male,58,172,55.5,ecto,maintain,med,non-veg,medium,18.8
SU004796,male,43,171.8,66.2,meso,maintain,low,non-veg,medium,22.4
SU004797,female,26,154.6,55.2,endo,gain,low,non-veg,high,23.1
SU004798,female,54,163.2,54,ecto,maintain,low,veg,medium,20.3
SU004799,male,24,170.6,70.4,endo,maintain,high,non-veg,low,24.2
SU004800,male,29,170.1,58.9,ecto,maintain,low,non-veg,low,20.4
SU004801,male,42,170.7,69.7,endo,maintain,med,veg,high,23.9
SU004802,male,24,171.6,63.7,meso,maintain,low,veg,high,21.6
SU004803,female,48,151.7,41.9,ecto,gain,med,non-veg,low,18.2
SU004804,male,22,174.4,62.4,ecto,loss,med,veg,medium,20.5
SU004805,female,48,162.1,53.5,meso,maintain,high,non-veg,low,20.4
SU004806,female,35,161.6,56.2,meso,maintain,high,non-veg,medium,21.5
SU004807,female,46,151.6,45.6,meso,gain,high,non-veg,low,19.8
SU004808,female,49,151.2,52.5,endo,maintain,high,non-veg,low,23
SU004809,male,48,172.4,61.9,meso,maintain,med,non-veg,medium,20.8
SU004810,male,30,173.7,57.6,ecto,gain,low,veg,high,19.1
SU004811,male,18,171.6,60,ecto,maintain,med,non-veg,medium,20.4
SU004812,female,36,165.5,64.9,endo,loss,low,non-veg,medium,23.7
SU004813,male,58,181.1,63.3,ecto,maintain,low,non-veg,medium,19.3
SU004814,male,33,177.8,81.3,endo,maintain,med,non-veg,high,25.7
SU004815,male,52,180.1,81.1,endo,maintain,med,non-veg,medium,25
SU004816,male,21,178.4,70.5,meso,loss,low,non-veg,medium,22.2
SU004817,male,46,184.5,71.2,ecto,gain,med,veg,medium,20.9
SU004818,female,45,150.9,54.5,endo,maintain,high,veg,medium,23.9
SU004819,female,25,152.7,41.6,ecto,gain,med,veg,medium,17.8
SU004820,female,24,164.6,51.2,ecto,gain,high,veg,medium,18.9
SU004821,female,30,146.8,42.3,meso,gain,low,veg,low,19.6
SU004822,female,48,163.5,63.3,endo,gain,low,non-veg,medium,23.7
SU004823,male,32,171.9,63.2,meso,maintain,high,non-veg,medium,21.4
SU004824,female,59,158.5,58.1,endo,gain,med,non-veg,high,23.1
SU004825,male,57,173.3,64.7,meso,gain,med,non-veg,high,21.5
SU004826,male,39,173.6,69.3,meso,maintain,med,non-veg,medium,23
SU004827,female,58,162.6,65.6,endo,maintain,low,non-veg,high,24.8
SU004828,male,45,173.7,61,ecto,maintain,med,non-veg,medium,20.2
SU004829,male,60,166.6,63.6,endo,maintain,high,veg,high,22.9
SU004830,female,30,158.8,47.8,ecto,gain,med,non-veg,medium,19
SU004831,female,46,155,50.5,meso,loss,high,non-veg,low,21
SU004832,female,47,160.4,53,meso,maintain,low,non-veg,high,20.6
SU004833,female,49,160.4,54.3,meso,maintain,med,veg,medium,21.1
SU004834,male,55,177.1,79,endo,maintain,low,non-veg,medium,25.2
SU004835,female,34,160.8,57,meso,maintain,low,veg,medium,22
SU004836,male,26,174.7,70.5,meso,loss,high,non-veg,medium,23.1
SU004837,male,34,170.7,70.9,endo,maintain,med,non-veg,high,24.3
SU004838,male,37,189.7,82.8,meso,maintain,med,non-veg,medium,23
SU004839,male,22,167.3,59.4,meso,maintain,low,veg,medium,21.2
SU004840,female,19,153,49.1,meso,maintain,high,veg,low,21
SU004841,female,51,157.1,58.1,endo,loss,med,non-veg,medium,23.5
SU004842,male,47,171.7,65.2,meso,maintain,med,non-veg,low,22.1
SU004843,male,34,166.2,56.7,meso,loss,low,non-veg,high,20.5
SU004844,female,33,158.6,52.3,meso,maintain,med,non-veg,medium,20.8
SU004845,male,24,169.2,64.6,meso,maintain,med,veg,medium,22.6
SU004846,male,58,182,68.7,ecto,maintain,med,non-veg,low,20.7
SU004847,female,53,156.8,57.1,endo,maintain,med,non-veg,low,23.2
SU004848,male,38,172.5,65.9,meso,maintain,med,veg,high,22.1
SU004849,male,46,172.3,56.6,ecto,gain,med,non-veg,medium,19.1
SU004850,male,28,171.8,65.3,meso,maintain,low,non-veg,high,22.1
SU004851,female,53,155.4,51.4,meso,maintain,low,non-veg,low,21.3
SU004852,female,26,162.5,55.3,meso,loss,high,veg,high,20.9
SU004853,female,20,158.5,59.5,endo,maintain,med,non-veg,medium,23.7
SU004854,male,18,169.3,62.7,meso,maintain,low,veg,low,21.9
SU004855,female,51,158.6,54.1,meso,loss,med,non-veg,medium,21.5
SU004856,female,22,158.6,47.8,ecto,maintain,high,veg,high,19
SU004857,male,31,174.8,71.4,endo,gain,med,non-veg,medium,23.4
SU004858,male,55,177,82,endo,maintain,low,veg,high,26.2
SU004859,male,57,173.5,66.5,meso,loss,high,non-veg,medium,22.1
SU004860,male,37,168.9,63.7,meso,maintain,med,non-veg,medium,22.3
SU004861,female,59,152,48,meso,gain,med,non-veg,low,20.8
SU004862,female,41,153.5,57,endo,maintain,med,non-veg,high,24.2
SU004863,female,43,151.9,44.5,meso,maintain,med,non-veg,low,19.3
SU004864,female,41,163.5,50.2,ecto,gain,med,veg,medium,18.8
SU004865,male,57,173,58.9,ecto,gain,med,non-veg,medium,19.7
SU004866,male,35,173.5,66.5,meso,maintain,low,non-veg,high,22.1
SU004867,male,48,165.3,59.3,meso,loss,med,veg,medium,21.7
SU004868,male,54,170.5,75.8,endo,maintain,med,non-veg,high,26.1
SU004869,male,49,169,64,meso,loss,high,non-veg,medium,22.4
SU004870,female,36,155.2,55.5,endo,maintain,high,non-veg,high,23
SU004871,male,39,167.4,61.9,meso,maintain,high,non-veg,medium,22.1
SU004872,female,56,154.7,47.3,meso,gain,low,veg,medium,19.8
SU004873,female,27,158.5,44.9,ecto,maintain,low,non-veg,high,17.9
SU004874,female,25,166.7,57.9,meso,maintain,low,non-veg,medium,20.8
SU004875,female,21,169.2,62.4,meso,maintain,med,non-veg,medium,21.8
SU004876,female,42,153.1,41.7,ecto,gain,high,veg,medium,17.8
SU004877,male,57,174.2,61,ecto,maintain,med,veg,high,20.1
SU004878,male,50,168,53,ecto,maintain,low,non-veg,low,18.8
SU004879,female,54,168.7,63.5,meso,maintain,low,veg,high,22.3
SU004880,female,42,143.3,40,meso,gain,med,non-veg,medium,19.5
SU004881,female,42,146.9,47.5,endo,maintain,med,non-veg,medium,22
SU004882,female,37,171.6,68.2,endo,maintain,med,veg,low,23.2
SU004883,female,43,156,50.8,meso,maintain,low,veg,medium,20.9
SU004884,female,36,156.2,49.9,meso,maintain,low,veg,medium,20.5
SU004885,female,31,153,53.8,endo,maintain,med,non-veg,high,23
SU004886,male,30,162.6,55.4,meso,maintain,med,non-veg,medium,21
SU004887,male,29,175.1,64.7,meso,maintain,high,non-veg,low,21.1
SU004888,female,47,158.6,53.7,meso,maintain,low,veg,low,21.3
SU004889,female,36,159.7,61.2,endo,maintain,low,veg,medium,24
SU004890,male,46,171.7,56.6,ecto,maintain,low,non-veg,medium,19.2
SU004891,male,58,163.7,56.9,meso,maintain,med,non-veg,medium,21.2
SU004892,male,51,167.3,59.5,meso,maintain,high,non-veg,high,21.3
SU004893,female,30,168.4,57.5,ecto,maintain,med,non-veg,low,20.3
SU004894,male,38,175.8,60.2,ecto,gain,low,non-veg,low,19.5
SU004895,female,21,158.3,46.5,ecto,gain,med,non-veg,high,18.6
SU004896,female,45,165.1,56.7,meso,maintain,med,non-veg,low,20.8
SU004897,male,20,162.9,55.7,meso,gain,low,non-veg,low,21
SU004898,male,28,170.8,65.1,meso,loss,med,non-veg,medium,22.3
SU004899,female,51,146.6,40,ecto,gain,med,veg,medium,18.6
SU004900,female,35,160,57.7,endo,maintain,low,non-veg,medium,22.5
SU004901,male,26,162,53.7,meso,maintain,low,veg,medium,20.5
SU004902,male,42,160.8,48.1,ecto,maintain,med,non-veg,low,18.6
SU004903,female,44,164,53.2,ecto,maintain,med,non-veg,high,19.8
SU004904,male,43,171.2,61.2,meso,loss,med,non-veg,high,20.9
SU004905,male,24,176.2,67.5,meso,gain,med,veg,medium,21.7
SU004906,female,26,158.8,51.7,meso,maintain,med,non-veg,medium,20.5
SU004907,female,52,168.1,60.3,meso,maintain,med,non-veg,high,21.3
SU004908,male,28,155.3,46.3,ecto,gain,high,non-veg,high,19.2
SU004909,male,43,177.7,79,endo,maintain,high,non-veg,medium,25
SU004910,female,41,160.2,57.1,endo,maintain,low,veg,medium,22.2
SU004911,male,32,170.2,64.9,meso,maintain,high,non-veg,medium,22.4
SU004912,male,57,170.8,64.1,meso,loss,med,non-veg,medium,22
SU004913,female,41,160.4,55,meso,maintain,high,non-veg,high,21.4
SU004914,male,43,171.7,63,meso,gain,low,non-veg,low,21.4
SU004915,female,19,162.9,50,ecto,gain,high,veg,medium,18.8
SU004916,male,59,167.3,62.8,meso,maintain,med,non-veg,medium,22.4
SU004917,male,28,176.1,58.7,ecto,maintain,low,veg,low,18.9
SU004918,male,45,173.7,72.1,endo,maintain,med,non-veg,high,23.9
SU004919,female,55,163.4,48.8,ecto,gain,med,non-veg,high,18.3
SU004920,female,24,159.6,50.2,ecto,gain,low,veg,medium,19.7
SU004921,male,35,171,59,ecto,loss,med,non-veg,high,20.2
SU004922,female,33,163.2,48.4,ecto,maintain,low,veg,high,18.2
SU004923,male,46,171.6,61.6,meso,maintain,med,non-veg,medium,20.9
SU004924,female,54,164.4,52.8,ecto,gain,high,veg,high,19.5
SU004925,male,58,171.4,71.4,endo,maintain,high,veg,medium,24.3
SU004926,female,36,152.8,43.2,ecto,gain,med,non-veg,high,18.5
SU004927,female,31,158.9,50.7,meso,loss,high,veg,low,20.1
SU004928,male,42,170.7,60.2,ecto,maintain,med,veg,low,20.7
SU004929,male,44,173.3,58.2,ecto,gain,med,non-veg,low,19.4
SU004930,female,46,163.1,62.2,endo,gain,low,non-veg,low,23.4
SU004931,male,22,175.9,59.6,ecto,gain,low,veg,low,19.3
SU004932,male,30,178.2,69.3,meso,gain,high,veg,low,21.8
SU004933,female,27,169.7,59.8,meso,maintain,low,non-veg,high,20.8
SU004934,male,35,166.6,54.5,ecto,maintain,low,veg,low,19.6
SU004935,female,42,161.7,57.8,meso,maintain,low,non-veg,medium,22.1
SU004936,female,20,169.2,54.1,ecto,gain,high,non-veg,medium,18.9
SU004937,female,35,164.8,54.6,ecto,loss,high,non-veg,medium,20.1
SU004938,female,50,148.5,45.4,meso,gain,med,non-veg,low,20.6
SU004939,male,39,166.7,53.1,ecto,gain,low,non-veg,medium,19.1
SU004940,male,40,169.9,72.4,endo,loss,med,veg,high,25.1
SU004941,female,18,162.8,55.3,meso,maintain,high,veg,medium,20.9
SU004942,female,47,153.5,47,meso,maintain,med,veg,medium,19.9
SU004943,female,59,152,45.1,meso,gain,med,non-veg,high,19.5
SU004944,male,29,168.2,62.2,meso,maintain,low,non-veg,high,22
SU004945,male,25,171.7,63.3,meso,loss,low,non-veg,medium,21.5
SU004946,female,60,156.3,51.4,meso,maintain,med,non-veg,low,21
SU004947,female,21,163.4,55.2,meso,maintain,med,veg,low,20.7
SU004948,female,30,170.6,73.6,endo,loss,low,non-veg,medium,25.3
SU004949,female,58,153.6,44.7,ecto,gain,high,veg,low,18.9
SU004950,female,22,149,42.4,meso,gain,high,non-veg,low,19.1
SU004951,female,44,159.6,56.2,meso,loss,med,veg,high,22.1
SU004952,male,28,167.6,69.2,endo,maintain,low,non-veg,medium,24.6
SU004953,female,21,163.2,59.4,meso,loss,med,non-veg,medium,22.3
SU004954,female,60,165.3,56.2,meso,loss,med,veg,low,20.6
SU004955,male,36,165.3,70,endo,loss,high,non-veg,low,25.6
SU004956,female,37,165.4,56.3,meso,loss,med,veg,medium,20.6
SU004957,male,46,169.9,59.8,ecto,maintain,low,veg,high,20.7
SU004958,male,19,179.5,68.9,meso,loss,med,veg,medium,21.4
SU004959,male,60,165.9,64.2,endo,maintain,med,veg,low,23.3
SU004960,female,53,168.6,64.6,meso,maintain,med,veg,medium,22.7
SU004961,male,35,165.6,50.9,ecto,gain,med,veg,low,18.6
SU004962,female,48,164.4,51.5,ecto,maintain,low,veg,low,19.1
SU004963,female,25,157.3,44.9,ecto,maintain,high,non-veg,high,18.1
SU004964,male,34,172.5,57.6,ecto,gain,med,non-veg,medium,19.4
SU004965,female,29,152.9,50.6,endo,loss,low,veg,medium,21.6
SU004966,female,27,160.1,55.8,meso,maintain,low,non-veg,medium,21.8
SU004967,female,19,152.8,46.6,meso,gain,med,non-veg,high,20
SU004968,male,44,175.5,62.2,ecto,maintain,med,non-veg,medium,20.2
SU004969,male,55,182.2,84.5,endo,maintain,high,non-veg,medium,25.5
SU004970,male,57,176,69.5,meso,maintain,med,non-veg,medium,22.4
SU004971,male,51,169,60.6,meso,loss,high,veg,low,21.2
SU004972,female,34,148.4,43.1,meso,maintain,low,veg,low,19.6
SU004973,male,48,166.9,52.9,ecto,maintain,high,non-veg,medium,19
SU004974,male,20,176,65.9,meso,gain,high,veg,medium,21.3
SU004975,male,35,163.2,50.9,ecto,gain,med,non-veg,medium,19.1
SU004976,male,49,171.1,57.6,ecto,gain,med,veg,high,19.7
SU004977,female,23,164.6,58.6,meso,loss,high,veg,high,21.6
SU004978,male,60,175.2,61.9,ecto,loss,med,veg,high,20.2
SU004979,female,27,151.5,45.9,meso,gain,high,non-veg,medium,20
SU004980,female,55,167.8,61.4,meso,loss,low,veg,high,21.8
SU004981,male,57,178,63,ecto,gain,med,non-veg,medium,19.9
SU004982,male,51,172,65.4,meso,gain,high,veg,high,22.1
SU004983,male,43,173.4,62.9,meso,maintain,med,non-veg,medium,20.9
SU004984,male,39,166.7,63.4,endo,maintain,low,non-veg,medium,22.8
SU004985,male,41,162.2,49.7,ecto,gain,med,non-veg,high,18.9
SU004986,female,37,173.2,77.5,endo,maintain,med,non-veg,high,25.8
SU004987,female,22,160.1,56.6,meso,maintain,med,non-veg,medium,22.1
SU004988,male,55,164,50.8,ecto,gain,med,veg,high,18.9
SU004989,male,44,178.2,68.8,meso,maintain,low,veg,low,21.7
SU004990,male,25,169.8,72.5,endo,maintain,med,veg,low,25.1
SU004991,male,35,175.8,61,ecto,gain,med,non-veg,low,19.7
SU004992,male,29,168.2,60.7,meso,gain,low,non-veg,high,21.5
SU004993,male,31,177,68.4,meso,loss,low,non-veg,high,21.8
SU004994,female,22,155.4,56.1,endo,loss,low,non-veg,high,23.2
SU004995,male,49,172.7,57,ecto,gain,low,veg,medium,19.1
SU004996,male,25,162.5,48.7,ecto,maintain,med,non-veg,low,18.4
SU004997,male,43,164.7,54.2,ecto,maintain,med,veg,medium,20
SU004998,female,43,160.5,47.7,ecto,gain,low,non-veg,medium,18.5
SU004999,female,32,158.1,62.4,endo,loss,low,non-veg,high,25
SU005000,male,47,173.4,65,meso,maintain,high,veg,low,21.6
